{
  "type": "FeatureCollection",
  "crs": {
    "type": "name",
    "properties": {
      "name": "urn:ogc:def:crs:OGC:1.3:CRS84"
    }
  },
  "features": [
    {
      "type": "Feature",
      "properties": {
        "area": 0.06,
        "crop": "Bitter gourd"
      },
      "geometry": {
        "type": "Polygon",
        "coordinates": [
          [
            [
              73.79816943510477,
              20.213909209383818
            ],
            [
              73.79819089597488,
              20.213783391615426
            ],
            [
              73.79830893076058,
              20.213798489753007
            ],
            [
              73.79831966119565,
              20.213909209383818
            ],
            [
              73.79816943510477,
              20.213909209383818
            ]
          ]
        ]
      }
    },
    {
      "type": "Feature",
      "properties": {
        "area": 0.12,
        "crop": "Groundnut"
      },
      "geometry": {
        "type": "Polygon",
        "coordinates": [
          [
            [
              73.79623259157589,
              20.213909209383818
            ],
            [
              73.7964901220174,
              20.213909209383818
            ],
            [
              73.79651694810505,
              20.213798489753007
            ],
            [
              73.79625405244602,
              20.213793457040634
            ],
            [
              73.79623259157589,
              20.213909209383818
            ]
          ]
        ]
      }
    },
    {
      "type": "Feature",
      "properties": {
        "area": 0.14,
        "crop": "Bitter gourd"
      },
      "geometry": {
        "type": "Polygon",
        "coordinates": [
          [
            [
              73.79652231332258,
              20.213909209383818
            ],
            [
              73.79656523506281,
              20.213783391615426
            ],
            [
              73.7968174002868,
              20.21377835890257
            ],
            [
              73.79683349593941,
              20.213909209383818
            ],
            [
              73.79652231332258,
              20.213909209383818
            ]
          ]
        ]
      }
    },
    {
      "type": "Feature",
      "properties": {
        "area": 0.31,
        "crop": "Jowar(Sorghum)"
      },
      "geometry": {
        "type": "Polygon",
        "coordinates": [
          [
            [
              73.79831966119565,
              20.213909209383818
            ],
            [
              73.79901177425722,
              20.213909209383818
            ],
            [
              73.79901177425722,
              20.21385384957826
            ],
            [
              73.79848598293911,
              20.213773326189557
            ],
            [
              73.79831966119565,
              20.213909209383818
            ]
          ]
        ]
      }
    },
    {
      "type": "Feature",
      "properties": {
        "area": 0.28,
        "crop": "Castor Seed"
      },
      "geometry": {
        "type": "Polygon",
        "coordinates": [
          [
            [
              73.79739684378023,
              20.213909209383818
            ],
            [
              73.79794946118598,
              20.213909209383818
            ],
            [
              73.79794946118598,
              20.213894111256998
            ],
            [
              73.79790117422819,
              20.21374312990805
            ],
            [
              73.79760608726396,
              20.21374312990805
            ],
            [
              73.79740757421528,
              20.21375822804953
            ],
            [
              73.79739684378023,
              20.213909209383818
            ]
          ]
        ]
      }
    },
    {
      "type": "Feature",
      "properties": {
        "area": 0.2,
        "crop": "Beans"
      },
      "geometry": {
        "type": "Polygon",
        "coordinates": [
          [
            [
              73.80348100046098,
              20.213909209383818
            ],
            [
              73.80349173089604,
              20.21377835890257
            ],
            [
              73.80383510481805,
              20.213722999050464
            ],
            [
              73.80383510481805,
              20.213909209383818
            ],
            [
              73.80348100046098,
              20.213909209383818
            ]
          ]
        ]
      }
    },
    {
      "type": "Feature",
      "properties": {
        "area": 0.34,
        "crop": "Wheat"
      },
      "geometry": {
        "type": "Polygon",
        "coordinates": [
          [
            [
              73.79904396556239,
              20.213909209383818
            ],
            [
              73.79976826992915,
              20.213909209383818
            ],
            [
              73.79976826992915,
              20.213894111256998
            ],
            [
              73.79912444382538,
              20.213707900905554
            ],
            [
              73.79904396556239,
              20.213909209383818
            ]
          ]
        ]
      }
    },
    {
      "type": "Feature",
      "properties": {
        "area": 0.34,
        "crop": "Rice"
      },
      "geometry": {
        "type": "Polygon",
        "coordinates": [
          [
            [
              73.79683349593941,
              20.213909209383818
            ],
            [
              73.79738074812762,
              20.213909209383818
            ],
            [
              73.7973592872575,
              20.213733064479573
            ],
            [
              73.7968871481147,
              20.213717966335647
            ],
            [
              73.79683349593941,
              20.213909209383818
            ]
          ]
        ]
      }
    },
    {
      "type": "Feature",
      "properties": {
        "area": 0.04,
        "crop": "Water Melon"
      },
      "geometry": {
        "type": "Polygon",
        "coordinates": [
          [
            [
              73.79991313080251,
              20.213793457040634
            ],
            [
              73.80002580037068,
              20.213793457040634
            ],
            [
              73.8000311655882,
              20.213707900905554
            ],
            [
              73.79990776558498,
              20.213707900905554
            ],
            [
              73.79991313080251,
              20.213793457040634
            ]
          ]
        ]
      }
    },
    {
      "type": "Feature",
      "properties": {
        "area": 0.01,
        "crop": "Orange"
      },
      "geometry": {
        "type": "Polygon",
        "coordinates": [
          [
            [
              73.7971715046439,
              20.21374312990805
            ],
            [
              73.79723052203674,
              20.213717966335647
            ],
            [
              73.79723052203674,
              20.213697835474797
            ],
            [
              73.79715004377377,
              20.21369280275919
            ],
            [
              73.7971715046439,
              20.21374312990805
            ]
          ]
        ]
      }
    },
    {
      "type": "Feature",
      "properties": {
        "area": 0.43,
        "crop": "Maize"
      },
      "geometry": {
        "type": "Polygon",
        "coordinates": [
          [
            [
              73.80070181777964,
              20.213909209383818
            ],
            [
              73.80134564388341,
              20.213909209383818
            ],
            [
              73.80134564388341,
              20.213889078547716
            ],
            [
              73.80122224388019,
              20.213657573745287
            ],
            [
              73.80069645256211,
              20.21374816262205
            ],
            [
              73.80070181777964,
              20.213909209383818
            ]
          ]
        ]
      }
    },
    {
      "type": "Feature",
      "properties": {
        "area": 0.01,
        "crop": "Potato"
      },
      "geometry": {
        "type": "Polygon",
        "coordinates": [
          [
            [
              73.79858255685467,
              20.21358711569359
            ],
            [
              73.79859865250728,
              20.213577050255026
            ],
            [
              73.7988561829488,
              20.213577050255026
            ],
            [
              73.79874351338063,
              20.21358711569359
            ],
            [
              73.79858255685467,
              20.21358711569359
            ]
          ]
        ]
      }
    },
    {
      "type": "Feature",
      "properties": {
        "area": 0.02,
        "crop": "Sweet Potato"
      },
      "geometry": {
        "type": "Polygon",
        "coordinates": [
          [
            [
              73.7994356264422,
              20.213597181131497
            ],
            [
              73.79949464383505,
              20.213551886655765
            ],
            [
              73.79945172209479,
              20.213491494000955
            ],
            [
              73.79940880035454,
              20.21353175577343
            ],
            [
              73.7994356264422,
              20.213597181131497
            ]
          ]
        ]
      }
    },
    {
      "type": "Feature",
      "properties": {
        "area": 0.02,
        "crop": "Apple"
      },
      "geometry": {
        "type": "Polygon",
        "coordinates": [
          [
            [
              73.79921028730585,
              20.21361227928714
            ],
            [
              73.79936051339675,
              20.21360221385021
            ],
            [
              73.7993873394844,
              20.213561952095947
            ],
            [
              73.79938197426686,
              20.21346129766475
            ],
            [
              73.79933368730909,
              20.213592148412616
            ],
            [
              73.79886154816633,
              20.213577050255026
            ],
            [
              73.79921028730585,
              20.21361227928714
            ]
          ]
        ]
      }
    },
    {
      "type": "Feature",
      "properties": {
        "area": 0.07,
        "crop": "Mango"
      },
      "geometry": {
        "type": "Polygon",
        "coordinates": [
          [
            [
              73.79823381771516,
              20.213622344723426
            ],
            [
              73.79833575684822,
              20.21360221385021
            ],
            [
              73.79829283510799,
              20.21344116677069
            ],
            [
              73.79817480032229,
              20.213476395833585
            ],
            [
              73.79823381771516,
              20.213622344723426
            ]
          ]
        ]
      }
    },
    {
      "type": "Feature",
      "properties": {
        "area": 0.0,
        "crop": "Lime"
      },
      "geometry": {
        "type": "Polygon",
        "coordinates": [
          [
            [
              73.79937124383183,
              20.21346129766475
            ],
            [
              73.79937124383183,
              20.21344116677069
            ],
            [
              73.79937660904938,
              20.21344116677069
            ],
            [
              73.79937660904938,
              20.21346129766475
            ],
            [
              73.79937124383183,
              20.21346129766475
            ]
          ]
        ]
      }
    },
    {
      "type": "Feature",
      "properties": {
        "area": 0.1,
        "crop": "Beetroot"
      },
      "geometry": {
        "type": "Polygon",
        "coordinates": [
          [
            [
              73.79806749597165,
              20.213632410159057
            ],
            [
              73.79813724379957,
              20.213572017535494
            ],
            [
              73.79811578292944,
              20.21342103587403
            ],
            [
              73.7979709220561,
              20.21346129766475
            ],
            [
              73.79806749597165,
              20.213632410159057
            ]
          ]
        ]
      }
    },
    {
      "type": "Feature",
      "properties": {
        "area": 0.0,
        "crop": "Cauliflower"
      },
      "geometry": {
        "type": "Polygon",
        "coordinates": [
          [
            [
              73.7993658786143,
              20.21344116677069
            ],
            [
              73.79937124383183,
              20.213426068598444
            ],
            [
              73.7993497829617,
              20.21337574134704
            ],
            [
              73.7993497829617,
              20.213400904974776
            ],
            [
              73.7993658786143,
              20.21344116677069
            ]
          ]
        ]
      }
    },
    {
      "type": "Feature",
      "properties": {
        "area": 0.01,
        "crop": "Sweet Potato"
      },
      "geometry": {
        "type": "Polygon",
        "coordinates": [
          [
            [
              73.79844306119888,
              20.21358711569359
            ],
            [
              73.79858255685467,
              20.213577050255026
            ],
            [
              73.79841086989366,
              20.21356698481581
            ],
            [
              73.79833039163071,
              20.213345544988382
            ],
            [
              73.79836794815343,
              20.213526723052443
            ],
            [
              73.79840550467615,
              20.213572017535494
            ],
            [
              73.79844306119888,
              20.21358711569359
            ]
          ]
        ]
      }
    },
    {
      "type": "Feature",
      "properties": {
        "area": 0.0,
        "crop": "Chikoos(Sapota)"
      },
      "geometry": {
        "type": "Polygon",
        "coordinates": [
          [
            [
              73.79934441774415,
              20.21337070862101
            ],
            [
              73.79934441774415,
              20.213345544988382
            ],
            [
              73.7993497829617,
              20.213345544988382
            ],
            [
              73.7993497829617,
              20.21337070862101
            ],
            [
              73.79934441774415,
              20.21337070862101
            ]
          ]
        ]
      }
    },
    {
      "type": "Feature",
      "properties": {
        "area": 0.0,
        "crop": "Guava"
      },
      "geometry": {
        "type": "Polygon",
        "coordinates": [
          [
            [
              73.79832502641318,
              20.213345544988382
            ],
            [
              73.79832502641318,
              20.21333044680685
            ],
            [
              73.79833039163071,
              20.21333044680685
            ],
            [
              73.79833039163071,
              20.213345544988382
            ],
            [
              73.79832502641318,
              20.213345544988382
            ]
          ]
        ]
      }
    },
    {
      "type": "Feature",
      "properties": {
        "area": 0.0,
        "crop": "Water Melon"
      },
      "geometry": {
        "type": "Polygon",
        "coordinates": [
          [
            [
              73.79933905252663,
              20.21334051226137
            ],
            [
              73.79934441774415,
              20.2133203813517
            ],
            [
              73.79933368730909,
              20.213305283167724
            ],
            [
              73.79933368730909,
              20.213325414079357
            ],
            [
              73.79933905252663,
              20.21334051226137
            ]
          ]
        ]
      }
    },
    {
      "type": "Feature",
      "properties": {
        "area": 0.0,
        "crop": "Papaya"
      },
      "geometry": {
        "type": "Polygon",
        "coordinates": [
          [
            [
              73.79831966119565,
              20.2133203813517
            ],
            [
              73.79831966119565,
              20.213305283167724
            ],
            [
              73.79832502641318,
              20.213305283167724
            ],
            [
              73.79832502641318,
              20.2133203813517
            ],
            [
              73.79831966119565,
              20.2133203813517
            ]
          ]
        ]
      }
    },
    {
      "type": "Feature",
      "properties": {
        "area": 0.0,
        "crop": "Lime"
      },
      "geometry": {
        "type": "Polygon",
        "coordinates": [
          [
            [
              73.79932832209155,
              20.213305283167724
            ],
            [
              73.79932832209155,
              20.21329521771093
            ],
            [
              73.79933368730909,
              20.21329521771093
            ],
            [
              73.79933368730909,
              20.213305283167724
            ],
            [
              73.79932832209155,
              20.213305283167724
            ]
          ]
        ]
      }
    },
    {
      "type": "Feature",
      "properties": {
        "area": 0.0,
        "crop": "Arhar (Tur/Red Gram)(Whole)"
      },
      "geometry": {
        "type": "Polygon",
        "coordinates": [
          [
            [
              73.79932295687404,
              20.213285152253494
            ],
            [
              73.79932295687404,
              20.21328011952452
            ],
            [
              73.79932832209155,
              20.21328011952452
            ],
            [
              73.79932832209155,
              20.213285152253494
            ],
            [
              73.79932295687404,
              20.213285152253494
            ]
          ]
        ]
      }
    },
    {
      "type": "Feature",
      "properties": {
        "area": 0.82,
        "crop": "Jowar(Sorghum)"
      },
      "geometry": {
        "type": "Polygon",
        "coordinates": [
          [
            [
              73.7959965220045,
              20.213712933620677
            ],
            [
              73.79656523506281,
              20.21364247559404
            ],
            [
              73.79653840897518,
              20.213285152253494
            ],
            [
              73.79594286982919,
              20.213335479534198
            ],
            [
              73.7959965220045,
              20.213712933620677
            ]
          ]
        ]
      }
    },
    {
      "type": "Feature",
      "properties": {
        "area": 0.7,
        "crop": "Bajra(Pearl Millet/Cumbu)"
      },
      "geometry": {
        "type": "Polygon",
        "coordinates": [
          [
            [
              73.80069645256211,
              20.213682737327463
            ],
            [
              73.80126516562045,
              20.21358208297438
            ],
            [
              73.80119541779254,
              20.213254955877247
            ],
            [
              73.80061060908159,
              20.213345544988382
            ],
            [
              73.80069645256211,
              20.213682737327463
            ]
          ]
        ]
      }
    },
    {
      "type": "Feature",
      "properties": {
        "area": 0.35,
        "crop": "Mustard"
      },
      "geometry": {
        "type": "Polygon",
        "coordinates": [
          [
            [
              73.79661888723815,
              20.21363744287663
            ],
            [
              73.79686032202707,
              20.213607246568756
            ],
            [
              73.7967959394167,
              20.213244890417194
            ],
            [
              73.79655450462778,
              20.213265021336653
            ],
            [
              73.79661888723815,
              20.21363744287663
            ]
          ]
        ]
      }
    },
    {
      "type": "Feature",
      "properties": {
        "area": 0.02,
        "crop": "Arhar (Tur/Red Gram)(Whole)"
      },
      "geometry": {
        "type": "Polygon",
        "coordinates": [
          [
            [
              73.79595896548176,
              20.213335479534198
            ],
            [
              73.79601261765707,
              20.213325414079357
            ],
            [
              73.79603944374475,
              20.21329521771093
            ],
            [
              73.79592140895905,
              20.213285152253494
            ],
            [
              73.79595896548176,
              20.213335479534198
            ]
          ]
        ]
      }
    },
    {
      "type": "Feature",
      "properties": {
        "area": 0.02,
        "crop": "Ridgeguard(Tori)"
      },
      "geometry": {
        "type": "Polygon",
        "coordinates": [
          [
            [
              73.79943026122467,
              20.213345544988382
            ],
            [
              73.79948927861754,
              20.213325414079357
            ],
            [
              73.79947854818245,
              20.21325998860703
            ],
            [
              73.79939806991948,
              20.21325998860703
            ],
            [
              73.79943026122467,
              20.213345544988382
            ]
          ]
        ]
      }
    },
    {
      "type": "Feature",
      "properties": {
        "area": 0.0,
        "crop": "Brinjal"
      },
      "geometry": {
        "type": "Polygon",
        "coordinates": [
          [
            [
              73.7983142959781,
              20.213290184982288
            ],
            [
              73.7983142959781,
              20.213275086795388
            ],
            [
              73.79831966119565,
              20.213275086795388
            ],
            [
              73.79831966119565,
              20.213290184982288
            ],
            [
              73.7983142959781,
              20.213290184982288
            ]
          ]
        ]
      }
    },
    {
      "type": "Feature",
      "properties": {
        "area": 0.0,
        "crop": "Orange"
      },
      "geometry": {
        "type": "Polygon",
        "coordinates": [
          [
            [
              73.79931759165652,
              20.213275086795388
            ],
            [
              73.79931759165652,
              20.2132700540661
            ],
            [
              73.79932295687404,
              20.2132700540661
            ],
            [
              73.79932295687404,
              20.213275086795388
            ],
            [
              73.79931759165652,
              20.213275086795388
            ]
          ]
        ]
      }
    },
    {
      "type": "Feature",
      "properties": {
        "area": 0.0,
        "crop": "Onion"
      },
      "geometry": {
        "type": "Polygon",
        "coordinates": [
          [
            [
              73.79931222643899,
              20.213265021336653
            ],
            [
              73.79931222643899,
              20.213254955877247
            ],
            [
              73.79931759165652,
              20.213254955877247
            ],
            [
              73.79931759165652,
              20.213265021336653
            ],
            [
              73.79931222643899,
              20.213265021336653
            ]
          ]
        ]
      }
    },
    {
      "type": "Feature",
      "properties": {
        "area": 0.0,
        "crop": "Cucumbar(Kheera)"
      },
      "geometry": {
        "type": "Polygon",
        "coordinates": [
          [
            [
              73.79830893076058,
              20.21325998860703
            ],
            [
              73.79830893076058,
              20.213249923147302
            ],
            [
              73.7983142959781,
              20.213249923147302
            ],
            [
              73.7983142959781,
              20.21325998860703
            ],
            [
              73.79830893076058,
              20.21325998860703
            ]
          ]
        ]
      }
    },
    {
      "type": "Feature",
      "properties": {
        "area": 0.0,
        "crop": "Tender Coconut"
      },
      "geometry": {
        "type": "Polygon",
        "coordinates": [
          [
            [
              73.79930686122144,
              20.213249923147302
            ],
            [
              73.79930686122144,
              20.213229792225913
            ],
            [
              73.79931222643899,
              20.213229792225913
            ],
            [
              73.79931222643899,
              20.213249923147302
            ],
            [
              73.79930686122144,
              20.213249923147302
            ]
          ]
        ]
      }
    },
    {
      "type": "Feature",
      "properties": {
        "area": 0.0,
        "crop": "Banana"
      },
      "geometry": {
        "type": "Polygon",
        "coordinates": [
          [
            [
              73.79830356554304,
              20.21322475949516
            ],
            [
              73.79830356554304,
              20.21321972676423
            ],
            [
              73.79830893076058,
              20.21321972676423
            ],
            [
              73.79830893076058,
              20.21322475949516
            ],
            [
              73.79830356554304,
              20.21322475949516
            ]
          ]
        ]
      }
    },
    {
      "type": "Feature",
      "properties": {
        "area": 0.0,
        "crop": "Bhindi(Ladies Finger)"
      },
      "geometry": {
        "type": "Polygon",
        "coordinates": [
          [
            [
              73.79930149600392,
              20.213229792225913
            ],
            [
              73.79930686122144,
              20.213209661301907
            ],
            [
              73.79929613078639,
              20.21319959583893
            ],
            [
              73.79929613078639,
              20.21321469403315
            ],
            [
              73.79930149600392,
              20.213229792225913
            ]
          ]
        ]
      }
    },
    {
      "type": "Feature",
      "properties": {
        "area": 0.43,
        "crop": "Bajra(Pearl Millet/Cumbu)"
      },
      "geometry": {
        "type": "Polygon",
        "coordinates": [
          [
            [
              73.79689787854979,
              20.213622344723426
            ],
            [
              73.79717686986143,
              20.213597181131497
            ],
            [
              73.79712858290367,
              20.2132046285705
            ],
            [
              73.79682813072188,
              20.213244890417194
            ],
            [
              73.79689787854979,
              20.213622344723426
            ]
          ]
        ]
      }
    },
    {
      "type": "Feature",
      "properties": {
        "area": 1.83,
        "crop": "Rice"
      },
      "geometry": {
        "type": "Polygon",
        "coordinates": [
          [
            [
              73.80135637431849,
              20.213909209383818
            ],
            [
              73.802209443906,
              20.213879013128693
            ],
            [
              73.80211823520797,
              20.213300250439406
            ],
            [
              73.80150660040937,
              20.21334051226137
            ],
            [
              73.80143685258145,
              20.213174432178644
            ],
            [
              73.80122760909772,
              20.21321972676423
            ],
            [
              73.80135637431849,
              20.213909209383818
            ]
          ]
        ]
      }
    },
    {
      "type": "Feature",
      "properties": {
        "area": 0.0,
        "crop": "Water Melon"
      },
      "geometry": {
        "type": "Polygon",
        "coordinates": [
          [
            [
              73.7982982003255,
              20.21319959583893
            ],
            [
              73.7982982003255,
              20.213189530375303
            ],
            [
              73.79830356554304,
              20.213189530375303
            ],
            [
              73.79830356554304,
              20.21319959583893
            ],
            [
              73.7982982003255,
              20.21319959583893
            ]
          ]
        ]
      }
    },
    {
      "type": "Feature",
      "properties": {
        "area": 0.0,
        "crop": "Banana"
      },
      "geometry": {
        "type": "Polygon",
        "coordinates": [
          [
            [
              73.79929076556884,
              20.213194563107205
            ],
            [
              73.79929076556884,
              20.21317946491103
            ],
            [
              73.79929613078639,
              20.21317946491103
            ],
            [
              73.79929613078639,
              20.213194563107205
            ],
            [
              73.79929076556884,
              20.213194563107205
            ]
          ]
        ]
      }
    },
    {
      "type": "Feature",
      "properties": {
        "area": 1.29,
        "crop": "Maize"
      },
      "geometry": {
        "type": "Polygon",
        "coordinates": [
          [
            [
              73.80227382651638,
              20.213868947709006
            ],
            [
              73.80285863522732,
              20.213783391615426
            ],
            [
              73.80274596565916,
              20.213134170313705
            ],
            [
              73.80215042651314,
              20.213290184982288
            ],
            [
              73.80227382651638,
              20.213868947709006
            ]
          ]
        ]
      }
    },
    {
      "type": "Feature",
      "properties": {
        "area": 0.0,
        "crop": "Cabbage"
      },
      "geometry": {
        "type": "Polygon",
        "coordinates": [
          [
            [
              73.79829283510799,
              20.213174432178644
            ],
            [
              73.79829283510799,
              20.213154301247478
            ],
            [
              73.7982982003255,
              20.213154301247478
            ],
            [
              73.7982982003255,
              20.213174432178644
            ],
            [
              73.79829283510799,
              20.213174432178644
            ]
          ]
        ]
      }
    },
    {
      "type": "Feature",
      "properties": {
        "area": 0.0,
        "crop": "Water Melon"
      },
      "geometry": {
        "type": "Polygon",
        "coordinates": [
          [
            [
              73.79928540035131,
              20.21317946491103
            ],
            [
              73.79929076556884,
              20.21316436671338
            ],
            [
              73.79927466991624,
              20.213124104845843
            ],
            [
              73.79927466991624,
              20.21314926851428
            ],
            [
              73.79928540035131,
              20.21317946491103
            ]
          ]
        ]
      }
    },
    {
      "type": "Feature",
      "properties": {
        "area": 0.0,
        "crop": "Peas Wet"
      },
      "geometry": {
        "type": "Polygon",
        "coordinates": [
          [
            [
              73.79828746989044,
              20.213139203047394
            ],
            [
              73.79828746989044,
              20.213119072111677
            ],
            [
              73.79829283510799,
              20.213119072111677
            ],
            [
              73.79829283510799,
              20.213139203047394
            ],
            [
              73.79828746989044,
              20.213139203047394
            ]
          ]
        ]
      }
    },
    {
      "type": "Feature",
      "properties": {
        "area": 0.69,
        "crop": "Jowar(Sorghum)"
      },
      "geometry": {
        "type": "Polygon",
        "coordinates": [
          [
            [
              73.80289619175004,
              20.213793457040634
            ],
            [
              73.80318054827919,
              20.213733064479573
            ],
            [
              73.80304105262339,
              20.21307377749678
            ],
            [
              73.80276742652929,
              20.213134170313705
            ],
            [
              73.80289619175004,
              20.213793457040634
            ]
          ]
        ]
      }
    },
    {
      "type": "Feature",
      "properties": {
        "area": 0.0,
        "crop": "Lime"
      },
      "geometry": {
        "type": "Polygon",
        "coordinates": [
          [
            [
              73.79926930469873,
              20.213124104845843
            ],
            [
              73.79927466991624,
              20.213103973908172
            ],
            [
              73.79924247861109,
              20.213038548342748
            ],
            [
              73.79920492208836,
              20.213018417394
            ],
            [
              73.79926930469873,
              20.213124104845843
            ]
          ]
        ]
      }
    },
    {
      "type": "Feature",
      "properties": {
        "area": 0.0,
        "crop": "Guava"
      },
      "geometry": {
        "type": "Polygon",
        "coordinates": [
          [
            [
              73.79919955687082,
              20.213018417394
            ],
            [
              73.79919955687082,
              20.213013384656417
            ],
            [
              73.79920492208836,
              20.213013384656417
            ],
            [
              73.79920492208836,
              20.213018417394
            ],
            [
              73.79919955687082,
              20.213018417394
            ]
          ]
        ]
      }
    },
    {
      "type": "Feature",
      "properties": {
        "area": 0.0,
        "crop": "Carrot"
      },
      "geometry": {
        "type": "Polygon",
        "coordinates": [
          [
            [
              73.79919419165329,
              20.213013384656417
            ],
            [
              73.79919419165329,
              20.21300835191866
            ],
            [
              73.79919955687082,
              20.21300835191866
            ],
            [
              73.79919955687082,
              20.213013384656417
            ],
            [
              73.79919419165329,
              20.213013384656417
            ]
          ]
        ]
      }
    },
    {
      "type": "Feature",
      "properties": {
        "area": 1.61,
        "crop": "Maize"
      },
      "geometry": {
        "type": "Polygon",
        "coordinates": [
          [
            [
              73.80322347001946,
              20.213733064479573
            ],
            [
              73.80382437438298,
              20.21366260646205
            ],
            [
              73.80380827873039,
              20.212968090010758
            ],
            [
              73.8030947047987,
              20.21308384296789
            ],
            [
              73.80322347001946,
              20.213733064479573
            ]
          ]
        ]
      }
    },
    {
      "type": "Feature",
      "properties": {
        "area": 0.0,
        "crop": "Bengal Gram(Gram)(Whole)"
      },
      "geometry": {
        "type": "Polygon",
        "coordinates": [
          [
            [
              73.79917809600069,
              20.212983188227444
            ],
            [
              73.79917809600069,
              20.2129781554887
            ],
            [
              73.79918346121822,
              20.2129781554887
            ],
            [
              73.79918346121822,
              20.212983188227444
            ],
            [
              73.79917809600069,
              20.212983188227444
            ]
          ]
        ]
      }
    },
    {
      "type": "Feature",
      "properties": {
        "area": 0.0,
        "crop": "Tender Coconut"
      },
      "geometry": {
        "type": "Polygon",
        "coordinates": [
          [
            [
              73.79917273078316,
              20.212968090010758
            ],
            [
              73.79917273078316,
              20.21296305727154
            ],
            [
              73.79917809600069,
              20.21296305727154
            ],
            [
              73.79917809600069,
              20.212968090010758
            ],
            [
              73.79917273078316,
              20.212968090010758
            ]
          ]
        ]
      }
    },
    {
      "type": "Feature",
      "properties": {
        "area": 0.0,
        "crop": "Cucumbar(Kheera)"
      },
      "geometry": {
        "type": "Polygon",
        "coordinates": [
          [
            [
              73.79916736556562,
              20.212958024532156
            ],
            [
              73.79916736556562,
              20.21295299179261
            ],
            [
              73.79917273078316,
              20.21295299179261
            ],
            [
              73.79917273078316,
              20.212958024532156
            ],
            [
              73.79916736556562,
              20.212958024532156
            ]
          ]
        ]
      }
    },
    {
      "type": "Feature",
      "properties": {
        "area": 0.0,
        "crop": "Green Peas"
      },
      "geometry": {
        "type": "Polygon",
        "coordinates": [
          [
            [
              73.79916200034809,
              20.21295299179261
            ],
            [
              73.79916200034809,
              20.212947959052894
            ],
            [
              73.79916736556562,
              20.212947959052894
            ],
            [
              73.79916736556562,
              20.21295299179261
            ],
            [
              73.79916200034809,
              20.21295299179261
            ]
          ]
        ]
      }
    },
    {
      "type": "Feature",
      "properties": {
        "area": 0.0,
        "crop": "Lime"
      },
      "geometry": {
        "type": "Polygon",
        "coordinates": [
          [
            [
              73.79915663513056,
              20.212937893572995
            ],
            [
              73.79915663513056,
              20.2129328608328
            ],
            [
              73.79916200034809,
              20.2129328608328
            ],
            [
              73.79916200034809,
              20.212937893572995
            ],
            [
              73.79915663513056,
              20.212937893572995
            ]
          ]
        ]
      }
    },
    {
      "type": "Feature",
      "properties": {
        "area": 0.68,
        "crop": "Jute"
      },
      "geometry": {
        "type": "Polygon",
        "coordinates": [
          [
            [
              73.7960340785272,
              20.21329521771093
            ],
            [
              73.79646866114726,
              20.213239857686933
            ],
            [
              73.79643110462455,
              20.212912729870382
            ],
            [
              73.7958462959136,
              20.212968090010758
            ],
            [
              73.79587312200128,
              20.2132700540661
            ],
            [
              73.7960340785272,
              20.21329521771093
            ]
          ]
        ]
      }
    },
    {
      "type": "Feature",
      "properties": {
        "area": 0.75,
        "crop": "Maize"
      },
      "geometry": {
        "type": "Polygon",
        "coordinates": [
          [
            [
              73.80058378299394,
              20.21329521771093
            ],
            [
              73.8013080873607,
              20.213129137579852
            ],
            [
              73.80129735692563,
              20.2128775006799
            ],
            [
              73.80051403516603,
              20.21300835191866
            ],
            [
              73.80058378299394,
              20.21329521771093
            ]
          ]
        ]
      }
    },
    {
      "type": "Feature",
      "properties": {
        "area": 0.59,
        "crop": "Sunflower"
      },
      "geometry": {
        "type": "Polygon",
        "coordinates": [
          [
            [
              73.79649548723494,
              20.213244890417194
            ],
            [
              73.79697299159524,
              20.21319959583893
            ],
            [
              73.79691933941993,
              20.212867435195438
            ],
            [
              73.79645256549466,
              20.212892598905363
            ],
            [
              73.79649548723494,
              20.213244890417194
            ]
          ]
        ]
      }
    },
    {
      "type": "Feature",
      "properties": {
        "area": 0.07,
        "crop": "Black Gram (Urd Beans)(Whole)"
      },
      "geometry": {
        "type": "Polygon",
        "coordinates": [
          [
            [
              73.79697835681277,
              20.213038548342748
            ],
            [
              73.79708029594586,
              20.212958024532156
            ],
            [
              73.79701591333549,
              20.212857369710324
            ],
            [
              73.79693006985498,
              20.212897631646868
            ],
            [
              73.79697835681277,
              20.213038548342748
            ]
          ]
        ]
      }
    },
    {
      "type": "Feature",
      "properties": {
        "area": 2.18,
        "crop": "Paddy(Dhan)(Common)"
      },
      "geometry": {
        "type": "Polygon",
        "coordinates": [
          [
            [
              73.79977900036421,
              20.213687770043396
            ],
            [
              73.80049793951343,
              20.21358711569359
            ],
            [
              73.80029942646478,
              20.21282717325108
            ],
            [
              73.79948927861754,
              20.21299325370442
            ],
            [
              73.79977900036421,
              20.213687770043396
            ]
          ]
        ]
      }
    },
    {
      "type": "Feature",
      "properties": {
        "area": 0.89,
        "crop": "Maize"
      },
      "geometry": {
        "type": "Polygon",
        "coordinates": [
          [
            [
              73.80155488736715,
              20.213285152253494
            ],
            [
              73.8023113830391,
              20.21314423578092
            ],
            [
              73.80228992216897,
              20.212842271481435
            ],
            [
              73.80150123519184,
              20.212988220966004
            ],
            [
              73.80155488736715,
              20.213285152253494
            ]
          ]
        ]
      }
    },
    {
      "type": "Feature",
      "properties": {
        "area": 0.0,
        "crop": "Beetroot"
      },
      "geometry": {
        "type": "Polygon",
        "coordinates": [
          [
            [
              73.80044965255566,
              20.212786911296302
            ],
            [
              73.80044965255566,
              20.212781878551223
            ],
            [
              73.80045501777319,
              20.212781878551223
            ],
            [
              73.80045501777319,
              20.212786911296302
            ],
            [
              73.80044965255566,
              20.212786911296302
            ]
          ]
        ]
      }
    },
    {
      "type": "Feature",
      "properties": {
        "area": 0.0,
        "crop": "Potato"
      },
      "geometry": {
        "type": "Polygon",
        "coordinates": [
          [
            [
              73.80044428733814,
              20.212771813060574
            ],
            [
              73.80044428733814,
              20.21276174756927
            ],
            [
              73.80044965255566,
              20.21276174756927
            ],
            [
              73.80044965255566,
              20.212771813060574
            ],
            [
              73.80044428733814,
              20.212771813060574
            ]
          ]
        ]
      }
    },
    {
      "type": "Feature",
      "properties": {
        "area": 0.93,
        "crop": "Paddy(Dhan)(Common)"
      },
      "geometry": {
        "type": "Polygon",
        "coordinates": [
          [
            [
              73.79741293943285,
              20.21352169033129
            ],
            [
              73.79768120030941,
              20.213466330387853
            ],
            [
              73.7975148785659,
              20.21275168207732
            ],
            [
              73.79719296551401,
              20.212857369710324
            ],
            [
              73.79725198290686,
              20.21342103587403
            ],
            [
              73.79741293943285,
              20.21352169033129
            ]
          ]
        ]
      }
    },
    {
      "type": "Feature",
      "properties": {
        "area": 0.0,
        "crop": "Peas Wet"
      },
      "geometry": {
        "type": "Polygon",
        "coordinates": [
          [
            [
              73.80043892212059,
              20.21275168207732
            ],
            [
              73.80043892212059,
              20.212731551091476
            ],
            [
              73.80044428733814,
              20.212731551091476
            ],
            [
              73.80044428733814,
              20.21275168207732
            ],
            [
              73.80043892212059,
              20.21275168207732
            ]
          ]
        ]
      }
    },
    {
      "type": "Feature",
      "properties": {
        "area": 0.5,
        "crop": "Jowar(Sorghum)"
      },
      "geometry": {
        "type": "Polygon",
        "coordinates": [
          [
            [
              73.80051403516603,
              20.21300331918074
            ],
            [
              73.80128662649058,
              20.21286240245296
            ],
            [
              73.80137246997108,
              20.212807042274985
            ],
            [
              73.80118468735748,
              20.212696321859973
            ],
            [
              73.8005086699485,
              20.212822140507296
            ],
            [
              73.80051403516603,
              20.21300331918074
            ]
          ]
        ]
      }
    },
    {
      "type": "Feature",
      "properties": {
        "area": 0.0,
        "crop": "Bottle gourd"
      },
      "geometry": {
        "type": "Polygon",
        "coordinates": [
          [
            [
              73.80043355690304,
              20.212726518344606
            ],
            [
              73.80043355690304,
              20.212701354607812
            ],
            [
              73.80043892212059,
              20.212701354607812
            ],
            [
              73.80043892212059,
              20.212726518344606
            ],
            [
              73.80043355690304,
              20.212726518344606
            ]
          ]
        ]
      }
    },
    {
      "type": "Feature",
      "properties": {
        "area": 0.0,
        "crop": "Pomegranate"
      },
      "geometry": {
        "type": "Polygon",
        "coordinates": [
          [
            [
              73.79913517426041,
              20.21271142010302
            ],
            [
              73.79913517426041,
              20.21270638735549
            ],
            [
              73.79914053947797,
              20.21270638735549
            ],
            [
              73.79914053947797,
              20.21271142010302
            ],
            [
              73.79913517426041,
              20.21271142010302
            ]
          ]
        ]
      }
    },
    {
      "type": "Feature",
      "properties": {
        "area": 0.0,
        "crop": "Banana"
      },
      "geometry": {
        "type": "Polygon",
        "coordinates": [
          [
            [
              73.79912980904291,
              20.212681223615448
            ],
            [
              73.79912980904291,
              20.212676190866958
            ],
            [
              73.79913517426041,
              20.212676190866958
            ],
            [
              73.79913517426041,
              20.212681223615448
            ],
            [
              73.79912980904291,
              20.212681223615448
            ]
          ]
        ]
      }
    },
    {
      "type": "Feature",
      "properties": {
        "area": 0.0,
        "crop": "Bottle gourd"
      },
      "geometry": {
        "type": "Polygon",
        "coordinates": [
          [
            [
              73.80042819168553,
              20.212701354607812
            ],
            [
              73.80042819168553,
              20.212671158118294
            ],
            [
              73.80043355690304,
              20.212671158118294
            ],
            [
              73.80043355690304,
              20.212701354607812
            ],
            [
              73.80042819168553,
              20.212701354607812
            ]
          ]
        ]
      }
    },
    {
      "type": "Feature",
      "properties": {
        "area": 0.0,
        "crop": "Drumstick"
      },
      "geometry": {
        "type": "Polygon",
        "coordinates": [
          [
            [
              73.80042282646801,
              20.21265102712203
            ],
            [
              73.80042282646801,
              20.212635928873112
            ],
            [
              73.80042819168553,
              20.212635928873112
            ],
            [
              73.80042819168553,
              20.21265102712203
            ],
            [
              73.80042282646801,
              20.21265102712203
            ]
          ]
        ]
      }
    },
    {
      "type": "Feature",
      "properties": {
        "area": 1.58,
        "crop": "Jute"
      },
      "geometry": {
        "type": "Polygon",
        "coordinates": [
          [
            [
              73.79780996553015,
              20.21358208297438
            ],
            [
              73.79827137423787,
              20.21335057771523
            ],
            [
              73.79812651336451,
              20.2126057323709
            ],
            [
              73.79756853074123,
              20.212766780315
            ],
            [
              73.79780996553015,
              20.21358208297438
            ]
          ]
        ]
      }
    },
    {
      "type": "Feature",
      "properties": {
        "area": 0.0,
        "crop": "Papaya"
      },
      "geometry": {
        "type": "Polygon",
        "coordinates": [
          [
            [
              73.79911907860784,
              20.212635928873112
            ],
            [
              73.79911907860784,
              20.21263089612315
            ],
            [
              73.79912444382538,
              20.21263089612315
            ],
            [
              73.79912444382538,
              20.212635928873112
            ],
            [
              73.79911907860784,
              20.212635928873112
            ]
          ]
        ]
      }
    },
    {
      "type": "Feature",
      "properties": {
        "area": 0.0,
        "crop": "Cabbage"
      },
      "geometry": {
        "type": "Polygon",
        "coordinates": [
          [
            [
              73.80041746125048,
              20.21263089612315
            ],
            [
              73.80041746125048,
              20.212615797872285
            ],
            [
              73.80042282646801,
              20.212615797872285
            ],
            [
              73.80042282646801,
              20.21263089612315
            ],
            [
              73.80041746125048,
              20.21263089612315
            ]
          ]
        ]
      }
    },
    {
      "type": "Feature",
      "properties": {
        "area": 0.0,
        "crop": "Green Peas"
      },
      "geometry": {
        "type": "Polygon",
        "coordinates": [
          [
            [
              73.80121687866267,
              20.212620830622747
            ],
            [
              73.80121687866267,
              20.212615797872285
            ],
            [
              73.80122224388019,
              20.212615797872285
            ],
            [
              73.80122224388019,
              20.212620830622747
            ],
            [
              73.80121687866267,
              20.212620830622747
            ]
          ]
        ]
      }
    },
    {
      "type": "Feature",
      "properties": {
        "area": 0.0,
        "crop": "Tomato"
      },
      "geometry": {
        "type": "Polygon",
        "coordinates": [
          [
            [
              73.7991137133903,
              20.212615797872285
            ],
            [
              73.7991137133903,
              20.212610765121674
            ],
            [
              73.79911907860784,
              20.212610765121674
            ],
            [
              73.79911907860784,
              20.212615797872285
            ],
            [
              73.7991137133903,
              20.212615797872285
            ]
          ]
        ]
      }
    },
    {
      "type": "Feature",
      "properties": {
        "area": 0.0,
        "crop": "Onion Green"
      },
      "geometry": {
        "type": "Polygon",
        "coordinates": [
          [
            [
              73.79820699162748,
              20.2126057323709
            ],
            [
              73.79820699162748,
              20.21260069961997
            ],
            [
              73.79821235684503,
              20.21260069961997
            ],
            [
              73.79821235684503,
              20.2126057323709
            ],
            [
              73.79820699162748,
              20.2126057323709
            ]
          ]
        ]
      }
    },
    {
      "type": "Feature",
      "properties": {
        "area": 0.0,
        "crop": "Grapes"
      },
      "geometry": {
        "type": "Polygon",
        "coordinates": [
          [
            [
              73.80041209603294,
              20.2126057323709
            ],
            [
              73.80041209603294,
              20.2125554048542
            ],
            [
              73.80041746125048,
              20.2125554048542
            ],
            [
              73.80041746125048,
              20.2126057323709
            ],
            [
              73.80041209603294,
              20.2126057323709
            ]
          ]
        ]
      }
    },
    {
      "type": "Feature",
      "properties": {
        "area": 0.0,
        "crop": "Bengal Gram(Gram)(Whole)"
      },
      "geometry": {
        "type": "Polygon",
        "coordinates": [
          [
            [
              73.79821235684503,
              20.212595666868864
            ],
            [
              73.79821235684503,
              20.2125906341176
            ],
            [
              73.79821772206255,
              20.2125906341176
            ],
            [
              73.79821772206255,
              20.212595666868864
            ],
            [
              73.79821235684503,
              20.212595666868864
            ]
          ]
        ]
      }
    },
    {
      "type": "Feature",
      "properties": {
        "area": 0.0,
        "crop": "Tender Coconut"
      },
      "geometry": {
        "type": "Polygon",
        "coordinates": [
          [
            [
              73.79821772206255,
              20.2125906341176
            ],
            [
              73.79821772206255,
              20.21258560136617
            ],
            [
              73.79822308728008,
              20.21258560136617
            ],
            [
              73.79822308728008,
              20.2125906341176
            ],
            [
              73.79821772206255,
              20.2125906341176
            ]
          ]
        ]
      }
    },
    {
      "type": "Feature",
      "properties": {
        "area": 0.0,
        "crop": "Beetroot"
      },
      "geometry": {
        "type": "Polygon",
        "coordinates": [
          [
            [
              73.80041746125048,
              20.2125554048542
            ],
            [
              73.80041746125048,
              20.21255037210162
            ],
            [
              73.80042282646801,
              20.21255037210162
            ],
            [
              73.80042282646801,
              20.2125554048542
            ],
            [
              73.80041746125048,
              20.2125554048542
            ]
          ]
        ]
      }
    },
    {
      "type": "Feature",
      "properties": {
        "area": 0.0,
        "crop": "Arhar (Tur/Red Gram)(Whole)"
      },
      "geometry": {
        "type": "Polygon",
        "coordinates": [
          [
            [
              73.80041746125048,
              20.212520175582814
            ],
            [
              73.80041746125048,
              20.21251514282911
            ],
            [
              73.80042282646801,
              20.21251514282911
            ],
            [
              73.80042282646801,
              20.212520175582814
            ],
            [
              73.80041746125048,
              20.212520175582814
            ]
          ]
        ]
      }
    },
    {
      "type": "Feature",
      "properties": {
        "area": 0.0,
        "crop": "Bitter gourd"
      },
      "geometry": {
        "type": "Polygon",
        "coordinates": [
          [
            [
              73.7990815220851,
              20.212505077321204
            ],
            [
              73.7990815220851,
              20.212500044567
            ],
            [
              73.79908688730265,
              20.212500044567
            ],
            [
              73.79908688730265,
              20.212505077321204
            ],
            [
              73.7990815220851,
              20.212505077321204
            ]
          ]
        ]
      }
    },
    {
      "type": "Feature",
      "properties": {
        "area": 0.1,
        "crop": "Black Gram (Urd Beans)(Whole)"
      },
      "geometry": {
        "type": "Polygon",
        "coordinates": [
          [
            [
              73.79737538291009,
              20.21265605987134
            ],
            [
              73.79749341769579,
              20.2125906341176
            ],
            [
              73.79745586117306,
              20.21244971701612
            ],
            [
              73.79729490464713,
              20.212495011812653
            ],
            [
              73.79737538291009,
              20.21265605987134
            ]
          ]
        ]
      }
    },
    {
      "type": "Feature",
      "properties": {
        "area": 0.0,
        "crop": "Grapes"
      },
      "geometry": {
        "type": "Polygon",
        "coordinates": [
          [
            [
              73.79907079165007,
              20.2124748807936
            ],
            [
              73.79907079165007,
              20.21246984803842
            ],
            [
              73.79907615686759,
              20.21246984803842
            ],
            [
              73.79907615686759,
              20.2124748807936
            ],
            [
              73.79907079165007,
              20.2124748807936
            ]
          ]
        ]
      }
    },
    {
      "type": "Feature",
      "properties": {
        "area": 0.0,
        "crop": "Ridgeguard(Tori)"
      },
      "geometry": {
        "type": "Polygon",
        "coordinates": [
          [
            [
              73.80041209603294,
              20.21251514282911
            ],
            [
              73.80041746125048,
              20.212505077321204
            ],
            [
              73.80038526994528,
              20.212439651504
            ],
            [
              73.8003906351628,
              20.212484946303444
            ],
            [
              73.80041209603294,
              20.21251514282911
            ]
          ]
        ]
      }
    },
    {
      "type": "Feature",
      "properties": {
        "area": 0.0,
        "crop": "Peas Wet"
      },
      "geometry": {
        "type": "Polygon",
        "coordinates": [
          [
            [
              73.79906542643253,
              20.212459782527592
            ],
            [
              73.79906542643253,
              20.212454749771933
            ],
            [
              73.79907079165007,
              20.212454749771933
            ],
            [
              73.79907079165007,
              20.212459782527592
            ],
            [
              73.79906542643253,
              20.212459782527592
            ]
          ]
        ]
      }
    },
    {
      "type": "Feature",
      "properties": {
        "area": 0.0,
        "crop": "Cabbage"
      },
      "geometry": {
        "type": "Polygon",
        "coordinates": [
          [
            [
              73.799060061215,
              20.21244468426013
            ],
            [
              73.799060061215,
              20.212439651504
            ],
            [
              73.79906542643253,
              20.212439651504
            ],
            [
              73.79906542643253,
              20.21244468426013
            ],
            [
              73.799060061215,
              20.21244468426013
            ]
          ]
        ]
      }
    },
    {
      "type": "Feature",
      "properties": {
        "area": 3.4,
        "crop": "Maize"
      },
      "geometry": {
        "type": "Polygon",
        "coordinates": [
          [
            [
              73.79919419165329,
              20.213597181131497
            ],
            [
              73.79937660904938,
              20.21346129766475
            ],
            [
              73.79904933077994,
              20.212414487720807
            ],
            [
              73.79821235684503,
              20.212595666868864
            ],
            [
              73.79839477424109,
              20.213551886655765
            ],
            [
              73.79919419165329,
              20.213597181131497
            ]
          ]
        ]
      }
    },
    {
      "type": "Feature",
      "properties": {
        "area": 0.0,
        "crop": "Grapes"
      },
      "geometry": {
        "type": "Polygon",
        "coordinates": [
          [
            [
              73.79905469599747,
              20.21243461874768
            ],
            [
              73.79905469599747,
              20.21242958599121
            ],
            [
              73.799060061215,
              20.21242958599121
            ],
            [
              73.799060061215,
              20.21243461874768
            ],
            [
              73.79905469599747,
              20.21243461874768
            ]
          ]
        ]
      }
    },
    {
      "type": "Feature",
      "properties": {
        "area": 0.0,
        "crop": "Apple"
      },
      "geometry": {
        "type": "Polygon",
        "coordinates": [
          [
            [
              73.80037990472775,
              20.21243461874768
            ],
            [
              73.80037990472775,
              20.212424553234563
            ],
            [
              73.80038526994528,
              20.212424553234563
            ],
            [
              73.80038526994528,
              20.21243461874768
            ],
            [
              73.80037990472775,
              20.21243461874768
            ]
          ]
        ]
      }
    },
    {
      "type": "Feature",
      "properties": {
        "area": 0.01,
        "crop": "Mango (Raw-Ripe)"
      },
      "geometry": {
        "type": "Polygon",
        "coordinates": [
          [
            [
              73.80122224388019,
              20.212615797872285
            ],
            [
              73.80124370475032,
              20.21260069961997
            ],
            [
              73.80124906996785,
              20.21255037210162
            ],
            [
              73.80122224388019,
              20.21243461874768
            ],
            [
              73.80119541779254,
              20.212414487720807
            ],
            [
              73.80122224388019,
              20.212615797872285
            ]
          ]
        ]
      }
    },
    {
      "type": "Feature",
      "properties": {
        "area": 0.0,
        "crop": "Apple"
      },
      "geometry": {
        "type": "Polygon",
        "coordinates": [
          [
            [
              73.79904933077994,
              20.212424553234563
            ],
            [
              73.79904933077994,
              20.212419520477766
            ],
            [
              73.79905469599747,
              20.212419520477766
            ],
            [
              73.79905469599747,
              20.212424553234563
            ],
            [
              73.79904933077994,
              20.212424553234563
            ]
          ]
        ]
      }
    },
    {
      "type": "Feature",
      "properties": {
        "area": 0.0,
        "crop": "Bengal Gram(Gram)(Whole)"
      },
      "geometry": {
        "type": "Polygon",
        "coordinates": [
          [
            [
              73.8003745395102,
              20.212414487720807
            ],
            [
              73.8003745395102,
              20.212404422206404
            ],
            [
              73.80037990472775,
              20.212404422206404
            ],
            [
              73.80037990472775,
              20.212414487720807
            ],
            [
              73.8003745395102,
              20.212414487720807
            ]
          ]
        ]
      }
    },
    {
      "type": "Feature",
      "properties": {
        "area": 0.0,
        "crop": "Bitter gourd"
      },
      "geometry": {
        "type": "Polygon",
        "coordinates": [
          [
            [
              73.801190052575,
              20.212414487720807
            ],
            [
              73.801190052575,
              20.212409454963687
            ],
            [
              73.80119541779254,
              20.212409454963687
            ],
            [
              73.80119541779254,
              20.212414487720807
            ],
            [
              73.801190052575,
              20.212414487720807
            ]
          ]
        ]
      }
    },
    {
      "type": "Feature",
      "properties": {
        "area": 1.44,
        "crop": "Bajra(Pearl Millet/Cumbu)"
      },
      "geometry": {
        "type": "Polygon",
        "coordinates": [
          [
            [
              73.80152806127948,
              20.21297312274981
            ],
            [
              73.80225236564625,
              20.21281207501925
            ],
            [
              73.8021611569482,
              20.212344029106273
            ],
            [
              73.80135637431849,
              20.212464815283102
            ],
            [
              73.80152806127948,
              20.21297312274981
            ]
          ]
        ]
      }
    },
    {
      "type": "Feature",
      "properties": {
        "area": 0.0,
        "crop": "Bengal Gram(Gram)(Whole)"
      },
      "geometry": {
        "type": "Polygon",
        "coordinates": [
          [
            [
              73.80179632215608,
              20.21230376702649
            ],
            [
              73.80186070476644,
              20.212298734265786
            ],
            [
              73.80192508737683,
              20.2122836359827
            ],
            [
              73.80176413085088,
              20.2122836359827
            ],
            [
              73.80179632215608,
              20.21230376702649
            ]
          ]
        ]
      }
    },
    {
      "type": "Feature",
      "properties": {
        "area": 0.0,
        "crop": "Lime"
      },
      "geometry": {
        "type": "Polygon",
        "coordinates": [
          [
            [
              73.80193045259436,
              20.2122836359827
            ],
            [
              73.80193045259436,
              20.212278603221343
            ],
            [
              73.80196264389956,
              20.212278603221343
            ],
            [
              73.80196264389956,
              20.2122836359827
            ],
            [
              73.80193045259436,
              20.2122836359827
            ]
          ]
        ]
      }
    },
    {
      "type": "Feature",
      "properties": {
        "area": 0.0,
        "crop": "Guava"
      },
      "geometry": {
        "type": "Polygon",
        "coordinates": [
          [
            [
              73.80196264389956,
              20.212278603221343
            ],
            [
              73.8020753134677,
              20.212258472174295
            ],
            [
              73.80215579173068,
              20.212253439412123
            ],
            [
              73.80206994825018,
              20.21227357045983
            ],
            [
              73.80196264389956,
              20.212278603221343
            ]
          ]
        ]
      }
    },
    {
      "type": "Feature",
      "properties": {
        "area": 0.0,
        "crop": "Onion Green"
      },
      "geometry": {
        "type": "Polygon",
        "coordinates": [
          [
            [
              73.8021611569482,
              20.212253439412123
            ],
            [
              73.8021611569482,
              20.212248406649795
            ],
            [
              73.80219334825341,
              20.212248406649795
            ],
            [
              73.80219334825341,
              20.212253439412123
            ],
            [
              73.8021611569482,
              20.212253439412123
            ]
          ]
        ]
      }
    },
    {
      "type": "Feature",
      "properties": {
        "area": 0.0,
        "crop": "Sweet Potato"
      },
      "geometry": {
        "type": "Polygon",
        "coordinates": [
          [
            [
              73.80221480912354,
              20.212248406649795
            ],
            [
              73.80221480912354,
              20.2122433738873
            ],
            [
              73.80224700042872,
              20.2122433738873
            ],
            [
              73.80224700042872,
              20.212248406649795
            ],
            [
              73.80221480912354,
              20.212248406649795
            ]
          ]
        ]
      }
    },
    {
      "type": "Feature",
      "properties": {
        "area": 0.0,
        "crop": "Onion Green"
      },
      "geometry": {
        "type": "Polygon",
        "coordinates": [
          [
            [
              73.80226309608132,
              20.2122433738873
            ],
            [
              73.80226309608132,
              20.212238341124653
            ],
            [
              73.8022791917339,
              20.212238341124653
            ],
            [
              73.8022791917339,
              20.2122433738873
            ],
            [
              73.80226309608132,
              20.2122433738873
            ]
          ]
        ]
      }
    },
    {
      "type": "Feature",
      "properties": {
        "area": 0.0,
        "crop": "Bitter gourd"
      },
      "geometry": {
        "type": "Polygon",
        "coordinates": [
          [
            [
              73.8022791917339,
              20.212238341124653
            ],
            [
              73.8022791917339,
              20.21223330836182
            ],
            [
              73.80230601782158,
              20.21223330836182
            ],
            [
              73.80230601782158,
              20.212238341124653
            ],
            [
              73.8022791917339,
              20.212238341124653
            ]
          ]
        ]
      }
    },
    {
      "type": "Feature",
      "properties": {
        "area": 1.89,
        "crop": "Jute"
      },
      "geometry": {
        "type": "Polygon",
        "coordinates": [
          [
            [
              73.80241332217219,
              20.21309894117335
            ],
            [
              73.80305714827598,
              20.2129781554887
            ],
            [
              73.80289619175004,
              20.212193046253404
            ],
            [
              73.802209443906,
              20.212328930827574
            ],
            [
              73.80241332217219,
              20.21309894117335
            ]
          ]
        ]
      }
    },
    {
      "type": "Feature",
      "properties": {
        "area": 0.86,
        "crop": "Maize"
      },
      "geometry": {
        "type": "Polygon",
        "coordinates": [
          [
            [
              73.7993658786143,
              20.212958024532156
            ],
            [
              73.79966096557852,
              20.212882533421883
            ],
            [
              73.79941416557207,
              20.212198079017522
            ],
            [
              73.79910834817278,
              20.212318865307626
            ],
            [
              73.7993658786143,
              20.212958024532156
            ]
          ]
        ]
      }
    },
    {
      "type": "Feature",
      "properties": {
        "area": 0.0,
        "crop": "Carrot"
      },
      "geometry": {
        "type": "Polygon",
        "coordinates": [
          [
            [
              73.8023113830391,
              20.21223330836182
            ],
            [
              73.8023113830391,
              20.21222827559884
            ],
            [
              73.80234357434428,
              20.21222827559884
            ],
            [
              73.80234357434428,
              20.21223330836182
            ],
            [
              73.8023113830391,
              20.21223330836182
            ]
          ]
        ]
      }
    },
    {
      "type": "Feature",
      "properties": {
        "area": 0.0,
        "crop": "Tender Coconut"
      },
      "geometry": {
        "type": "Polygon",
        "coordinates": [
          [
            [
              73.80235966999689,
              20.21222827559884
            ],
            [
              73.80235966999689,
              20.212223242835694
            ],
            [
              73.80238113086699,
              20.212223242835694
            ],
            [
              73.80238113086699,
              20.21222827559884
            ],
            [
              73.80235966999689,
              20.21222827559884
            ]
          ]
        ]
      }
    },
    {
      "type": "Feature",
      "properties": {
        "area": 0.0,
        "crop": "Peas Wet"
      },
      "geometry": {
        "type": "Polygon",
        "coordinates": [
          [
            [
              73.80239722651959,
              20.212223242835694
            ],
            [
              73.80239722651959,
              20.212218210072386
            ],
            [
              73.80240259173713,
              20.212218210072386
            ],
            [
              73.80240259173713,
              20.212223242835694
            ],
            [
              73.80239722651959,
              20.212223242835694
            ]
          ]
        ]
      }
    },
    {
      "type": "Feature",
      "properties": {
        "area": 0.0,
        "crop": "Apple"
      },
      "geometry": {
        "type": "Polygon",
        "coordinates": [
          [
            [
              73.80240795695467,
              20.212218210072386
            ],
            [
              73.80241868738973,
              20.212208144545283
            ],
            [
              73.80247770478258,
              20.212203111781484
            ],
            [
              73.80245624391245,
              20.212213177308918
            ],
            [
              73.80240795695467,
              20.212218210072386
            ]
          ]
        ]
      }
    },
    {
      "type": "Feature",
      "properties": {
        "area": 0.0,
        "crop": "Sweet Potato"
      },
      "geometry": {
        "type": "Polygon",
        "coordinates": [
          [
            [
              73.80248843521764,
              20.212203111781484
            ],
            [
              73.80248843521764,
              20.212198079017522
            ],
            [
              73.8024991656527,
              20.212198079017522
            ],
            [
              73.8024991656527,
              20.212203111781484
            ],
            [
              73.80248843521764,
              20.212203111781484
            ]
          ]
        ]
      }
    },
    {
      "type": "Feature",
      "properties": {
        "area": 0.59,
        "crop": "Wheat"
      },
      "geometry": {
        "type": "Polygon",
        "coordinates": [
          [
            [
              73.79682813072188,
              20.21283723873814
            ],
            [
              73.7970856611634,
              20.212771813060574
            ],
            [
              73.7969354350725,
              20.212167882430364
            ],
            [
              73.79671546115371,
              20.21222827559884
            ],
            [
              73.79682813072188,
              20.21283723873814
            ]
          ]
        ]
      }
    },
    {
      "type": "Feature",
      "properties": {
        "area": 0.0,
        "crop": "Guava"
      },
      "geometry": {
        "type": "Polygon",
        "coordinates": [
          [
            [
              73.80253135695789,
              20.212193046253404
            ],
            [
              73.80253135695789,
              20.21218801348912
            ],
            [
              73.80253672217542,
              20.21218801348912
            ],
            [
              73.80253672217542,
              20.212193046253404
            ],
            [
              73.80253135695789,
              20.212193046253404
            ]
          ]
        ]
      }
    },
    {
      "type": "Feature",
      "properties": {
        "area": 0.0,
        "crop": "Drumstick"
      },
      "geometry": {
        "type": "Polygon",
        "coordinates": [
          [
            [
              73.80269231348385,
              20.212167882430364
            ],
            [
              73.80269231348385,
              20.21216284966526
            ],
            [
              73.80269767870135,
              20.21216284966526
            ],
            [
              73.80269767870135,
              20.212167882430364
            ],
            [
              73.80269231348385,
              20.212167882430364
            ]
          ]
        ]
      }
    },
    {
      "type": "Feature",
      "properties": {
        "area": 0.0,
        "crop": "Beans"
      },
      "geometry": {
        "type": "Polygon",
        "coordinates": [
          [
            [
              73.7958945828714,
              20.212117554772036
            ],
            [
              73.7958945828714,
              20.212112522005306
            ],
            [
              73.795910678524,
              20.212112522005306
            ],
            [
              73.795910678524,
              20.212117554772036
            ],
            [
              73.7958945828714,
              20.212117554772036
            ]
          ]
        ]
      }
    },
    {
      "type": "Feature",
      "properties": {
        "area": 0.0,
        "crop": "Green Peas"
      },
      "geometry": {
        "type": "Polygon",
        "coordinates": [
          [
            [
              73.79583020026102,
              20.212117554772036
            ],
            [
              73.79583020026102,
              20.212107489238416
            ],
            [
              73.79586775678374,
              20.212112522005306
            ],
            [
              73.79586775678374,
              20.212117554772036
            ],
            [
              73.79583020026102,
              20.212117554772036
            ]
          ]
        ]
      }
    },
    {
      "type": "Feature",
      "properties": {
        "area": 0.0,
        "crop": "Onion Green"
      },
      "geometry": {
        "type": "Polygon",
        "coordinates": [
          [
            [
              73.795910678524,
              20.212112522005306
            ],
            [
              73.795910678524,
              20.212107489238416
            ],
            [
              73.79593750461164,
              20.212107489238416
            ],
            [
              73.79593750461164,
              20.212112522005306
            ],
            [
              73.795910678524,
              20.212112522005306
            ]
          ]
        ]
      }
    },
    {
      "type": "Feature",
      "properties": {
        "area": 0.0,
        "crop": "Karbuja(Musk Melon)"
      },
      "geometry": {
        "type": "Polygon",
        "coordinates": [
          [
            [
              73.79593750461164,
              20.212107489238416
            ],
            [
              73.79593750461164,
              20.21210245647137
            ],
            [
              73.79598042635189,
              20.21210245647137
            ],
            [
              73.79598042635189,
              20.212107489238416
            ],
            [
              73.79593750461164,
              20.212107489238416
            ]
          ]
        ]
      }
    },
    {
      "type": "Feature",
      "properties": {
        "area": 0.0,
        "crop": "Onion Green"
      },
      "geometry": {
        "type": "Polygon",
        "coordinates": [
          [
            [
              73.79600188722203,
              20.21210245647137
            ],
            [
              73.79600188722203,
              20.21209742370416
            ],
            [
              73.7960179828746,
              20.21209742370416
            ],
            [
              73.7960179828746,
              20.21210245647137
            ],
            [
              73.79600188722203,
              20.21210245647137
            ]
          ]
        ]
      }
    },
    {
      "type": "Feature",
      "properties": {
        "area": 0.0,
        "crop": "Water Melon"
      },
      "geometry": {
        "type": "Polygon",
        "coordinates": [
          [
            [
              73.79602871330967,
              20.21209742370416
            ],
            [
              73.79602871330967,
              20.21209239093678
            ],
            [
              73.79604480896228,
              20.21209239093678
            ],
            [
              73.79604480896228,
              20.21209742370416
            ],
            [
              73.79602871330967,
              20.21209742370416
            ]
          ]
        ]
      }
    },
    {
      "type": "Feature",
      "properties": {
        "area": 0.0,
        "crop": "Cabbage"
      },
      "geometry": {
        "type": "Polygon",
        "coordinates": [
          [
            [
              73.79605553939734,
              20.21209239093678
            ],
            [
              73.79605553939734,
              20.212087358169235
            ],
            [
              73.796082365485,
              20.212087358169235
            ],
            [
              73.796082365485,
              20.21209239093678
            ],
            [
              73.79605553939734,
              20.21209239093678
            ]
          ]
        ]
      }
    },
    {
      "type": "Feature",
      "properties": {
        "area": 2.24,
        "crop": "Bajra(Pearl Millet/Cumbu)"
      },
      "geometry": {
        "type": "Polygon",
        "coordinates": [
          [
            [
              73.79586775678374,
              20.21294292631303
            ],
            [
              73.79673692202384,
              20.212817107763353
            ],
            [
              73.79662425245569,
              20.212072259865646
            ],
            [
              73.79583020026102,
              20.212182980724666
            ],
            [
              73.79586775678374,
              20.21294292631303
            ]
          ]
        ]
      }
    },
    {
      "type": "Feature",
      "properties": {
        "area": 1.75,
        "crop": "Jute"
      },
      "geometry": {
        "type": "Polygon",
        "coordinates": [
          [
            [
              73.79969315688372,
              20.212897631646868
            ],
            [
              73.80032625255244,
              20.21274664933111
            ],
            [
              73.80003653080574,
              20.21199676832569
            ],
            [
              73.79948391339998,
              20.212182980724666
            ],
            [
              73.79969315688372,
              20.212897631646868
            ]
          ]
        ]
      }
    },
    {
      "type": "Feature",
      "properties": {
        "area": 0.48,
        "crop": "Wheat"
      },
      "geometry": {
        "type": "Polygon",
        "coordinates": [
          [
            [
              73.7971876002965,
              20.212500044567
            ],
            [
              73.79745049595553,
              20.212409454963687
            ],
            [
              73.79734855682244,
              20.21196657169945
            ],
            [
              73.7970856611634,
              20.212006833866468
            ],
            [
              73.7971876002965,
              20.212500044567
            ]
          ]
        ]
      }
    },
    {
      "type": "Feature",
      "properties": {
        "area": 0.02,
        "crop": "Onion Green"
      },
      "geometry": {
        "type": "Polygon",
        "coordinates": [
          [
            [
              73.8011364003997,
              20.212364160142247
            ],
            [
              73.80117932213994,
              20.212344029106273
            ],
            [
              73.80118468735748,
              20.212288668743884
            ],
            [
              73.80107738300684,
              20.211981670013305
            ],
            [
              73.8011364003997,
              20.212364160142247
            ]
          ]
        ]
      }
    },
    {
      "type": "Feature",
      "properties": {
        "area": 0.0,
        "crop": "Brinjal"
      },
      "geometry": {
        "type": "Polygon",
        "coordinates": [
          [
            [
              73.79709102638093,
              20.21197663724218
            ],
            [
              73.79709102638093,
              20.211971604470907
            ],
            [
              73.79711248725106,
              20.211971604470907
            ],
            [
              73.79711248725106,
              20.21197663724218
            ],
            [
              73.79709102638093,
              20.21197663724218
            ]
          ]
        ]
      }
    },
    {
      "type": "Feature",
      "properties": {
        "area": 0.0,
        "crop": "Onion"
      },
      "geometry": {
        "type": "Polygon",
        "coordinates": [
          [
            [
              73.79708029594586,
              20.211971604470907
            ],
            [
              73.79708029594586,
              20.21196657169945
            ],
            [
              73.79709102638093,
              20.21196657169945
            ],
            [
              73.79709102638093,
              20.211971604470907
            ],
            [
              73.79708029594586,
              20.211971604470907
            ]
          ]
        ]
      }
    },
    {
      "type": "Feature",
      "properties": {
        "area": 0.0,
        "crop": "Peas Wet"
      },
      "geometry": {
        "type": "Polygon",
        "coordinates": [
          [
            [
              73.79712321768612,
              20.211971604470907
            ],
            [
              73.79712321768612,
              20.21196657169945
            ],
            [
              73.79714467855624,
              20.21196657169945
            ],
            [
              73.79714467855624,
              20.211971604470907
            ],
            [
              73.79712321768612,
              20.211971604470907
            ]
          ]
        ]
      }
    },
    {
      "type": "Feature",
      "properties": {
        "area": 0.0,
        "crop": "Bitter gourd"
      },
      "geometry": {
        "type": "Polygon",
        "coordinates": [
          [
            [
              73.7971715046439,
              20.21196657169945
            ],
            [
              73.7971715046439,
              20.21196153892784
            ],
            [
              73.79719833073155,
              20.21196153892784
            ],
            [
              73.79719833073155,
              20.21196657169945
            ],
            [
              73.7971715046439,
              20.21196657169945
            ]
          ]
        ]
      }
    },
    {
      "type": "Feature",
      "properties": {
        "area": 0.0,
        "crop": "Tender Coconut"
      },
      "geometry": {
        "type": "Polygon",
        "coordinates": [
          [
            [
              73.7970695655108,
              20.21196657169945
            ],
            [
              73.79708029594586,
              20.21196153892784
            ],
            [
              73.79706420029325,
              20.21195147338414
            ],
            [
              73.79706420029325,
              20.21196153892784
            ],
            [
              73.7970695655108,
              20.21196657169945
            ]
          ]
        ]
      }
    },
    {
      "type": "Feature",
      "properties": {
        "area": 0.0,
        "crop": "Cauliflower"
      },
      "geometry": {
        "type": "Polygon",
        "coordinates": [
          [
            [
              73.79721979160169,
              20.21196153892784
            ],
            [
              73.79721979160169,
              20.21195650615607
            ],
            [
              73.79723588725426,
              20.21195650615607
            ],
            [
              73.79723588725426,
              20.21196153892784
            ],
            [
              73.79721979160169,
              20.21196153892784
            ]
          ]
        ]
      }
    },
    {
      "type": "Feature",
      "properties": {
        "area": 0.0,
        "crop": "Banana"
      },
      "geometry": {
        "type": "Polygon",
        "coordinates": [
          [
            [
              73.79724125247179,
              20.21195650615607
            ],
            [
              73.79724125247179,
              20.21195147338414
            ],
            [
              73.79725198290686,
              20.21195147338414
            ],
            [
              73.79725198290686,
              20.21195650615607
            ],
            [
              73.79724125247179,
              20.21195650615607
            ]
          ]
        ]
      }
    },
    {
      "type": "Feature",
      "properties": {
        "area": 0.85,
        "crop": "Bajra(Pearl Millet/Cumbu)"
      },
      "geometry": {
        "type": "Polygon",
        "coordinates": [
          [
            [
              73.7975953568289,
              20.212661092620483
            ],
            [
              73.7979387307509,
              20.212560437606587
            ],
            [
              73.79774021770224,
              20.211926309522017
            ],
            [
              73.79739684378023,
              20.212031997715563
            ],
            [
              73.7975953568289,
              20.212661092620483
            ]
          ]
        ]
      }
    },
    {
      "type": "Feature",
      "properties": {
        "area": 0.0,
        "crop": "Pomegranate"
      },
      "geometry": {
        "type": "Polygon",
        "coordinates": [
          [
            [
              73.79679057419915,
              20.21197663724218
            ],
            [
              73.79684422637447,
              20.21196657169945
            ],
            [
              73.79689787854979,
              20.21193637506736
            ],
            [
              73.79687105246214,
              20.21196657169945
            ],
            [
              73.79679057419915,
              20.21197663724218
            ]
          ]
        ]
      }
    },
    {
      "type": "Feature",
      "properties": {
        "area": 0.0,
        "crop": "Pomegranate"
      },
      "geometry": {
        "type": "Polygon",
        "coordinates": [
          [
            [
              73.79689787854979,
              20.21193637506736
            ],
            [
              73.79689787854979,
              20.211926309522017
            ],
            [
              73.79690324376732,
              20.211926309522017
            ],
            [
              73.79690324376732,
              20.21193637506736
            ],
            [
              73.79689787854979,
              20.21193637506736
            ]
          ]
        ]
      }
    },
    {
      "type": "Feature",
      "properties": {
        "area": 0.01,
        "crop": "Beans"
      },
      "geometry": {
        "type": "Polygon",
        "coordinates": [
          [
            [
              73.79737538291009,
              20.21193637506736
            ],
            [
              73.79750414813084,
              20.211931342294776
            ],
            [
              73.79754170465358,
              20.211921276749113
            ],
            [
              73.79737538291009,
              20.211921276749113
            ],
            [
              73.79737538291009,
              20.21193637506736
            ]
          ]
        ]
      }
    },
    {
      "type": "Feature",
      "properties": {
        "area": 0.0,
        "crop": "Papaya"
      },
      "geometry": {
        "type": "Polygon",
        "coordinates": [
          [
            [
              73.79755243508862,
              20.211921276749113
            ],
            [
              73.79755243508862,
              20.21191624397604
            ],
            [
              73.7975792611763,
              20.21191624397604
            ],
            [
              73.7975792611763,
              20.211921276749113
            ],
            [
              73.79755243508862,
              20.211921276749113
            ]
          ]
        ]
      }
    },
    {
      "type": "Feature",
      "properties": {
        "area": 0.0,
        "crop": "Cabbage"
      },
      "geometry": {
        "type": "Polygon",
        "coordinates": [
          [
            [
              73.7975792611763,
              20.21191624397604
            ],
            [
              73.7975792611763,
              20.211911211202803
            ],
            [
              73.79758462639383,
              20.211911211202803
            ],
            [
              73.79758462639383,
              20.21191624397604
            ],
            [
              73.7975792611763,
              20.21191624397604
            ]
          ]
        ]
      }
    },
    {
      "type": "Feature",
      "properties": {
        "area": 0.0,
        "crop": "Apple"
      },
      "geometry": {
        "type": "Polygon",
        "coordinates": [
          [
            [
              73.80168365258791,
              20.21191624397604
            ],
            [
              73.80168365258791,
              20.211911211202803
            ],
            [
              73.80168901780544,
              20.211911211202803
            ],
            [
              73.80168901780544,
              20.21191624397604
            ],
            [
              73.80168365258791,
              20.21191624397604
            ]
          ]
        ]
      }
    },
    {
      "type": "Feature",
      "properties": {
        "area": 0.0,
        "crop": "Tomato"
      },
      "geometry": {
        "type": "Polygon",
        "coordinates": [
          [
            [
              73.7976329133516,
              20.211911211202803
            ],
            [
              73.7976329133516,
              20.2119061784294
            ],
            [
              73.79763827856914,
              20.2119061784294
            ],
            [
              73.79763827856914,
              20.211911211202803
            ],
            [
              73.7976329133516,
              20.211911211202803
            ]
          ]
        ]
      }
    },
    {
      "type": "Feature",
      "properties": {
        "area": 0.0,
        "crop": "Peas Wet"
      },
      "geometry": {
        "type": "Polygon",
        "coordinates": [
          [
            [
              73.79765973943927,
              20.2119061784294
            ],
            [
              73.79765973943927,
              20.21190114565585
            ],
            [
              73.7976651046568,
              20.21190114565585
            ],
            [
              73.7976651046568,
              20.2119061784294
            ],
            [
              73.79765973943927,
              20.2119061784294
            ]
          ]
        ]
      }
    },
    {
      "type": "Feature",
      "properties": {
        "area": 0.0,
        "crop": "Bengal Gram(Gram)(Whole)"
      },
      "geometry": {
        "type": "Polygon",
        "coordinates": [
          [
            [
              73.79769193074445,
              20.211896112882123
            ],
            [
              73.79769193074445,
              20.211891080108227
            ],
            [
              73.79770266117951,
              20.211891080108227
            ],
            [
              73.79770266117951,
              20.211896112882123
            ],
            [
              73.79769193074445,
              20.211896112882123
            ]
          ]
        ]
      }
    },
    {
      "type": "Feature",
      "properties": {
        "area": 0.0,
        "crop": "Ridgeguard(Tori)"
      },
      "geometry": {
        "type": "Polygon",
        "coordinates": [
          [
            [
              73.80167828737038,
              20.211896112882123
            ],
            [
              73.80167828737038,
              20.211891080108227
            ],
            [
              73.80168365258791,
              20.211891080108227
            ],
            [
              73.80168365258791,
              20.211896112882123
            ],
            [
              73.80167828737038,
              20.211896112882123
            ]
          ]
        ]
      }
    },
    {
      "type": "Feature",
      "properties": {
        "area": 0.0,
        "crop": "Drumstick"
      },
      "geometry": {
        "type": "Polygon",
        "coordinates": [
          [
            [
              73.79770266117951,
              20.211891080108227
            ],
            [
              73.79770266117951,
              20.211886047334175
            ],
            [
              73.7977133916146,
              20.211886047334175
            ],
            [
              73.7977133916146,
              20.211891080108227
            ],
            [
              73.79770266117951,
              20.211891080108227
            ]
          ]
        ]
      }
    },
    {
      "type": "Feature",
      "properties": {
        "area": 0.0,
        "crop": "Ridgeguard(Tori)"
      },
      "geometry": {
        "type": "Polygon",
        "coordinates": [
          [
            [
              73.7977133916146,
              20.211886047334175
            ],
            [
              73.7977133916146,
              20.21188101455997
            ],
            [
              73.79772412204964,
              20.21188101455997
            ],
            [
              73.79772412204964,
              20.211886047334175
            ],
            [
              73.7977133916146,
              20.211886047334175
            ]
          ]
        ]
      }
    },
    {
      "type": "Feature",
      "properties": {
        "area": 0.0,
        "crop": "Sweet Potato"
      },
      "geometry": {
        "type": "Polygon",
        "coordinates": [
          [
            [
              73.79775631335484,
              20.211870949011058
            ],
            [
              73.79775631335484,
              20.211865916236366
            ],
            [
              73.79776167857236,
              20.211865916236366
            ],
            [
              73.79776167857236,
              20.211870949011058
            ],
            [
              73.79775631335484,
              20.211870949011058
            ]
          ]
        ]
      }
    },
    {
      "type": "Feature",
      "properties": {
        "area": 0.0,
        "crop": "Drumstick"
      },
      "geometry": {
        "type": "Polygon",
        "coordinates": [
          [
            [
              73.79583020026102,
              20.211860883461487
            ],
            [
              73.79583020026102,
              20.211850817911277
            ],
            [
              73.79585166113114,
              20.211850817911277
            ],
            [
              73.7958462959136,
              20.211860883461487
            ],
            [
              73.79583020026102,
              20.211860883461487
            ]
          ]
        ]
      }
    },
    {
      "type": "Feature",
      "properties": {
        "area": 0.0,
        "crop": "Banana"
      },
      "geometry": {
        "type": "Polygon",
        "coordinates": [
          [
            [
              73.79591604374151,
              20.211845785135925
            ],
            [
              73.79591604374151,
              20.211835719584727
            ],
            [
              73.79593750461164,
              20.211835719584727
            ],
            [
              73.79593750461164,
              20.21184075236041
            ],
            [
              73.79591604374151,
              20.211845785135925
            ]
          ]
        ]
      }
    },
    {
      "type": "Feature",
      "properties": {
        "area": 0.0,
        "crop": "Arhar (Tur/Red Gram)(Whole)"
      },
      "geometry": {
        "type": "Polygon",
        "coordinates": [
          [
            [
              73.79594286982919,
              20.211835719584727
            ],
            [
              73.79594286982919,
              20.211830686808884
            ],
            [
              73.79595360026424,
              20.211830686808884
            ],
            [
              73.79595360026424,
              20.211835719584727
            ],
            [
              73.79594286982919,
              20.211835719584727
            ]
          ]
        ]
      }
    },
    {
      "type": "Feature",
      "properties": {
        "area": 0.93,
        "crop": "Jute"
      },
      "geometry": {
        "type": "Polygon",
        "coordinates": [
          [
            [
              73.79799774814374,
              20.2125453393489
            ],
            [
              73.79835721771835,
              20.212404422206404
            ],
            [
              73.79818553075735,
              20.2118105557039
            ],
            [
              73.79778850466,
              20.21196657169945
            ],
            [
              73.79799774814374,
              20.2125453393489
            ]
          ]
        ]
      }
    },
    {
      "type": "Feature",
      "properties": {
        "area": 0.0,
        "crop": "Cauliflower"
      },
      "geometry": {
        "type": "Polygon",
        "coordinates": [
          [
            [
              73.79705883507572,
              20.21195147338414
            ],
            [
              73.79706420029325,
              20.21193637506736
            ],
            [
              73.7970373742056,
              20.211820621256717
            ],
            [
              73.79704810464068,
              20.211921276749113
            ],
            [
              73.79705883507572,
              20.21195147338414
            ]
          ]
        ]
      }
    },
    {
      "type": "Feature",
      "properties": {
        "area": 0.0,
        "crop": "Bottle gourd"
      },
      "geometry": {
        "type": "Polygon",
        "coordinates": [
          [
            [
              73.79603944374475,
              20.211830686808884
            ],
            [
              73.796082365485,
              20.211830686808884
            ],
            [
              73.79610919157265,
              20.211820621256717
            ],
            [
              73.79602334809218,
              20.211820621256717
            ],
            [
              73.79603944374475,
              20.211830686808884
            ]
          ]
        ]
      }
    },
    {
      "type": "Feature",
      "properties": {
        "area": 0.0,
        "crop": "Sweet Potato"
      },
      "geometry": {
        "type": "Polygon",
        "coordinates": [
          [
            [
              73.79703200898808,
              20.211820621256717
            ],
            [
              73.79703200898808,
              20.21179042459629
            ],
            [
              73.7970373742056,
              20.21179042459629
            ],
            [
              73.7970373742056,
              20.211820621256717
            ],
            [
              73.79703200898808,
              20.211820621256717
            ]
          ]
        ]
      }
    },
    {
      "type": "Feature",
      "properties": {
        "area": 0.05,
        "crop": "Mango"
      },
      "geometry": {
        "type": "Polygon",
        "coordinates": [
          [
            [
              73.80036917429268,
              20.212404422206404
            ],
            [
              73.8003745395102,
              20.212379258417524
            ],
            [
              73.80033698298749,
              20.212258472174295
            ],
            [
              73.80025113950698,
              20.21214271860323
            ],
            [
              73.8002028525492,
              20.211926309522017
            ],
            [
              73.80032625255244,
              20.211860883461487
            ],
            [
              73.80043355690304,
              20.211865916236366
            ],
            [
              73.80067499169198,
              20.21176022793003
            ],
            [
              73.80024577428945,
              20.211875981785585
            ],
            [
              73.80018139167906,
              20.21191624397604
            ],
            [
              73.80022967863687,
              20.212127620305004
            ],
            [
              73.80036917429268,
              20.212404422206404
            ]
          ]
        ]
      }
    },
    {
      "type": "Feature",
      "properties": {
        "area": 0.0,
        "crop": "Karbuja(Musk Melon)"
      },
      "geometry": {
        "type": "Polygon",
        "coordinates": [
          [
            [
              73.79702664377055,
              20.21178035904153
            ],
            [
              73.79702664377055,
              20.211765260708155
            ],
            [
              73.79703200898808,
              20.211765260708155
            ],
            [
              73.79703200898808,
              20.21178035904153
            ],
            [
              73.79702664377055,
              20.21178035904153
            ]
          ]
        ]
      }
    },
    {
      "type": "Feature",
      "properties": {
        "area": 0.0,
        "crop": "Apple"
      },
      "geometry": {
        "type": "Polygon",
        "coordinates": [
          [
            [
              73.80067499169198,
              20.21176022793003
            ],
            [
              73.80067499169198,
              20.21175519515175
            ],
            [
              73.80069108734457,
              20.21175519515175
            ],
            [
              73.80069108734457,
              20.21176022793003
            ],
            [
              73.80067499169198,
              20.21176022793003
            ]
          ]
        ]
      }
    },
    {
      "type": "Feature",
      "properties": {
        "area": 2.51,
        "crop": "Jute"
      },
      "geometry": {
        "type": "Polygon",
        "coordinates": [
          [
            [
              73.80047111342579,
              20.212802009530563
            ],
            [
              73.80123833953279,
              20.212595666868864
            ],
            [
              73.8009325221335,
              20.211709900139883
            ],
            [
              73.8002028525492,
              20.211926309522017
            ],
            [
              73.80047111342579,
              20.212802009530563
            ]
          ]
        ]
      }
    },
    {
      "type": "Feature",
      "properties": {
        "area": 2.25,
        "crop": "Bajra(Pearl Millet/Cumbu)"
      },
      "geometry": {
        "type": "Polygon",
        "coordinates": [
          [
            [
              73.80311616566883,
              20.212998286442666
            ],
            [
              73.80337906132787,
              20.212958024532156
            ],
            [
              73.80341125263307,
              20.212776845805973
            ],
            [
              73.80365268742199,
              20.212676190866958
            ],
            [
              73.80342734828564,
              20.211735064036997
            ],
            [
              73.80287473087989,
              20.211845785135925
            ],
            [
              73.80311616566883,
              20.212998286442666
            ]
          ]
        ]
      }
    },
    {
      "type": "Feature",
      "properties": {
        "area": 0.01,
        "crop": "Arhar (Tur/Red Gram)(Whole)"
      },
      "geometry": {
        "type": "Polygon",
        "coordinates": [
          [
            [
              73.79776704378989,
              20.211865916236366
            ],
            [
              73.79785288727041,
              20.211835719584727
            ],
            [
              73.79784752205288,
              20.211724998478637
            ],
            [
              73.79784752205288,
              20.21180552292725
            ],
            [
              73.79776704378989,
              20.211865916236366
            ]
          ]
        ]
      }
    },
    {
      "type": "Feature",
      "properties": {
        "area": 0.0,
        "crop": "Water Melon"
      },
      "geometry": {
        "type": "Polygon",
        "coordinates": [
          [
            [
              73.80069108734457,
              20.21175519515175
            ],
            [
              73.80075546995495,
              20.211724998478637
            ],
            [
              73.8007983916952,
              20.21171996569922
            ],
            [
              73.8007340090848,
              20.211750162373306
            ],
            [
              73.80069108734457,
              20.21175519515175
            ]
          ]
        ]
      }
    },
    {
      "type": "Feature",
      "properties": {
        "area": 0.0,
        "crop": "Bengal Gram(Gram)(Whole)"
      },
      "geometry": {
        "type": "Polygon",
        "coordinates": [
          [
            [
              73.8030947047987,
              20.211735064036997
            ],
            [
              73.8030947047987,
              20.211730031257897
            ],
            [
              73.80310007001623,
              20.211730031257897
            ],
            [
              73.80310007001623,
              20.211735064036997
            ],
            [
              73.8030947047987,
              20.211735064036997
            ]
          ]
        ]
      }
    },
    {
      "type": "Feature",
      "properties": {
        "area": 0.0,
        "crop": "Pomegranate"
      },
      "geometry": {
        "type": "Polygon",
        "coordinates": [
          [
            [
              73.80310007001623,
              20.21171996569922
            ],
            [
              73.80310007001623,
              20.21171493291963
            ],
            [
              73.80310543523377,
              20.21171493291963
            ],
            [
              73.80310543523377,
              20.21171996569922
            ],
            [
              73.80310007001623,
              20.21171996569922
            ]
          ]
        ]
      }
    },
    {
      "type": "Feature",
      "properties": {
        "area": 1.52,
        "crop": "Maize"
      },
      "geometry": {
        "type": "Polygon",
        "coordinates": [
          [
            [
              73.79840550467615,
              20.212399389448947
            ],
            [
              73.79914590469551,
              20.212182980724666
            ],
            [
              73.79900104382214,
              20.21168473623871
            ],
            [
              73.79823381771516,
              20.211830686808884
            ],
            [
              73.79840550467615,
              20.212399389448947
            ]
          ]
        ]
      }
    },
    {
      "type": "Feature",
      "properties": {
        "area": 0.05,
        "crop": "Onion Green"
      },
      "geometry": {
        "type": "Polygon",
        "coordinates": [
          [
            [
              73.79695689594264,
              20.211860883461487
            ],
            [
              73.79701054811794,
              20.21175519515175
            ],
            [
              73.79689787854979,
              20.21168976901928
            ],
            [
              73.79689251333225,
              20.21180552292725
            ],
            [
              73.79695689594264,
              20.211860883461487
            ]
          ]
        ]
      }
    },
    {
      "type": "Feature",
      "properties": {
        "area": 0.0,
        "crop": "Onion Green"
      },
      "geometry": {
        "type": "Polygon",
        "coordinates": [
          [
            [
              73.797021278553,
              20.211724998478637
            ],
            [
              73.797021278553,
              20.21168473623871
            ],
            [
              73.79702664377055,
              20.21168473623871
            ],
            [
              73.79702664377055,
              20.211724998478637
            ],
            [
              73.797021278553,
              20.211724998478637
            ]
          ]
        ]
      }
    },
    {
      "type": "Feature",
      "properties": {
        "area": 0.0,
        "crop": "Bitter gourd"
      },
      "geometry": {
        "type": "Polygon",
        "coordinates": [
          [
            [
              73.79783679161781,
              20.21171996569922
            ],
            [
              73.79783679161781,
              20.21168976901928
            ],
            [
              73.79784215683534,
              20.21168976901928
            ],
            [
              73.79784215683534,
              20.21171996569922
            ],
            [
              73.79783679161781,
              20.21171996569922
            ]
          ]
        ]
      }
    },
    {
      "type": "Feature",
      "properties": {
        "area": 0.01,
        "crop": "Cabbage"
      },
      "geometry": {
        "type": "Polygon",
        "coordinates": [
          [
            [
              73.80107201778932,
              20.211981670013305
            ],
            [
              73.80107738300684,
              20.21195650615607
            ],
            [
              73.80099690474388,
              20.211740096815927
            ],
            [
              73.80093788735103,
              20.211699834579907
            ],
            [
              73.8007983916952,
              20.21171493291963
            ],
            [
              73.80098080909127,
              20.211740096815927
            ],
            [
              73.80107201778932,
              20.211981670013305
            ]
          ]
        ]
      }
    },
    {
      "type": "Feature",
      "properties": {
        "area": 0.0,
        "crop": "Black Gram (Urd Beans)(Whole)"
      },
      "geometry": {
        "type": "Polygon",
        "coordinates": [
          [
            [
              73.80164609606518,
              20.21171996569922
            ],
            [
              73.80164609606518,
              20.211704867359977
            ],
            [
              73.8016514612827,
              20.211704867359977
            ],
            [
              73.8016514612827,
              20.21171996569922
            ],
            [
              73.80164609606518,
              20.21171996569922
            ]
          ]
        ]
      }
    },
    {
      "type": "Feature",
      "properties": {
        "area": 0.0,
        "crop": "Tender Coconut"
      },
      "geometry": {
        "type": "Polygon",
        "coordinates": [
          [
            [
              73.80164073084767,
              20.21168976901928
            ],
            [
              73.80164073084767,
              20.211674670677105
            ],
            [
              73.80164609606518,
              20.211674670677105
            ],
            [
              73.80164609606518,
              20.21168976901928
            ],
            [
              73.80164073084767,
              20.21168976901928
            ]
          ]
        ]
      }
    },
    {
      "type": "Feature",
      "properties": {
        "area": 0.09,
        "crop": "Bitter gourd"
      },
      "geometry": {
        "type": "Polygon",
        "coordinates": [
          [
            [
              73.80314835697402,
              20.21177029348611
            ],
            [
              73.80339515698047,
              20.211735064036997
            ],
            [
              73.8034219830681,
              20.21168976901928
            ],
            [
              73.80313226132141,
              20.21166963789606
            ],
            [
              73.80314835697402,
              20.21177029348611
            ]
          ]
        ]
      }
    },
    {
      "type": "Feature",
      "properties": {
        "area": 0.0,
        "crop": "Banana"
      },
      "geometry": {
        "type": "Polygon",
        "coordinates": [
          [
            [
              73.79783142640028,
              20.21168473623871
            ],
            [
              73.79783142640028,
              20.211659572333467
            ],
            [
              73.79783679161781,
              20.211659572333467
            ],
            [
              73.79783679161781,
              20.21168473623871
            ],
            [
              73.79783142640028,
              20.21168473623871
            ]
          ]
        ]
      }
    },
    {
      "type": "Feature",
      "properties": {
        "area": 0.0,
        "crop": "Bhindi(Ladies Finger)"
      },
      "geometry": {
        "type": "Polygon",
        "coordinates": [
          [
            [
              73.79687105246214,
              20.211674670677105
            ],
            [
              73.79687105246214,
              20.211634408424164
            ],
            [
              73.79687641767967,
              20.211634408424164
            ],
            [
              73.79687641767967,
              20.211674670677105
            ],
            [
              73.79687105246214,
              20.211674670677105
            ]
          ]
        ]
      }
    },
    {
      "type": "Feature",
      "properties": {
        "area": 0.0,
        "crop": "Amla(Nelli Kai)"
      },
      "geometry": {
        "type": "Polygon",
        "coordinates": [
          [
            [
              73.80310007001623,
              20.211674670677105
            ],
            [
              73.80310007001623,
              20.211649506770232
            ],
            [
              73.80310543523377,
              20.211649506770232
            ],
            [
              73.80310543523377,
              20.211674670677105
            ],
            [
              73.80310007001623,
              20.211674670677105
            ]
          ]
        ]
      }
    },
    {
      "type": "Feature",
      "properties": {
        "area": 0.0,
        "crop": "Brinjal"
      },
      "geometry": {
        "type": "Polygon",
        "coordinates": [
          [
            [
              73.7961521133129,
              20.21166963789606
            ],
            [
              73.7961521133129,
              20.211649506770232
            ],
            [
              73.79615747853046,
              20.211649506770232
            ],
            [
              73.79615747853046,
              20.21166963789606
            ],
            [
              73.7961521133129,
              20.21166963789606
            ]
          ]
        ]
      }
    },
    {
      "type": "Feature",
      "properties": {
        "area": 0.0,
        "crop": "Grapes"
      },
      "geometry": {
        "type": "Polygon",
        "coordinates": [
          [
            [
              73.80163536563013,
              20.211659572333467
            ],
            [
              73.80163536563013,
              20.211654539551937
            ],
            [
              73.80164073084767,
              20.211654539551937
            ],
            [
              73.80164073084767,
              20.211659572333467
            ],
            [
              73.80163536563013,
              20.211659572333467
            ]
          ]
        ]
      }
    },
    {
      "type": "Feature",
      "properties": {
        "area": 0.0,
        "crop": "Drumstick"
      },
      "geometry": {
        "type": "Polygon",
        "coordinates": [
          [
            [
              73.79782606118275,
              20.211649506770232
            ],
            [
              73.79782606118275,
              20.211619310076607
            ],
            [
              73.79783142640028,
              20.211619310076607
            ],
            [
              73.79783142640028,
              20.211649506770232
            ],
            [
              73.79782606118275,
              20.211649506770232
            ]
          ]
        ]
      }
    },
    {
      "type": "Feature",
      "properties": {
        "area": 0.0,
        "crop": "Banana"
      },
      "geometry": {
        "type": "Polygon",
        "coordinates": [
          [
            [
              73.79614674809538,
              20.211639441206348
            ],
            [
              73.79614674809538,
              20.21162434285929
            ],
            [
              73.7961521133129,
              20.21162434285929
            ],
            [
              73.7961521133129,
              20.211639441206348
            ],
            [
              73.79614674809538,
              20.211639441206348
            ]
          ]
        ]
      }
    },
    {
      "type": "Feature",
      "properties": {
        "area": 0.0,
        "crop": "Papaya"
      },
      "geometry": {
        "type": "Polygon",
        "coordinates": [
          [
            [
              73.79614138287785,
              20.21162434285929
            ],
            [
              73.79614138287785,
              20.21160924451078
            ],
            [
              73.79614674809538,
              20.21160924451078
            ],
            [
              73.79614674809538,
              20.21162434285929
            ],
            [
              73.79614138287785,
              20.21162434285929
            ]
          ]
        ]
      }
    },
    {
      "type": "Feature",
      "properties": {
        "area": 0.0,
        "crop": "Bottle gourd"
      },
      "geometry": {
        "type": "Polygon",
        "coordinates": [
          [
            [
              73.8030947047987,
              20.21162434285929
            ],
            [
              73.8030947047987,
              20.211599178944283
            ],
            [
              73.80310007001623,
              20.211599178944283
            ],
            [
              73.80310007001623,
              20.21162434285929
            ],
            [
              73.8030947047987,
              20.21162434285929
            ]
          ]
        ]
      }
    },
    {
      "type": "Feature",
      "properties": {
        "area": 0.0,
        "crop": "Green Peas"
      },
      "geometry": {
        "type": "Polygon",
        "coordinates": [
          [
            [
              73.80163536563013,
              20.21161427729378
            ],
            [
              73.80163536563013,
              20.211599178944283
            ],
            [
              73.80164073084767,
              20.211599178944283
            ],
            [
              73.80164073084767,
              20.21161427729378
            ],
            [
              73.80163536563013,
              20.21161427729378
            ]
          ]
        ]
      }
    },
    {
      "type": "Feature",
      "properties": {
        "area": 0.0,
        "crop": "Lime"
      },
      "geometry": {
        "type": "Polygon",
        "coordinates": [
          [
            [
              73.80308933958118,
              20.2115941461608
            ],
            [
              73.80308933958118,
              20.21158911337714
            ],
            [
              73.8030947047987,
              20.21158911337714
            ],
            [
              73.8030947047987,
              20.2115941461608
            ],
            [
              73.80308933958118,
              20.2115941461608
            ]
          ]
        ]
      }
    },
    {
      "type": "Feature",
      "properties": {
        "area": 0.0,
        "crop": "Carrot"
      },
      "geometry": {
        "type": "Polygon",
        "coordinates": [
          [
            [
              73.7961360176603,
              20.21160924451078
            ],
            [
              73.7961360176603,
              20.21157904780935
            ],
            [
              73.79614138287785,
              20.21157904780935
            ],
            [
              73.79614138287785,
              20.21160924451078
            ],
            [
              73.7961360176603,
              20.21160924451078
            ]
          ]
        ]
      }
    },
    {
      "type": "Feature",
      "properties": {
        "area": 0.0,
        "crop": "Brinjal"
      },
      "geometry": {
        "type": "Polygon",
        "coordinates": [
          [
            [
              73.7978206959652,
              20.21158408059333
            ],
            [
              73.7978206959652,
              20.2115689822409
            ],
            [
              73.79782606118275,
              20.2115689822409
            ],
            [
              73.79782606118275,
              20.21158408059333
            ],
            [
              73.7978206959652,
              20.21158408059333
            ]
          ]
        ]
      }
    },
    {
      "type": "Feature",
      "properties": {
        "area": 0.0,
        "crop": "Chikoos(Sapota)"
      },
      "geometry": {
        "type": "Polygon",
        "coordinates": [
          [
            [
              73.7968656872446,
              20.211629375641802
            ],
            [
              73.79687105246214,
              20.21158911337714
            ],
            [
              73.7968656872446,
              20.2115689822409
            ],
            [
              73.79684422637447,
              20.211558916671816
            ],
            [
              73.7968656872446,
              20.211629375641802
            ]
          ]
        ]
      }
    },
    {
      "type": "Feature",
      "properties": {
        "area": 0.0,
        "crop": "Papaya"
      },
      "geometry": {
        "type": "Polygon",
        "coordinates": [
          [
            [
              73.79683886115694,
              20.211558916671816
            ],
            [
              73.79683886115694,
              20.21155388388702
            ],
            [
              73.79684422637447,
              20.21155388388702
            ],
            [
              73.79684422637447,
              20.211558916671816
            ],
            [
              73.79683886115694,
              20.211558916671816
            ]
          ]
        ]
      }
    },
    {
      "type": "Feature",
      "properties": {
        "area": 0.0,
        "crop": "Pomegranate"
      },
      "geometry": {
        "type": "Polygon",
        "coordinates": [
          [
            [
              73.80163536563013,
              20.211558916671816
            ],
            [
              73.80163536563013,
              20.21155388388702
            ],
            [
              73.80164073084767,
              20.21155388388702
            ],
            [
              73.80164073084767,
              20.211558916671816
            ],
            [
              73.80163536563013,
              20.211558916671816
            ]
          ]
        ]
      }
    },
    {
      "type": "Feature",
      "properties": {
        "area": 0.0,
        "crop": "Banana"
      },
      "geometry": {
        "type": "Polygon",
        "coordinates": [
          [
            [
              73.8030786091461,
              20.211558916671816
            ],
            [
              73.8030786091461,
              20.21155388388702
            ],
            [
              73.80308397436363,
              20.21155388388702
            ],
            [
              73.80308397436363,
              20.211558916671816
            ],
            [
              73.8030786091461,
              20.211558916671816
            ]
          ]
        ]
      }
    },
    {
      "type": "Feature",
      "properties": {
        "area": 0.0,
        "crop": "Cabbage"
      },
      "geometry": {
        "type": "Polygon",
        "coordinates": [
          [
            [
              73.79683349593941,
              20.21155388388702
            ],
            [
              73.79683349593941,
              20.21154885110206
            ],
            [
              73.79683886115694,
              20.21154885110206
            ],
            [
              73.79683886115694,
              20.21155388388702
            ],
            [
              73.79683349593941,
              20.21155388388702
            ]
          ]
        ]
      }
    },
    {
      "type": "Feature",
      "properties": {
        "area": 1.39,
        "crop": "Maize"
      },
      "geometry": {
        "type": "Polygon",
        "coordinates": [
          [
            [
              73.80127053083798,
              20.212424553234563
            ],
            [
              73.80174266998075,
              20.21230879978703
            ],
            [
              73.80157098301974,
              20.211543818316947
            ],
            [
              73.80107738300684,
              20.211730031257897
            ],
            [
              73.80127053083798,
              20.212424553234563
            ]
          ]
        ]
      }
    },
    {
      "type": "Feature",
      "properties": {
        "area": 1.35,
        "crop": "Jute"
      },
      "geometry": {
        "type": "Polygon",
        "coordinates": [
          [
            [
              73.79586775678374,
              20.212117554772036
            ],
            [
              73.7968871481147,
              20.211946440612035
            ],
            [
              73.79685495680954,
              20.2115689822409
            ],
            [
              73.79620576548821,
              20.21158911337714
            ],
            [
              73.79614674809538,
              20.211815588480388
            ],
            [
              73.79583020026102,
              20.211860883461487
            ],
            [
              73.79586775678374,
              20.212117554772036
            ]
          ]
        ]
      }
    },
    {
      "type": "Feature",
      "properties": {
        "area": 0.0,
        "crop": "Bitter gourd"
      },
      "geometry": {
        "type": "Polygon",
        "coordinates": [
          [
            [
              73.79682813072188,
              20.21154885110206
            ],
            [
              73.79682813072188,
              20.211543818316947
            ],
            [
              73.79683349593941,
              20.211543818316947
            ],
            [
              73.79683349593941,
              20.21154885110206
            ],
            [
              73.79682813072188,
              20.21154885110206
            ]
          ]
        ]
      }
    },
    {
      "type": "Feature",
      "properties": {
        "area": 0.0,
        "crop": "Arhar (Tur/Red Gram)(Whole)"
      },
      "geometry": {
        "type": "Polygon",
        "coordinates": [
          [
            [
              73.79665644376087,
              20.211543818316947
            ],
            [
              73.79667253941348,
              20.211533752746224
            ],
            [
              73.79682813072188,
              20.211538785531673
            ],
            [
              73.79682813072188,
              20.211543818316947
            ],
            [
              73.79665644376087,
              20.211543818316947
            ]
          ]
        ]
      }
    },
    {
      "type": "Feature",
      "properties": {
        "area": 0.0,
        "crop": "Bitter gourd"
      },
      "geometry": {
        "type": "Polygon",
        "coordinates": [
          [
            [
              73.80164073084767,
              20.211543818316947
            ],
            [
              73.80164073084767,
              20.211538785531673
            ],
            [
              73.80164609606518,
              20.211538785531673
            ],
            [
              73.80164609606518,
              20.211543818316947
            ],
            [
              73.80164073084767,
              20.211543818316947
            ]
          ]
        ]
      }
    },
    {
      "type": "Feature",
      "properties": {
        "area": 0.0,
        "crop": "Orange"
      },
      "geometry": {
        "type": "Polygon",
        "coordinates": [
          [
            [
              73.80307324392858,
              20.211543818316947
            ],
            [
              73.80307324392858,
              20.211538785531673
            ],
            [
              73.8030786091461,
              20.211538785531673
            ],
            [
              73.8030786091461,
              20.211543818316947
            ],
            [
              73.80307324392858,
              20.211543818316947
            ]
          ]
        ]
      }
    },
    {
      "type": "Feature",
      "properties": {
        "area": 0.0,
        "crop": "Cabbage"
      },
      "geometry": {
        "type": "Polygon",
        "coordinates": [
          [
            [
              73.80164609606518,
              20.211533752746224
            ],
            [
              73.80164609606518,
              20.211523687174846
            ],
            [
              73.8016514612827,
              20.211523687174846
            ],
            [
              73.8016514612827,
              20.211533752746224
            ],
            [
              73.80164609606518,
              20.211533752746224
            ]
          ]
        ]
      }
    },
    {
      "type": "Feature",
      "properties": {
        "area": 0.0,
        "crop": "Guava"
      },
      "geometry": {
        "type": "Polygon",
        "coordinates": [
          [
            [
              73.8016514612827,
              20.211518654388918
            ],
            [
              73.8016514612827,
              20.21151362160282
            ],
            [
              73.80165682650023,
              20.21151362160282
            ],
            [
              73.80165682650023,
              20.211518654388918
            ],
            [
              73.8016514612827,
              20.211518654388918
            ]
          ]
        ]
      }
    },
    {
      "type": "Feature",
      "properties": {
        "area": 0.14,
        "crop": "Maize"
      },
      "geometry": {
        "type": "Polygon",
        "coordinates": [
          [
            [
              73.80017066124402,
              20.211835719584727
            ],
            [
              73.8003047916823,
              20.211795457373444
            ],
            [
              73.80022431341933,
              20.211468326520652
            ],
            [
              73.80014383515635,
              20.21157904780935
            ],
            [
              73.80017066124402,
              20.211835719584727
            ]
          ]
        ]
      }
    },
    {
      "type": "Feature",
      "properties": {
        "area": 0.0,
        "crop": "Cauliflower"
      },
      "geometry": {
        "type": "Polygon",
        "coordinates": [
          [
            [
              73.79781533074768,
              20.211563949456437
            ],
            [
              73.7978206959652,
              20.211543818316947
            ],
            [
              73.7978046003126,
              20.211478392095607
            ],
            [
              73.7978046003126,
              20.211533752746224
            ],
            [
              73.79781533074768,
              20.211563949456437
            ]
          ]
        ]
      }
    },
    {
      "type": "Feature",
      "properties": {
        "area": 0.0,
        "crop": "Karbuja(Musk Melon)"
      },
      "geometry": {
        "type": "Polygon",
        "coordinates": [
          [
            [
              73.80306787871103,
              20.211523687174846
            ],
            [
              73.80306787871103,
              20.211473359308215
            ],
            [
              73.80307324392858,
              20.211473359308215
            ],
            [
              73.80307324392858,
              20.211523687174846
            ],
            [
              73.80306787871103,
              20.211523687174846
            ]
          ]
        ]
      }
    },
    {
      "type": "Feature",
      "properties": {
        "area": 0.0,
        "crop": "Onion"
      },
      "geometry": {
        "type": "Polygon",
        "coordinates": [
          [
            [
              73.80165682650023,
              20.21150858881657
            ],
            [
              73.80165682650023,
              20.211503556030145
            ],
            [
              73.80166219171778,
              20.211503556030145
            ],
            [
              73.80166219171778,
              20.21150858881657
            ],
            [
              73.80165682650023,
              20.21150858881657
            ]
          ]
        ]
      }
    },
    {
      "type": "Feature",
      "properties": {
        "area": 0.0,
        "crop": "Cabbage"
      },
      "geometry": {
        "type": "Polygon",
        "coordinates": [
          [
            [
              73.80167828737038,
              20.211488457669905
            ],
            [
              73.80167828737038,
              20.21148342488284
            ],
            [
              73.80168365258791,
              20.21148342488284
            ],
            [
              73.80168365258791,
              20.211488457669905
            ],
            [
              73.80167828737038,
              20.211488457669905
            ]
          ]
        ]
      }
    },
    {
      "type": "Feature",
      "properties": {
        "area": 0.0,
        "crop": "Ridgeguard(Tori)"
      },
      "geometry": {
        "type": "Polygon",
        "coordinates": [
          [
            [
              73.79585702634867,
              20.211478392095607
            ],
            [
              73.79585702634867,
              20.211473359308215
            ],
            [
              73.7958623915662,
              20.211473359308215
            ],
            [
              73.7958623915662,
              20.211478392095607
            ],
            [
              73.79585702634867,
              20.211478392095607
            ]
          ]
        ]
      }
    },
    {
      "type": "Feature",
      "properties": {
        "area": 0.0,
        "crop": "Bitter gourd"
      },
      "geometry": {
        "type": "Polygon",
        "coordinates": [
          [
            [
              73.80307324392858,
              20.211473359308215
            ],
            [
              73.80307324392858,
              20.211468326520652
            ],
            [
              73.8030786091461,
              20.211468326520652
            ],
            [
              73.8030786091461,
              20.211473359308215
            ],
            [
              73.80307324392858,
              20.211473359308215
            ]
          ]
        ]
      }
    },
    {
      "type": "Feature",
      "properties": {
        "area": 0.36,
        "crop": "Jowar(Sorghum)"
      },
      "geometry": {
        "type": "Polygon",
        "coordinates": [
          [
            [
              73.79583020026102,
              20.211850817911277
            ],
            [
              73.79583020026102,
              20.211488457669905
            ],
            [
              73.79609846113759,
              20.211463293732933
            ],
            [
              73.7961521133129,
              20.21180049015043
            ],
            [
              73.79583020026102,
              20.211850817911277
            ]
          ]
        ]
      }
    },
    {
      "type": "Feature",
      "properties": {
        "area": 0.04,
        "crop": "Onion"
      },
      "geometry": {
        "type": "Polygon",
        "coordinates": [
          [
            [
              73.79614138287785,
              20.2115689822409
            ],
            [
              73.79622186114081,
              20.211543818316947
            ],
            [
              73.79622186114081,
              20.211458260945037
            ],
            [
              73.79613065244278,
              20.211458260945037
            ],
            [
              73.79614138287785,
              20.2115689822409
            ]
          ]
        ]
      }
    },
    {
      "type": "Feature",
      "properties": {
        "area": 0.0,
        "crop": "Bitter gourd"
      },
      "geometry": {
        "type": "Polygon",
        "coordinates": [
          [
            [
              73.79779923509508,
              20.211468326520652
            ],
            [
              73.79779923509508,
              20.211453228156998
            ],
            [
              73.7978046003126,
              20.211453228156998
            ],
            [
              73.7978046003126,
              20.211468326520652
            ],
            [
              73.79779923509508,
              20.211468326520652
            ]
          ]
        ]
      }
    },
    {
      "type": "Feature",
      "properties": {
        "area": 0.0,
        "crop": "Grapes"
      },
      "geometry": {
        "type": "Polygon",
        "coordinates": [
          [
            [
              73.8030786091461,
              20.211468326520652
            ],
            [
              73.8030786091461,
              20.211463293732933
            ],
            [
              73.80308397436363,
              20.211463293732933
            ],
            [
              73.80308397436363,
              20.211468326520652
            ],
            [
              73.8030786091461,
              20.211468326520652
            ]
          ]
        ]
      }
    },
    {
      "type": "Feature",
      "properties": {
        "area": 0.0,
        "crop": "Bottle gourd"
      },
      "geometry": {
        "type": "Polygon",
        "coordinates": [
          [
            [
              73.79611992200773,
              20.211458260945037
            ],
            [
              73.79611992200773,
              20.211453228156998
            ],
            [
              73.79612528722525,
              20.211453228156998
            ],
            [
              73.79612528722525,
              20.211458260945037
            ],
            [
              73.79611992200773,
              20.211458260945037
            ]
          ]
        ]
      }
    },
    {
      "type": "Feature",
      "properties": {
        "area": 0.0,
        "crop": "Tender Coconut"
      },
      "geometry": {
        "type": "Polygon",
        "coordinates": [
          [
            [
              73.80308933958118,
              20.211458260945037
            ],
            [
              73.80308933958118,
              20.211453228156998
            ],
            [
              73.8030947047987,
              20.211453228156998
            ],
            [
              73.8030947047987,
              20.211458260945037
            ],
            [
              73.80308933958118,
              20.211458260945037
            ]
          ]
        ]
      }
    },
    {
      "type": "Feature",
      "properties": {
        "area": 0.0,
        "crop": "Pomegranate"
      },
      "geometry": {
        "type": "Polygon",
        "coordinates": [
          [
            [
              73.79779386987757,
              20.211448195368785
            ],
            [
              73.79779386987757,
              20.211433097003184
            ],
            [
              73.79779923509508,
              20.211433097003184
            ],
            [
              73.79779923509508,
              20.211448195368785
            ],
            [
              73.79779386987757,
              20.211448195368785
            ]
          ]
        ]
      }
    },
    {
      "type": "Feature",
      "properties": {
        "area": 0.05,
        "crop": "Carrot"
      },
      "geometry": {
        "type": "Polygon",
        "coordinates": [
          [
            [
              73.79668863506605,
              20.21151362160282
            ],
            [
              73.7967959394167,
              20.21149349045681
            ],
            [
              73.79677447854655,
              20.211392834687747
            ],
            [
              73.7966457133258,
              20.21141799863611
            ],
            [
              73.79668863506605,
              20.21151362160282
            ]
          ]
        ]
      }
    },
    {
      "type": "Feature",
      "properties": {
        "area": 0.01,
        "crop": "Grapes"
      },
      "geometry": {
        "type": "Polygon",
        "coordinates": [
          [
            [
              73.80168365258791,
              20.21148342488284
            ],
            [
              73.8017158438931,
              20.211443162580416
            ],
            [
              73.80179632215608,
              20.21140793305724
            ],
            [
              73.80177486128594,
              20.21143812979188
            ],
            [
              73.80168365258791,
              20.21148342488284
            ]
          ]
        ]
      }
    },
    {
      "type": "Feature",
      "properties": {
        "area": 0.0,
        "crop": "Karbuja(Musk Melon)"
      },
      "geometry": {
        "type": "Polygon",
        "coordinates": [
          [
            [
              73.79778850466,
              20.211423031425298
            ],
            [
              73.79778850466,
              20.21141799863611
            ],
            [
              73.79779386987757,
              20.21141799863611
            ],
            [
              73.79779386987757,
              20.211423031425298
            ],
            [
              73.79778850466,
              20.211423031425298
            ]
          ]
        ]
      }
    },
    {
      "type": "Feature",
      "properties": {
        "area": 0.0,
        "crop": "Mango (Raw-Ripe)"
      },
      "geometry": {
        "type": "Polygon",
        "coordinates": [
          [
            [
              73.80321810480193,
              20.211423031425298
            ],
            [
              73.80321810480193,
              20.21141799863611
            ],
            [
              73.80322347001946,
              20.21141799863611
            ],
            [
              73.80322347001946,
              20.211423031425298
            ],
            [
              73.80321810480193,
              20.211423031425298
            ]
          ]
        ]
      }
    },
    {
      "type": "Feature",
      "properties": {
        "area": 0.0,
        "crop": "Bottle gourd"
      },
      "geometry": {
        "type": "Polygon",
        "coordinates": [
          [
            [
              73.80323956567206,
              20.21141799863611
            ],
            [
              73.80323956567206,
              20.211412965846762
            ],
            [
              73.80324493088959,
              20.211412965846762
            ],
            [
              73.80324493088959,
              20.21141799863611
            ],
            [
              73.80323956567206,
              20.21141799863611
            ]
          ]
        ]
      }
    },
    {
      "type": "Feature",
      "properties": {
        "area": 0.0,
        "crop": "Banana"
      },
      "geometry": {
        "type": "Polygon",
        "coordinates": [
          [
            [
              73.80179632215608,
              20.21140793305724
            ],
            [
              73.80179632215608,
              20.21140290026758
            ],
            [
              73.8018016873736,
              20.21140290026758
            ],
            [
              73.8018016873736,
              20.21140793305724
            ],
            [
              73.80179632215608,
              20.21140793305724
            ]
          ]
        ]
      }
    },
    {
      "type": "Feature",
      "properties": {
        "area": 0.0,
        "crop": "Papaya"
      },
      "geometry": {
        "type": "Polygon",
        "coordinates": [
          [
            [
              73.79777777422497,
              20.211392834687747
            ],
            [
              73.79777777422497,
              20.21138780189758
            ],
            [
              73.79778313944249,
              20.21138780189758
            ],
            [
              73.79778313944249,
              20.211392834687747
            ],
            [
              73.79777777422497,
              20.211392834687747
            ]
          ]
        ]
      }
    },
    {
      "type": "Feature",
      "properties": {
        "area": 0.0,
        "crop": "Tender Coconut"
      },
      "geometry": {
        "type": "Polygon",
        "coordinates": [
          [
            [
              73.80182851346125,
              20.211392834687747
            ],
            [
              73.80182851346125,
              20.21138780189758
            ],
            [
              73.8018338786788,
              20.21138780189758
            ],
            [
              73.8018338786788,
              20.211392834687747
            ],
            [
              73.80182851346125,
              20.211392834687747
            ]
          ]
        ]
      }
    },
    {
      "type": "Feature",
      "properties": {
        "area": 0.0,
        "crop": "Arhar (Tur/Red Gram)(Whole)"
      },
      "geometry": {
        "type": "Polygon",
        "coordinates": [
          [
            [
              73.80329858306489,
              20.211392834687747
            ],
            [
              73.80329858306489,
              20.21138780189758
            ],
            [
              73.80330394828242,
              20.21138780189758
            ],
            [
              73.80330394828242,
              20.211392834687747
            ],
            [
              73.80329858306489,
              20.211392834687747
            ]
          ]
        ]
      }
    },
    {
      "type": "Feature",
      "properties": {
        "area": 1.68,
        "crop": "Bajra(Pearl Millet/Cumbu)"
      },
      "geometry": {
        "type": "Polygon",
        "coordinates": [
          [
            [
              73.79922101774093,
              20.212157816899996
            ],
            [
              73.80002043515313,
              20.211860883461487
            ],
            [
              73.79992386123757,
              20.21137773631676
            ],
            [
              73.79907615686759,
              20.211639441206348
            ],
            [
              73.79922101774093,
              20.212157816899996
            ]
          ]
        ]
      }
    },
    {
      "type": "Feature",
      "properties": {
        "area": 0.0,
        "crop": "Cabbage"
      },
      "geometry": {
        "type": "Polygon",
        "coordinates": [
          [
            [
              73.8018338786788,
              20.21138780189758
            ],
            [
              73.8018338786788,
              20.211382769107257
            ],
            [
              73.80183924389632,
              20.211382769107257
            ],
            [
              73.80183924389632,
              20.21138780189758
            ],
            [
              73.8018338786788,
              20.21138780189758
            ]
          ]
        ]
      }
    },
    {
      "type": "Feature",
      "properties": {
        "area": 0.0,
        "crop": "Ridgeguard(Tori)"
      },
      "geometry": {
        "type": "Polygon",
        "coordinates": [
          [
            [
              73.80330394828242,
              20.21138780189758
            ],
            [
              73.80330394828242,
              20.211382769107257
            ],
            [
              73.80330931349997,
              20.211382769107257
            ],
            [
              73.80330931349997,
              20.21138780189758
            ],
            [
              73.80330394828242,
              20.21138780189758
            ]
          ]
        ]
      }
    },
    {
      "type": "Feature",
      "properties": {
        "area": 0.0,
        "crop": "Tender Coconut"
      },
      "geometry": {
        "type": "Polygon",
        "coordinates": [
          [
            [
              73.79777240900744,
              20.211382769107257
            ],
            [
              73.79777240900744,
              20.21137773631676
            ],
            [
              73.79777777422497,
              20.21137773631676
            ],
            [
              73.79777777422497,
              20.211382769107257
            ],
            [
              73.79777240900744,
              20.211382769107257
            ]
          ]
        ]
      }
    },
    {
      "type": "Feature",
      "properties": {
        "area": 0.0,
        "crop": "Black Gram (Urd Beans)(Whole)"
      },
      "geometry": {
        "type": "Polygon",
        "coordinates": [
          [
            [
              73.80183924389632,
              20.211382769107257
            ],
            [
              73.80183924389632,
              20.21137773631676
            ],
            [
              73.80184460911384,
              20.21137773631676
            ],
            [
              73.80184460911384,
              20.211382769107257
            ],
            [
              73.80183924389632,
              20.211382769107257
            ]
          ]
        ]
      }
    },
    {
      "type": "Feature",
      "properties": {
        "area": 0.0,
        "crop": "Ridgeguard(Tori)"
      },
      "geometry": {
        "type": "Polygon",
        "coordinates": [
          [
            [
              73.80330931349997,
              20.211382769107257
            ],
            [
              73.80330931349997,
              20.21137773631676
            ],
            [
              73.80331467871748,
              20.21137773631676
            ],
            [
              73.80331467871748,
              20.211382769107257
            ],
            [
              73.80330931349997,
              20.211382769107257
            ]
          ]
        ]
      }
    },
    {
      "type": "Feature",
      "properties": {
        "area": 0.0,
        "crop": "Pomegranate"
      },
      "geometry": {
        "type": "Polygon",
        "coordinates": [
          [
            [
              73.79776704378989,
              20.21137773631676
            ],
            [
              73.79776704378989,
              20.211372703526113
            ],
            [
              73.79777240900744,
              20.211372703526113
            ],
            [
              73.79777240900744,
              20.21137773631676
            ],
            [
              73.79776704378989,
              20.21137773631676
            ]
          ]
        ]
      }
    },
    {
      "type": "Feature",
      "properties": {
        "area": 0.0,
        "crop": "Banana"
      },
      "geometry": {
        "type": "Polygon",
        "coordinates": [
          [
            [
              73.80151733084443,
              20.21137773631676
            ],
            [
              73.80151733084443,
              20.211372703526113
            ],
            [
              73.80156561780223,
              20.211372703526113
            ],
            [
              73.80156561780223,
              20.21137773631676
            ],
            [
              73.80151733084443,
              20.21137773631676
            ]
          ]
        ]
      }
    },
    {
      "type": "Feature",
      "properties": {
        "area": 0.0,
        "crop": "Mango (Raw-Ripe)"
      },
      "geometry": {
        "type": "Polygon",
        "coordinates": [
          [
            [
              73.80158171345482,
              20.211372703526113
            ],
            [
              73.80158171345482,
              20.211367670735303
            ],
            [
              73.80158707867236,
              20.211367670735303
            ],
            [
              73.80158707867236,
              20.211372703526113
            ],
            [
              73.80158171345482,
              20.211372703526113
            ]
          ]
        ]
      }
    },
    {
      "type": "Feature",
      "properties": {
        "area": 0.0,
        "crop": "Grapes"
      },
      "geometry": {
        "type": "Polygon",
        "coordinates": [
          [
            [
              73.80331467871748,
              20.211372703526113
            ],
            [
              73.80331467871748,
              20.211367670735303
            ],
            [
              73.80332004393503,
              20.211367670735303
            ],
            [
              73.80332004393503,
              20.211372703526113
            ],
            [
              73.80331467871748,
              20.211372703526113
            ]
          ]
        ]
      }
    },
    {
      "type": "Feature",
      "properties": {
        "area": 0.0,
        "crop": "Bengal Gram(Gram)(Whole)"
      },
      "geometry": {
        "type": "Polygon",
        "coordinates": [
          [
            [
              73.79776167857236,
              20.211367670735303
            ],
            [
              73.79776167857236,
              20.21136263794432
            ],
            [
              73.79776704378989,
              20.21136263794432
            ],
            [
              73.79776704378989,
              20.211367670735303
            ],
            [
              73.79776167857236,
              20.211367670735303
            ]
          ]
        ]
      }
    },
    {
      "type": "Feature",
      "properties": {
        "area": 0.0,
        "crop": "Amla(Nelli Kai)"
      },
      "geometry": {
        "type": "Polygon",
        "coordinates": [
          [
            [
              73.80159780910739,
              20.211367670735303
            ],
            [
              73.80159780910739,
              20.21136263794432
            ],
            [
              73.80160317432494,
              20.21136263794432
            ],
            [
              73.80160317432494,
              20.211367670735303
            ],
            [
              73.80159780910739,
              20.211367670735303
            ]
          ]
        ]
      }
    },
    {
      "type": "Feature",
      "properties": {
        "area": 0.0,
        "crop": "Cabbage"
      },
      "geometry": {
        "type": "Polygon",
        "coordinates": [
          [
            [
              73.79775631335484,
              20.21136263794432
            ],
            [
              73.79775631335484,
              20.211357605153186
            ],
            [
              73.79776167857236,
              20.211357605153186
            ],
            [
              73.79776167857236,
              20.21136263794432
            ],
            [
              73.79775631335484,
              20.21136263794432
            ]
          ]
        ]
      }
    },
    {
      "type": "Feature",
      "properties": {
        "area": 0.0,
        "crop": "Guava"
      },
      "geometry": {
        "type": "Polygon",
        "coordinates": [
          [
            [
              73.80162463519507,
              20.211357605153186
            ],
            [
              73.80162463519507,
              20.21135257236187
            ],
            [
              73.80163000041259,
              20.21135257236187
            ],
            [
              73.80163000041259,
              20.211357605153186
            ],
            [
              73.80162463519507,
              20.211357605153186
            ]
          ]
        ]
      }
    },
    {
      "type": "Feature",
      "properties": {
        "area": 0.0,
        "crop": "Sweet Potato"
      },
      "geometry": {
        "type": "Polygon",
        "coordinates": [
          [
            [
              73.79775094813729,
              20.21135257236187
            ],
            [
              73.79775094813729,
              20.21134753957042
            ],
            [
              73.79775631335484,
              20.21134753957042
            ],
            [
              73.79775631335484,
              20.21135257236187
            ],
            [
              73.79775094813729,
              20.21135257236187
            ]
          ]
        ]
      }
    },
    {
      "type": "Feature",
      "properties": {
        "area": 0.0,
        "crop": "Orange"
      },
      "geometry": {
        "type": "Polygon",
        "coordinates": [
          [
            [
              73.80332004393503,
              20.21135257236187
            ],
            [
              73.80332004393503,
              20.211342506778784
            ],
            [
              73.80332540915255,
              20.211342506778784
            ],
            [
              73.80332540915255,
              20.21135257236187
            ],
            [
              73.80332004393503,
              20.21135257236187
            ]
          ]
        ]
      }
    },
    {
      "type": "Feature",
      "properties": {
        "area": 0.0,
        "crop": "Arhar (Tur/Red Gram)(Whole)"
      },
      "geometry": {
        "type": "Polygon",
        "coordinates": [
          [
            [
              73.80164609606518,
              20.21134753957042
            ],
            [
              73.80164609606518,
              20.211342506778784
            ],
            [
              73.8016514612827,
              20.211342506778784
            ],
            [
              73.8016514612827,
              20.21134753957042
            ],
            [
              73.80164609606518,
              20.21134753957042
            ]
          ]
        ]
      }
    },
    {
      "type": "Feature",
      "properties": {
        "area": 0.0,
        "crop": "Onion"
      },
      "geometry": {
        "type": "Polygon",
        "coordinates": [
          [
            [
              73.7967959394167,
              20.211342506778784
            ],
            [
              73.7967959394167,
              20.21132740840293
            ],
            [
              73.79680130463423,
              20.21132740840293
            ],
            [
              73.79680130463423,
              20.211342506778784
            ],
            [
              73.7967959394167,
              20.211342506778784
            ]
          ]
        ]
      }
    },
    {
      "type": "Feature",
      "properties": {
        "area": 0.0,
        "crop": "Beetroot"
      },
      "geometry": {
        "type": "Polygon",
        "coordinates": [
          [
            [
              73.79774558291976,
              20.211342506778784
            ],
            [
              73.79774558291976,
              20.21133747398699
            ],
            [
              73.79775094813729,
              20.21133747398699
            ],
            [
              73.79775094813729,
              20.211342506778784
            ],
            [
              73.79774558291976,
              20.211342506778784
            ]
          ]
        ]
      }
    },
    {
      "type": "Feature",
      "properties": {
        "area": 0.0,
        "crop": "Potato"
      },
      "geometry": {
        "type": "Polygon",
        "coordinates": [
          [
            [
              73.80167292215285,
              20.21133747398699
            ],
            [
              73.80167292215285,
              20.211332441195037
            ],
            [
              73.80167828737038,
              20.211332441195037
            ],
            [
              73.80167828737038,
              20.21133747398699
            ],
            [
              73.80167292215285,
              20.21133747398699
            ]
          ]
        ]
      }
    },
    {
      "type": "Feature",
      "properties": {
        "area": 0.0,
        "crop": "Bengal Gram(Gram)(Whole)"
      },
      "geometry": {
        "type": "Polygon",
        "coordinates": [
          [
            [
              73.79774021770224,
              20.211332441195037
            ],
            [
              73.79774021770224,
              20.211317342818216
            ],
            [
              73.79774558291976,
              20.211317342818216
            ],
            [
              73.79774558291976,
              20.211332441195037
            ],
            [
              73.79774021770224,
              20.211332441195037
            ]
          ]
        ]
      }
    },
    {
      "type": "Feature",
      "properties": {
        "area": 0.0,
        "crop": "Tender Coconut"
      },
      "geometry": {
        "type": "Polygon",
        "coordinates": [
          [
            [
              73.80168365258791,
              20.211332441195037
            ],
            [
              73.80168365258791,
              20.21132740840293
            ],
            [
              73.80168901780544,
              20.21132740840293
            ],
            [
              73.80168901780544,
              20.211332441195037
            ],
            [
              73.80168365258791,
              20.211332441195037
            ]
          ]
        ]
      }
    },
    {
      "type": "Feature",
      "properties": {
        "area": 0.0,
        "crop": "Beetroot"
      },
      "geometry": {
        "type": "Polygon",
        "coordinates": [
          [
            [
              73.80169438302298,
              20.21132740840293
            ],
            [
              73.80169438302298,
              20.211322375610646
            ],
            [
              73.80169974824051,
              20.211322375610646
            ],
            [
              73.80169974824051,
              20.21132740840293
            ],
            [
              73.80169438302298,
              20.21132740840293
            ]
          ]
        ]
      }
    },
    {
      "type": "Feature",
      "properties": {
        "area": 0.0,
        "crop": "Bottle gourd"
      },
      "geometry": {
        "type": "Polygon",
        "coordinates": [
          [
            [
              73.80170511345801,
              20.211322375610646
            ],
            [
              73.80170511345801,
              20.211317342818216
            ],
            [
              73.80171047867557,
              20.211317342818216
            ],
            [
              73.80171047867557,
              20.211322375610646
            ],
            [
              73.80170511345801,
              20.211322375610646
            ]
          ]
        ]
      }
    },
    {
      "type": "Feature",
      "properties": {
        "area": 0.0,
        "crop": "Beans"
      },
      "geometry": {
        "type": "Polygon",
        "coordinates": [
          [
            [
              73.79680130463423,
              20.211317342818216
            ],
            [
              73.79680130463423,
              20.211312310025605
            ],
            [
              73.79680666985176,
              20.211312310025605
            ],
            [
              73.79680666985176,
              20.211317342818216
            ],
            [
              73.79680130463423,
              20.211317342818216
            ]
          ]
        ]
      }
    },
    {
      "type": "Feature",
      "properties": {
        "area": 0.0,
        "crop": "Grapes"
      },
      "geometry": {
        "type": "Polygon",
        "coordinates": [
          [
            [
              73.7977348524847,
              20.211317342818216
            ],
            [
              73.7977348524847,
              20.21130727723284
            ],
            [
              73.79774021770224,
              20.21130727723284
            ],
            [
              73.79774021770224,
              20.211317342818216
            ],
            [
              73.7977348524847,
              20.211317342818216
            ]
          ]
        ]
      }
    },
    {
      "type": "Feature",
      "properties": {
        "area": 0.0,
        "crop": "Beetroot"
      },
      "geometry": {
        "type": "Polygon",
        "coordinates": [
          [
            [
              73.80171047867557,
              20.211317342818216
            ],
            [
              73.80171047867557,
              20.211312310025605
            ],
            [
              73.80172120911064,
              20.211312310025605
            ],
            [
              73.80172120911064,
              20.211317342818216
            ],
            [
              73.80171047867557,
              20.211317342818216
            ]
          ]
        ]
      }
    },
    {
      "type": "Feature",
      "properties": {
        "area": 0.0,
        "crop": "Bottle gourd"
      },
      "geometry": {
        "type": "Polygon",
        "coordinates": [
          [
            [
              73.80331467871748,
              20.211317342818216
            ],
            [
              73.80331467871748,
              20.21130727723284
            ],
            [
              73.80332004393503,
              20.21130727723284
            ],
            [
              73.80332004393503,
              20.211317342818216
            ],
            [
              73.80331467871748,
              20.211317342818216
            ]
          ]
        ]
      }
    },
    {
      "type": "Feature",
      "properties": {
        "area": 0.0,
        "crop": "Drumstick"
      },
      "geometry": {
        "type": "Polygon",
        "coordinates": [
          [
            [
              73.80172120911064,
              20.211312310025605
            ],
            [
              73.80172120911064,
              20.21130727723284
            ],
            [
              73.80172657432816,
              20.21130727723284
            ],
            [
              73.80172657432816,
              20.211312310025605
            ],
            [
              73.80172120911064,
              20.211312310025605
            ]
          ]
        ]
      }
    },
    {
      "type": "Feature",
      "properties": {
        "area": 0.01,
        "crop": "Grapes"
      },
      "geometry": {
        "type": "Polygon",
        "coordinates": [
          [
            [
              73.79701591333549,
              20.211674670677105
            ],
            [
              73.797021278553,
              20.211599178944283
            ],
            [
              73.79699445246537,
              20.211423031425298
            ],
            [
              73.79701591333549,
              20.211302244439906
            ],
            [
              73.7970051829004,
              20.211297211646812
            ],
            [
              73.79698908724784,
              20.211443162580416
            ],
            [
              73.79701591333549,
              20.211674670677105
            ]
          ]
        ]
      }
    },
    {
      "type": "Feature",
      "properties": {
        "area": 0.21,
        "crop": "Green Gram (Moong)(Whole)"
      },
      "geometry": {
        "type": "Polygon",
        "coordinates": [
          [
            [
              73.79790117422819,
              20.21184075236041
            ],
            [
              73.79799774814374,
              20.211745129594696
            ],
            [
              73.79784752205288,
              20.211302244439906
            ],
            [
              73.7978046003126,
              20.211392834687747
            ],
            [
              73.79790117422819,
              20.21184075236041
            ]
          ]
        ]
      }
    },
    {
      "type": "Feature",
      "properties": {
        "area": 0.65,
        "crop": "Jowar(Sorghum)"
      },
      "geometry": {
        "type": "Polygon",
        "coordinates": [
          [
            [
              73.79804066988399,
              20.21177029348611
            ],
            [
              73.798464522069,
              20.21169480179967
            ],
            [
              73.79838940902356,
              20.211302244439906
            ],
            [
              73.7979387307509,
              20.211342506778784
            ],
            [
              73.79804066988399,
              20.21177029348611
            ]
          ]
        ]
      }
    },
    {
      "type": "Feature",
      "properties": {
        "area": 1.6,
        "crop": "Jowar(Sorghum)"
      },
      "geometry": {
        "type": "Polygon",
        "coordinates": [
          [
            [
              73.79709102638093,
              20.211971604470907
            ],
            [
              73.79784752205288,
              20.21180552292725
            ],
            [
              73.7977348524847,
              20.21130727723284
            ],
            [
              73.79733246116984,
              20.211312310025605
            ],
            [
              73.7973110002997,
              20.211473359308215
            ],
            [
              73.79726807855945,
              20.211297211646812
            ],
            [
              73.79699981768289,
              20.211312310025605
            ],
            [
              73.79709102638093,
              20.211971604470907
            ]
          ]
        ]
      }
    },
    {
      "type": "Feature",
      "properties": {
        "area": 0.03,
        "crop": "Karbuja(Musk Melon)"
      },
      "geometry": {
        "type": "Polygon",
        "coordinates": [
          [
            [
              73.79730563508217,
              20.211473359308215
            ],
            [
              73.79733246116984,
              20.211312310025605
            ],
            [
              73.79770802639705,
              20.211287146060144
            ],
            [
              73.7972895394296,
              20.211302244439906
            ],
            [
              73.79730563508217,
              20.211473359308215
            ]
          ]
        ]
      }
    },
    {
      "type": "Feature",
      "properties": {
        "area": 0.0,
        "crop": "Cabbage"
      },
      "geometry": {
        "type": "Polygon",
        "coordinates": [
          [
            [
              73.80172657432816,
              20.21130727723284
            ],
            [
              73.80172657432816,
              20.211302244439906
            ],
            [
              73.80173193954569,
              20.211302244439906
            ],
            [
              73.80173193954569,
              20.21130727723284
            ],
            [
              73.80172657432816,
              20.21130727723284
            ]
          ]
        ]
      }
    },
    {
      "type": "Feature",
      "properties": {
        "area": 0.0,
        "crop": "Bitter gourd"
      },
      "geometry": {
        "type": "Polygon",
        "coordinates": [
          [
            [
              73.79772948726718,
              20.21130727723284
            ],
            [
              73.7977348524847,
              20.211297211646812
            ],
            [
              73.79772412204964,
              20.211297211646812
            ],
            [
              73.79772412204964,
              20.211302244439906
            ],
            [
              73.79772948726718,
              20.21130727723284
            ]
          ]
        ]
      }
    },
    {
      "type": "Feature",
      "properties": {
        "area": 0.0,
        "crop": "Bottle gourd"
      },
      "geometry": {
        "type": "Polygon",
        "coordinates": [
          [
            [
              73.79794946118598,
              20.211302244439906
            ],
            [
              73.79794946118598,
              20.211297211646812
            ],
            [
              73.79800311336129,
              20.211297211646812
            ],
            [
              73.79800311336129,
              20.211302244439906
            ],
            [
              73.79794946118598,
              20.211302244439906
            ]
          ]
        ]
      }
    },
    {
      "type": "Feature",
      "properties": {
        "area": 0.0,
        "crop": "Drumstick"
      },
      "geometry": {
        "type": "Polygon",
        "coordinates": [
          [
            [
              73.80173193954569,
              20.211302244439906
            ],
            [
              73.80173193954569,
              20.211297211646812
            ],
            [
              73.80173730476322,
              20.211297211646812
            ],
            [
              73.80173730476322,
              20.211302244439906
            ],
            [
              73.80173193954569,
              20.211302244439906
            ]
          ]
        ]
      }
    },
    {
      "type": "Feature",
      "properties": {
        "area": 0.0,
        "crop": "Green Peas"
      },
      "geometry": {
        "type": "Polygon",
        "coordinates": [
          [
            [
              73.79701591333549,
              20.211297211646812
            ],
            [
              73.79701591333549,
              20.211292178853565
            ],
            [
              73.797021278553,
              20.211292178853565
            ],
            [
              73.797021278553,
              20.211297211646812
            ],
            [
              73.79701591333549,
              20.211297211646812
            ]
          ]
        ]
      }
    },
    {
      "type": "Feature",
      "properties": {
        "area": 0.0,
        "crop": "Amla(Nelli Kai)"
      },
      "geometry": {
        "type": "Polygon",
        "coordinates": [
          [
            [
              73.7977133916146,
              20.211297211646812
            ],
            [
              73.7977133916146,
              20.211292178853565
            ],
            [
              73.79772412204964,
              20.211292178853565
            ],
            [
              73.79772412204964,
              20.211297211646812
            ],
            [
              73.7977133916146,
              20.211297211646812
            ]
          ]
        ]
      }
    },
    {
      "type": "Feature",
      "properties": {
        "area": 0.0,
        "crop": "Mango"
      },
      "geometry": {
        "type": "Polygon",
        "coordinates": [
          [
            [
              73.7980567655366,
              20.211297211646812
            ],
            [
              73.7980567655366,
              20.211292178853565
            ],
            [
              73.7980889568418,
              20.211292178853565
            ],
            [
              73.7980889568418,
              20.211297211646812
            ],
            [
              73.7980567655366,
              20.211297211646812
            ]
          ]
        ]
      }
    },
    {
      "type": "Feature",
      "properties": {
        "area": 0.0,
        "crop": "Peas Wet"
      },
      "geometry": {
        "type": "Polygon",
        "coordinates": [
          [
            [
              73.80173730476322,
              20.211297211646812
            ],
            [
              73.80173730476322,
              20.21126701488484
            ],
            [
              73.80174266998075,
              20.21126701488484
            ],
            [
              73.80174266998075,
              20.211297211646812
            ],
            [
              73.80173730476322,
              20.211297211646812
            ]
          ]
        ]
      }
    },
    {
      "type": "Feature",
      "properties": {
        "area": 0.0,
        "crop": "Cauliflower"
      },
      "geometry": {
        "type": "Polygon",
        "coordinates": [
          [
            [
              73.79702664377055,
              20.211292178853565
            ],
            [
              73.79702664377055,
              20.211287146060144
            ],
            [
              73.79703200898808,
              20.211287146060144
            ],
            [
              73.79703200898808,
              20.211292178853565
            ],
            [
              73.79702664377055,
              20.211292178853565
            ]
          ]
        ]
      }
    },
    {
      "type": "Feature",
      "properties": {
        "area": 0.0,
        "crop": "Ridgeguard(Tori)"
      },
      "geometry": {
        "type": "Polygon",
        "coordinates": [
          [
            [
              73.79810505249436,
              20.211292178853565
            ],
            [
              73.79810505249436,
              20.211287146060144
            ],
            [
              73.79814797423464,
              20.211287146060144
            ],
            [
              73.79814797423464,
              20.211292178853565
            ],
            [
              73.79810505249436,
              20.211292178853565
            ]
          ]
        ]
      }
    },
    {
      "type": "Feature",
      "properties": {
        "area": 0.0,
        "crop": "Drumstick"
      },
      "geometry": {
        "type": "Polygon",
        "coordinates": [
          [
            [
              73.80330931349997,
              20.211292178853565
            ],
            [
              73.80330931349997,
              20.211282113266563
            ],
            [
              73.80331467871748,
              20.211282113266563
            ],
            [
              73.80331467871748,
              20.211292178853565
            ],
            [
              73.80330931349997,
              20.211292178853565
            ]
          ]
        ]
      }
    },
    {
      "type": "Feature",
      "properties": {
        "area": 0.0,
        "crop": "Water Melon"
      },
      "geometry": {
        "type": "Polygon",
        "coordinates": [
          [
            [
              73.79707493072833,
              20.211287146060144
            ],
            [
              73.79707493072833,
              20.211282113266563
            ],
            [
              73.79709102638093,
              20.211282113266563
            ],
            [
              73.79709102638093,
              20.211287146060144
            ],
            [
              73.79707493072833,
              20.211287146060144
            ]
          ]
        ]
      }
    },
    {
      "type": "Feature",
      "properties": {
        "area": 0.0,
        "crop": "Chikoos(Sapota)"
      },
      "geometry": {
        "type": "Polygon",
        "coordinates": [
          [
            [
              73.79711248725106,
              20.211287146060144
            ],
            [
              73.79711248725106,
              20.211282113266563
            ],
            [
              73.79711785246859,
              20.211282113266563
            ],
            [
              73.79711785246859,
              20.211287146060144
            ],
            [
              73.79711248725106,
              20.211287146060144
            ]
          ]
        ]
      }
    },
    {
      "type": "Feature",
      "properties": {
        "area": 0.0,
        "crop": "Black Gram (Urd Beans)(Whole)"
      },
      "geometry": {
        "type": "Polygon",
        "coordinates": [
          [
            [
              73.79819626119243,
              20.211287146060144
            ],
            [
              73.79819626119243,
              20.211282113266563
            ],
            [
              73.79822308728008,
              20.211282113266563
            ],
            [
              73.79822308728008,
              20.211287146060144
            ],
            [
              73.79819626119243,
              20.211287146060144
            ]
          ]
        ]
      }
    },
    {
      "type": "Feature",
      "properties": {
        "area": 0.0,
        "crop": "Tender Coconut"
      },
      "geometry": {
        "type": "Polygon",
        "coordinates": [
          [
            [
              73.7982445481502,
              20.211282113266563
            ],
            [
              73.7982445481502,
              20.211277080472822
            ],
            [
              73.79833039163071,
              20.211277080472822
            ],
            [
              73.79833039163071,
              20.211282113266563
            ],
            [
              73.7982445481502,
              20.211282113266563
            ]
          ]
        ]
      }
    },
    {
      "type": "Feature",
      "properties": {
        "area": 0.0,
        "crop": "Karbuja(Musk Melon)"
      },
      "geometry": {
        "type": "Polygon",
        "coordinates": [
          [
            [
              73.7983625829359,
              20.211277080472822
            ],
            [
              73.7983625829359,
              20.211272047678918
            ],
            [
              73.79840550467615,
              20.211272047678918
            ],
            [
              73.79840550467615,
              20.211277080472822
            ],
            [
              73.7983625829359,
              20.211277080472822
            ]
          ]
        ]
      }
    },
    {
      "type": "Feature",
      "properties": {
        "area": 0.01,
        "crop": "Orange"
      },
      "geometry": {
        "type": "Polygon",
        "coordinates": [
          [
            [
              73.80184460911384,
              20.21137773631676
            ],
            [
              73.80187680041904,
              20.21133747398699
            ],
            [
              73.80210213955537,
              20.21124688370695
            ],
            [
              73.80202702650992,
              20.211302244439906
            ],
            [
              73.80184460911384,
              20.21137773631676
            ]
          ]
        ]
      }
    },
    {
      "type": "Feature",
      "properties": {
        "area": 0.34,
        "crop": "Mustard"
      },
      "geometry": {
        "type": "Polygon",
        "coordinates": [
          [
            [
              73.80032625255244,
              20.21178035904153
            ],
            [
              73.8005086699485,
              20.211730031257897
            ],
            [
              73.80044428733814,
              20.211256949296217
            ],
            [
              73.8002350438544,
              20.211317342818216
            ],
            [
              73.80032625255244,
              20.21178035904153
            ]
          ]
        ]
      }
    },
    {
      "type": "Feature",
      "properties": {
        "area": 0.0,
        "crop": "Potato"
      },
      "geometry": {
        "type": "Polygon",
        "coordinates": [
          [
            [
              73.80330394828242,
              20.211272047678918
            ],
            [
              73.80330394828242,
              20.211251916501666
            ],
            [
              73.80330931349997,
              20.211251916501666
            ],
            [
              73.80330931349997,
              20.211272047678918
            ],
            [
              73.80330394828242,
              20.211272047678918
            ]
          ]
        ]
      }
    },
    {
      "type": "Feature",
      "properties": {
        "area": 0.0,
        "crop": "Beans"
      },
      "geometry": {
        "type": "Polygon",
        "coordinates": [
          [
            [
              73.80173193954569,
              20.211261982090615
            ],
            [
              73.80173193954569,
              20.211251916501666
            ],
            [
              73.80173730476322,
              20.211251916501666
            ],
            [
              73.80173730476322,
              20.211261982090615
            ],
            [
              73.80173193954569,
              20.211261982090615
            ]
          ]
        ]
      }
    },
    {
      "type": "Feature",
      "properties": {
        "area": 0.0,
        "crop": "Bitter gourd"
      },
      "geometry": {
        "type": "Polygon",
        "coordinates": [
          [
            [
              73.79866303511766,
              20.211251916501666
            ],
            [
              73.79866303511766,
              20.21124688370695
            ],
            [
              73.79866840033519,
              20.21124688370695
            ],
            [
              73.79866840033519,
              20.211251916501666
            ],
            [
              73.79866303511766,
              20.211251916501666
            ]
          ]
        ]
      }
    },
    {
      "type": "Feature",
      "properties": {
        "area": 0.0,
        "crop": "Water Melon"
      },
      "geometry": {
        "type": "Polygon",
        "coordinates": [
          [
            [
              73.7987220525105,
              20.21124688370695
            ],
            [
              73.7987220525105,
              20.21124185091206
            ],
            [
              73.79873278294556,
              20.21124185091206
            ],
            [
              73.79873278294556,
              20.21124688370695
            ],
            [
              73.7987220525105,
              20.21124688370695
            ]
          ]
        ]
      }
    },
    {
      "type": "Feature",
      "properties": {
        "area": 0.0,
        "crop": "Grapes"
      },
      "geometry": {
        "type": "Polygon",
        "coordinates": [
          [
            [
              73.80172657432816,
              20.21124688370695
            ],
            [
              73.80172657432816,
              20.21123681811701
            ],
            [
              73.80173193954569,
              20.21123681811701
            ],
            [
              73.80173193954569,
              20.21124688370695
            ],
            [
              73.80172657432816,
              20.21124688370695
            ]
          ]
        ]
      }
    },
    {
      "type": "Feature",
      "properties": {
        "area": 0.0,
        "crop": "Bengal Gram(Gram)(Whole)"
      },
      "geometry": {
        "type": "Polygon",
        "coordinates": [
          [
            [
              73.79876497425077,
              20.21124185091206
            ],
            [
              73.79876497425077,
              20.21123681811701
            ],
            [
              73.79877033946829,
              20.21123681811701
            ],
            [
              73.79877033946829,
              20.21124185091206
            ],
            [
              73.79876497425077,
              20.21124185091206
            ]
          ]
        ]
      }
    },
    {
      "type": "Feature",
      "properties": {
        "area": 0.0,
        "crop": "Beans"
      },
      "geometry": {
        "type": "Polygon",
        "coordinates": [
          [
            [
              73.79877570468581,
              20.21123681811701
            ],
            [
              73.79877570468581,
              20.21123178532181
            ],
            [
              73.79878106990334,
              20.21123178532181
            ],
            [
              73.79878106990334,
              20.21123681811701
            ],
            [
              73.79877570468581,
              20.21123681811701
            ]
          ]
        ]
      }
    },
    {
      "type": "Feature",
      "properties": {
        "area": 0.0,
        "crop": "Orange"
      },
      "geometry": {
        "type": "Polygon",
        "coordinates": [
          [
            [
              73.7987864351209,
              20.21123178532181
            ],
            [
              73.7987864351209,
              20.211226752526425
            ],
            [
              73.7987918003384,
              20.211226752526425
            ],
            [
              73.7987918003384,
              20.21123178532181
            ],
            [
              73.7987864351209,
              20.21123178532181
            ]
          ]
        ]
      }
    },
    {
      "type": "Feature",
      "properties": {
        "area": 0.0,
        "crop": "Cauliflower"
      },
      "geometry": {
        "type": "Polygon",
        "coordinates": [
          [
            [
              73.80172120911064,
              20.21123178532181
            ],
            [
              73.80172120911064,
              20.211221719730908
            ],
            [
              73.80172657432816,
              20.211221719730908
            ],
            [
              73.80172657432816,
              20.21123178532181
            ],
            [
              73.80172120911064,
              20.21123178532181
            ]
          ]
        ]
      }
    },
    {
      "type": "Feature",
      "properties": {
        "area": 0.0,
        "crop": "Carrot"
      },
      "geometry": {
        "type": "Polygon",
        "coordinates": [
          [
            [
              73.8017158438931,
              20.211211654139344
            ],
            [
              73.8017158438931,
              20.211206621343322
            ],
            [
              73.80172120911064,
              20.211206621343322
            ],
            [
              73.80172120911064,
              20.211211654139344
            ],
            [
              73.8017158438931,
              20.211211654139344
            ]
          ]
        ]
      }
    },
    {
      "type": "Feature",
      "properties": {
        "area": 0.0,
        "crop": "Brinjal"
      },
      "geometry": {
        "type": "Polygon",
        "coordinates": [
          [
            [
              73.79879716555594,
              20.211206621343322
            ],
            [
              73.79879716555594,
              20.211201588547148
            ],
            [
              73.79880253077349,
              20.211201588547148
            ],
            [
              73.79880253077349,
              20.211206621343322
            ],
            [
              73.79879716555594,
              20.211206621343322
            ]
          ]
        ]
      }
    },
    {
      "type": "Feature",
      "properties": {
        "area": 0.0,
        "crop": "Grapes"
      },
      "geometry": {
        "type": "Polygon",
        "coordinates": [
          [
            [
              73.80171047867557,
              20.2111965557508
            ],
            [
              73.80171047867557,
              20.211191522954287
            ],
            [
              73.8017158438931,
              20.211191522954287
            ],
            [
              73.8017158438931,
              20.2111965557508
            ],
            [
              73.80171047867557,
              20.2111965557508
            ]
          ]
        ]
      }
    },
    {
      "type": "Feature",
      "properties": {
        "area": 0.0,
        "crop": "Orange"
      },
      "geometry": {
        "type": "Polygon",
        "coordinates": [
          [
            [
              73.7979387307509,
              20.211297211646812
            ],
            [
              73.79794946118598,
              20.211297211646812
            ],
            [
              73.79794946118598,
              20.211166358969287
            ],
            [
              73.79792800031584,
              20.211221719730908
            ],
            [
              73.7979387307509,
              20.211297211646812
            ]
          ]
        ]
      }
    },
    {
      "type": "Feature",
      "properties": {
        "area": 0.0,
        "crop": "Apple"
      },
      "geometry": {
        "type": "Polygon",
        "coordinates": [
          [
            [
              73.79879716555594,
              20.211186490157615
            ],
            [
              73.79879716555594,
              20.21118145736077
            ],
            [
              73.79880253077349,
              20.21118145736077
            ],
            [
              73.79880253077349,
              20.211186490157615
            ],
            [
              73.79879716555594,
              20.211186490157615
            ]
          ]
        ]
      }
    },
    {
      "type": "Feature",
      "properties": {
        "area": 0.0,
        "crop": "Cauliflower"
      },
      "geometry": {
        "type": "Polygon",
        "coordinates": [
          [
            [
              73.80170511345801,
              20.211176424563774
            ],
            [
              73.80170511345801,
              20.21117139176661
            ],
            [
              73.80171047867557,
              20.21117139176661
            ],
            [
              73.80171047867557,
              20.211176424563774
            ],
            [
              73.80170511345801,
              20.211176424563774
            ]
          ]
        ]
      }
    },
    {
      "type": "Feature",
      "properties": {
        "area": 0.0,
        "crop": "Karbuja(Musk Melon)"
      },
      "geometry": {
        "type": "Polygon",
        "coordinates": [
          [
            [
              73.80329858306489,
              20.211251916501666
            ],
            [
              73.80330394828242,
              20.211251916501666
            ],
            [
              73.80329858306489,
              20.211201588547148
            ],
            [
              73.80327712219477,
              20.211156293374156
            ],
            [
              73.80329858306489,
              20.211251916501666
            ]
          ]
        ]
      }
    },
    {
      "type": "Feature",
      "properties": {
        "area": 0.0,
        "crop": "Grapes"
      },
      "geometry": {
        "type": "Polygon",
        "coordinates": [
          [
            [
              73.79794946118598,
              20.211166358969287
            ],
            [
              73.79794946118598,
              20.211161326171805
            ],
            [
              73.7979548264035,
              20.211161326171805
            ],
            [
              73.7979548264035,
              20.211166358969287
            ],
            [
              73.79794946118598,
              20.211166358969287
            ]
          ]
        ]
      }
    },
    {
      "type": "Feature",
      "properties": {
        "area": 0.0,
        "crop": "Mango (Raw-Ripe)"
      },
      "geometry": {
        "type": "Polygon",
        "coordinates": [
          [
            [
              73.7979548264035,
              20.211161326171805
            ],
            [
              73.7979548264035,
              20.211156293374156
            ],
            [
              73.79796019162103,
              20.211156293374156
            ],
            [
              73.79796019162103,
              20.211161326171805
            ],
            [
              73.7979548264035,
              20.211161326171805
            ]
          ]
        ]
      }
    },
    {
      "type": "Feature",
      "properties": {
        "area": 0.0,
        "crop": "Beans"
      },
      "geometry": {
        "type": "Polygon",
        "coordinates": [
          [
            [
              73.80169974824051,
              20.211161326171805
            ],
            [
              73.80169974824051,
              20.21115126057634
            ],
            [
              73.80170511345801,
              20.21115126057634
            ],
            [
              73.80170511345801,
              20.211161326171805
            ],
            [
              73.80169974824051,
              20.211161326171805
            ]
          ]
        ]
      }
    },
    {
      "type": "Feature",
      "properties": {
        "area": 0.0,
        "crop": "Water Melon"
      },
      "geometry": {
        "type": "Polygon",
        "coordinates": [
          [
            [
              73.79796019162103,
              20.211156293374156
            ],
            [
              73.79796019162103,
              20.21115126057634
            ],
            [
              73.79796555683858,
              20.21115126057634
            ],
            [
              73.79796555683858,
              20.211156293374156
            ],
            [
              73.79796019162103,
              20.211156293374156
            ]
          ]
        ]
      }
    },
    {
      "type": "Feature",
      "properties": {
        "area": 0.0,
        "crop": "Arhar (Tur/Red Gram)(Whole)"
      },
      "geometry": {
        "type": "Polygon",
        "coordinates": [
          [
            [
              73.79796555683858,
              20.21115126057634
            ],
            [
              73.79796555683858,
              20.21114622777837
            ],
            [
              73.79797628727363,
              20.21114622777837
            ],
            [
              73.79797628727363,
              20.21115126057634
            ],
            [
              73.79796555683858,
              20.21115126057634
            ]
          ]
        ]
      }
    },
    {
      "type": "Feature",
      "properties": {
        "area": 0.0,
        "crop": "Onion Green"
      },
      "geometry": {
        "type": "Polygon",
        "coordinates": [
          [
            [
              73.80210213955537,
              20.21124688370695
            ],
            [
              73.8021450612956,
              20.211186490157615
            ],
            [
              73.80226309608132,
              20.211131129383467
            ],
            [
              73.80215042651314,
              20.211191522954287
            ],
            [
              73.80210213955537,
              20.21124688370695
            ]
          ]
        ]
      }
    },
    {
      "type": "Feature",
      "properties": {
        "area": 0.0,
        "crop": "Carrot"
      },
      "geometry": {
        "type": "Polygon",
        "coordinates": [
          [
            [
              73.80327175697724,
              20.21115126057634
            ],
            [
              73.80327175697724,
              20.21113616218193
            ],
            [
              73.80327712219477,
              20.21113616218193
            ],
            [
              73.80327712219477,
              20.21115126057634
            ],
            [
              73.80327175697724,
              20.21115126057634
            ]
          ]
        ]
      }
    },
    {
      "type": "Feature",
      "properties": {
        "area": 0.0,
        "crop": "Potato"
      },
      "geometry": {
        "type": "Polygon",
        "coordinates": [
          [
            [
              73.79797628727363,
              20.21114622777837
            ],
            [
              73.79798165249115,
              20.21113616218193
            ],
            [
              73.79799238292621,
              20.21113616218193
            ],
            [
              73.79798701770869,
              20.21114622777837
            ],
            [
              73.79797628727363,
              20.21114622777837
            ]
          ]
        ]
      }
    },
    {
      "type": "Feature",
      "properties": {
        "area": 0.0,
        "crop": "Onion"
      },
      "geometry": {
        "type": "Polygon",
        "coordinates": [
          [
            [
              73.79799238292621,
              20.21113616218193
            ],
            [
              73.79799238292621,
              20.211131129383467
            ],
            [
              73.79799774814374,
              20.211131129383467
            ],
            [
              73.79799774814374,
              20.21113616218193
            ],
            [
              73.79799238292621,
              20.21113616218193
            ]
          ]
        ]
      }
    },
    {
      "type": "Feature",
      "properties": {
        "area": 0.0,
        "crop": "Tomato"
      },
      "geometry": {
        "type": "Polygon",
        "coordinates": [
          [
            [
              73.80169438302298,
              20.21113616218193
            ],
            [
              73.80169438302298,
              20.211131129383467
            ],
            [
              73.80169974824051,
              20.211131129383467
            ],
            [
              73.80169974824051,
              20.21113616218193
            ],
            [
              73.80169438302298,
              20.21113616218193
            ]
          ]
        ]
      }
    },
    {
      "type": "Feature",
      "properties": {
        "area": 0.0,
        "crop": "Pomegranate"
      },
      "geometry": {
        "type": "Polygon",
        "coordinates": [
          [
            [
              73.8032663917597,
              20.21113616218193
            ],
            [
              73.8032663917597,
              20.211121063786052
            ],
            [
              73.80327175697724,
              20.211121063786052
            ],
            [
              73.80327175697724,
              20.21113616218193
            ],
            [
              73.8032663917597,
              20.21113616218193
            ]
          ]
        ]
      }
    },
    {
      "type": "Feature",
      "properties": {
        "area": 0.0,
        "crop": "Water Melon"
      },
      "geometry": {
        "type": "Polygon",
        "coordinates": [
          [
            [
              73.79799774814374,
              20.211131129383467
            ],
            [
              73.79799774814374,
              20.211126096584845
            ],
            [
              73.79800847857881,
              20.211126096584845
            ],
            [
              73.79800847857881,
              20.211131129383467
            ],
            [
              73.79799774814374,
              20.211131129383467
            ]
          ]
        ]
      }
    },
    {
      "type": "Feature",
      "properties": {
        "area": 0.0,
        "crop": "Guava"
      },
      "geometry": {
        "type": "Polygon",
        "coordinates": [
          [
            [
              73.80226309608132,
              20.211131129383467
            ],
            [
              73.80226309608132,
              20.211126096584845
            ],
            [
              73.80226846129884,
              20.211126096584845
            ],
            [
              73.80226846129884,
              20.211131129383467
            ],
            [
              73.80226309608132,
              20.211131129383467
            ]
          ]
        ]
      }
    },
    {
      "type": "Feature",
      "properties": {
        "area": 0.0,
        "crop": "Beetroot"
      },
      "geometry": {
        "type": "Polygon",
        "coordinates": [
          [
            [
              73.79800847857881,
              20.211126096584845
            ],
            [
              73.79800847857881,
              20.211121063786052
            ],
            [
              73.79801384379634,
              20.211121063786052
            ],
            [
              73.79801384379634,
              20.211126096584845
            ],
            [
              73.79800847857881,
              20.211126096584845
            ]
          ]
        ]
      }
    },
    {
      "type": "Feature",
      "properties": {
        "area": 0.0,
        "crop": "Ridgeguard(Tori)"
      },
      "geometry": {
        "type": "Polygon",
        "coordinates": [
          [
            [
              73.80227382651638,
              20.211126096584845
            ],
            [
              73.80227382651638,
              20.211121063786052
            ],
            [
              73.8022791917339,
              20.211121063786052
            ],
            [
              73.8022791917339,
              20.211126096584845
            ],
            [
              73.80227382651638,
              20.211126096584845
            ]
          ]
        ]
      }
    },
    {
      "type": "Feature",
      "properties": {
        "area": 0.0,
        "crop": "Bhindi(Ladies Finger)"
      },
      "geometry": {
        "type": "Polygon",
        "coordinates": [
          [
            [
              73.79802457423142,
              20.211121063786052
            ],
            [
              73.79802457423142,
              20.211116030987103
            ],
            [
              73.79802993944894,
              20.211116030987103
            ],
            [
              73.79802993944894,
              20.211121063786052
            ],
            [
              73.79802457423142,
              20.211121063786052
            ]
          ]
        ]
      }
    },
    {
      "type": "Feature",
      "properties": {
        "area": 0.0,
        "crop": "Orange"
      },
      "geometry": {
        "type": "Polygon",
        "coordinates": [
          [
            [
              73.80168901780544,
              20.211121063786052
            ],
            [
              73.80168901780544,
              20.211116030987103
            ],
            [
              73.80169438302298,
              20.211116030987103
            ],
            [
              73.80169438302298,
              20.211121063786052
            ],
            [
              73.80168901780544,
              20.211121063786052
            ]
          ]
        ]
      }
    },
    {
      "type": "Feature",
      "properties": {
        "area": 0.0,
        "crop": "Chikoos(Sapota)"
      },
      "geometry": {
        "type": "Polygon",
        "coordinates": [
          [
            [
              73.80326102654217,
              20.211121063786052
            ],
            [
              73.80326102654217,
              20.211116030987103
            ],
            [
              73.8032663917597,
              20.211116030987103
            ],
            [
              73.8032663917597,
              20.211121063786052
            ],
            [
              73.80326102654217,
              20.211121063786052
            ]
          ]
        ]
      }
    },
    {
      "type": "Feature",
      "properties": {
        "area": 0.0,
        "crop": "Papaya"
      },
      "geometry": {
        "type": "Polygon",
        "coordinates": [
          [
            [
              73.79803530466646,
              20.211116030987103
            ],
            [
              73.79803530466646,
              20.21111099818798
            ],
            [
              73.79804603510154,
              20.21111099818798
            ],
            [
              73.79804603510154,
              20.211116030987103
            ],
            [
              73.79803530466646,
              20.211116030987103
            ]
          ]
        ]
      }
    },
    {
      "type": "Feature",
      "properties": {
        "area": 0.0,
        "crop": "Green Peas"
      },
      "geometry": {
        "type": "Polygon",
        "coordinates": [
          [
            [
              73.79804603510154,
              20.21111099818798
            ],
            [
              73.79804603510154,
              20.211105965388708
            ],
            [
              73.7980567655366,
              20.211105965388708
            ],
            [
              73.7980567655366,
              20.21111099818798
            ],
            [
              73.79804603510154,
              20.21111099818798
            ]
          ]
        ]
      }
    },
    {
      "type": "Feature",
      "properties": {
        "area": 0.0,
        "crop": "Papaya"
      },
      "geometry": {
        "type": "Polygon",
        "coordinates": [
          [
            [
              73.80325566132464,
              20.21111099818798
            ],
            [
              73.80325566132464,
              20.211105965388708
            ],
            [
              73.80326102654217,
              20.211105965388708
            ],
            [
              73.80326102654217,
              20.21111099818798
            ],
            [
              73.80325566132464,
              20.21111099818798
            ]
          ]
        ]
      }
    },
    {
      "type": "Feature",
      "properties": {
        "area": 0.0,
        "crop": "Drumstick"
      },
      "geometry": {
        "type": "Polygon",
        "coordinates": [
          [
            [
              73.7980567655366,
              20.211105965388708
            ],
            [
              73.7980567655366,
              20.21110093258927
            ],
            [
              73.79806749597165,
              20.21110093258927
            ],
            [
              73.79806749597165,
              20.211105965388708
            ],
            [
              73.7980567655366,
              20.211105965388708
            ]
          ]
        ]
      }
    },
    {
      "type": "Feature",
      "properties": {
        "area": 0.0,
        "crop": "Cauliflower"
      },
      "geometry": {
        "type": "Polygon",
        "coordinates": [
          [
            [
              73.80168365258791,
              20.211105965388708
            ],
            [
              73.80168365258791,
              20.21110093258927
            ],
            [
              73.80168901780544,
              20.21110093258927
            ],
            [
              73.80168901780544,
              20.211105965388708
            ],
            [
              73.80168365258791,
              20.211105965388708
            ]
          ]
        ]
      }
    },
    {
      "type": "Feature",
      "properties": {
        "area": 0.0,
        "crop": "Mango"
      },
      "geometry": {
        "type": "Polygon",
        "coordinates": [
          [
            [
              73.7980728611892,
              20.21110093258927
            ],
            [
              73.7980728611892,
              20.211095899789676
            ],
            [
              73.79807822640673,
              20.211095899789676
            ],
            [
              73.79807822640673,
              20.21110093258927
            ],
            [
              73.7980728611892,
              20.21110093258927
            ]
          ]
        ]
      }
    },
    {
      "type": "Feature",
      "properties": {
        "area": 0.0,
        "crop": "Guava"
      },
      "geometry": {
        "type": "Polygon",
        "coordinates": [
          [
            [
              73.7980889568418,
              20.211095899789676
            ],
            [
              73.7980889568418,
              20.211090866989903
            ],
            [
              73.79809432205933,
              20.211090866989903
            ],
            [
              73.79809432205933,
              20.211095899789676
            ],
            [
              73.7980889568418,
              20.211095899789676
            ]
          ]
        ]
      }
    },
    {
      "type": "Feature",
      "properties": {
        "area": 0.0,
        "crop": "Banana"
      },
      "geometry": {
        "type": "Polygon",
        "coordinates": [
          [
            [
              73.8032502961071,
              20.211095899789676
            ],
            [
              73.8032502961071,
              20.211080801389887
            ],
            [
              73.80325566132464,
              20.211080801389887
            ],
            [
              73.80325566132464,
              20.211095899789676
            ],
            [
              73.8032502961071,
              20.211095899789676
            ]
          ]
        ]
      }
    },
    {
      "type": "Feature",
      "properties": {
        "area": 0.0,
        "crop": "Guava"
      },
      "geometry": {
        "type": "Polygon",
        "coordinates": [
          [
            [
              73.7981104177119,
              20.211090866989903
            ],
            [
              73.7981104177119,
              20.211085834189973
            ],
            [
              73.79811578292944,
              20.211085834189973
            ],
            [
              73.79811578292944,
              20.211090866989903
            ],
            [
              73.7981104177119,
              20.211090866989903
            ]
          ]
        ]
      }
    },
    {
      "type": "Feature",
      "properties": {
        "area": 0.0,
        "crop": "Grapes"
      },
      "geometry": {
        "type": "Polygon",
        "coordinates": [
          [
            [
              73.79812651336451,
              20.211085834189973
            ],
            [
              73.79812651336451,
              20.211080801389887
            ],
            [
              73.79813724379957,
              20.211080801389887
            ],
            [
              73.79813724379957,
              20.211085834189973
            ],
            [
              73.79812651336451,
              20.211085834189973
            ]
          ]
        ]
      }
    },
    {
      "type": "Feature",
      "properties": {
        "area": 0.0,
        "crop": "Orange"
      },
      "geometry": {
        "type": "Polygon",
        "coordinates": [
          [
            [
              73.80167828737038,
              20.211085834189973
            ],
            [
              73.80167828737038,
              20.211080801389887
            ],
            [
              73.80168365258791,
              20.211080801389887
            ],
            [
              73.80168365258791,
              20.211085834189973
            ],
            [
              73.80167828737038,
              20.211085834189973
            ]
          ]
        ]
      }
    },
    {
      "type": "Feature",
      "properties": {
        "area": 0.0,
        "crop": "Potato"
      },
      "geometry": {
        "type": "Polygon",
        "coordinates": [
          [
            [
              73.7981426090171,
              20.211080801389887
            ],
            [
              73.7981426090171,
              20.211075768589634
            ],
            [
              73.79815333945217,
              20.211075768589634
            ],
            [
              73.79815333945217,
              20.211080801389887
            ],
            [
              73.7981426090171,
              20.211080801389887
            ]
          ]
        ]
      }
    },
    {
      "type": "Feature",
      "properties": {
        "area": 0.0,
        "crop": "Onion"
      },
      "geometry": {
        "type": "Polygon",
        "coordinates": [
          [
            [
              73.7981587046697,
              20.211075768589634
            ],
            [
              73.7981587046697,
              20.211070735789225
            ],
            [
              73.79816943510477,
              20.211070735789225
            ],
            [
              73.79816943510477,
              20.211075768589634
            ],
            [
              73.7981587046697,
              20.211075768589634
            ]
          ]
        ]
      }
    },
    {
      "type": "Feature",
      "properties": {
        "area": 0.0,
        "crop": "Potato"
      },
      "geometry": {
        "type": "Polygon",
        "coordinates": [
          [
            [
              73.79817480032229,
              20.211070735789225
            ],
            [
              73.79817480032229,
              20.21106570298863
            ],
            [
              73.79818553075735,
              20.21106570298863
            ],
            [
              73.79818553075735,
              20.211070735789225
            ],
            [
              73.79817480032229,
              20.211070735789225
            ]
          ]
        ]
      }
    },
    {
      "type": "Feature",
      "properties": {
        "area": 0.0,
        "crop": "Black Gram (Urd Beans)(Whole)"
      },
      "geometry": {
        "type": "Polygon",
        "coordinates": [
          [
            [
              73.79819089597488,
              20.21106570298863
            ],
            [
              73.79819089597488,
              20.211060670187894
            ],
            [
              73.79820699162748,
              20.211060670187894
            ],
            [
              73.79820699162748,
              20.21106570298863
            ],
            [
              73.79819089597488,
              20.21106570298863
            ]
          ]
        ]
      }
    },
    {
      "type": "Feature",
      "properties": {
        "area": 0.0,
        "crop": "Apple"
      },
      "geometry": {
        "type": "Polygon",
        "coordinates": [
          [
            [
              73.79821235684503,
              20.211060670187894
            ],
            [
              73.7982284524976,
              20.211050604585925
            ],
            [
              73.79828210467291,
              20.2110405389833
            ],
            [
              73.79825527858526,
              20.211055637386995
            ],
            [
              73.79821235684503,
              20.211060670187894
            ]
          ]
        ]
      }
    },
    {
      "type": "Feature",
      "properties": {
        "area": 0.0,
        "crop": "Sweet Potato"
      },
      "geometry": {
        "type": "Polygon",
        "coordinates": [
          [
            [
              73.80324493088959,
              20.211060670187894
            ],
            [
              73.80324493088959,
              20.211050604585925
            ],
            [
              73.8032502961071,
              20.211050604585925
            ],
            [
              73.8032502961071,
              20.211060670187894
            ],
            [
              73.80324493088959,
              20.211060670187894
            ]
          ]
        ]
      }
    },
    {
      "type": "Feature",
      "properties": {
        "area": 0.0,
        "crop": "Grapes"
      },
      "geometry": {
        "type": "Polygon",
        "coordinates": [
          [
            [
              73.8016675569353,
              20.211055637386995
            ],
            [
              73.8016675569353,
              20.211050604585925
            ],
            [
              73.80167292215285,
              20.211050604585925
            ],
            [
              73.80167292215285,
              20.211055637386995
            ],
            [
              73.8016675569353,
              20.211055637386995
            ]
          ]
        ]
      }
    },
    {
      "type": "Feature",
      "properties": {
        "area": 0.0,
        "crop": "Bottle gourd"
      },
      "geometry": {
        "type": "Polygon",
        "coordinates": [
          [
            [
              73.80166219171778,
              20.211045571784698
            ],
            [
              73.80166219171778,
              20.2110405389833
            ],
            [
              73.8016675569353,
              20.2110405389833
            ],
            [
              73.8016675569353,
              20.211045571784698
            ],
            [
              73.80166219171778,
              20.211045571784698
            ]
          ]
        ]
      }
    },
    {
      "type": "Feature",
      "properties": {
        "area": 0.0,
        "crop": "Pomegranate"
      },
      "geometry": {
        "type": "Polygon",
        "coordinates": [
          [
            [
              73.79828746989044,
              20.2110405389833
            ],
            [
              73.79828746989044,
              20.21103550618174
            ],
            [
              73.79829283510799,
              20.21103550618174
            ],
            [
              73.79829283510799,
              20.2110405389833
            ],
            [
              73.79828746989044,
              20.2110405389833
            ]
          ]
        ]
      }
    },
    {
      "type": "Feature",
      "properties": {
        "area": 0.0,
        "crop": "Bitter gourd"
      },
      "geometry": {
        "type": "Polygon",
        "coordinates": [
          [
            [
              73.79876497425077,
              20.2110405389833
            ],
            [
              73.79876497425077,
              20.21103550618174
            ],
            [
              73.79877033946829,
              20.21103550618174
            ],
            [
              73.79877033946829,
              20.2110405389833
            ],
            [
              73.79876497425077,
              20.2110405389833
            ]
          ]
        ]
      }
    },
    {
      "type": "Feature",
      "properties": {
        "area": 0.0,
        "crop": "Cauliflower"
      },
      "geometry": {
        "type": "Polygon",
        "coordinates": [
          [
            [
              73.79830356554304,
              20.21103550618174
            ],
            [
              73.79830356554304,
              20.21103047338003
            ],
            [
              73.79830893076058,
              20.21103047338003
            ],
            [
              73.79830893076058,
              20.21103550618174
            ],
            [
              73.79830356554304,
              20.21103550618174
            ]
          ]
        ]
      }
    },
    {
      "type": "Feature",
      "properties": {
        "area": 0.0,
        "crop": "Banana"
      },
      "geometry": {
        "type": "Polygon",
        "coordinates": [
          [
            [
              73.80139393084121,
              20.21103550618174
            ],
            [
              73.80139393084121,
              20.21103047338003
            ],
            [
              73.80139929605873,
              20.21103047338003
            ],
            [
              73.80139929605873,
              20.21103550618174
            ],
            [
              73.80139393084121,
              20.21103550618174
            ]
          ]
        ]
      }
    },
    {
      "type": "Feature",
      "properties": {
        "area": 0.0,
        "crop": "Drumstick"
      },
      "geometry": {
        "type": "Polygon",
        "coordinates": [
          [
            [
              73.80323956567206,
              20.21103550618174
            ],
            [
              73.80323956567206,
              20.211025440578148
            ],
            [
              73.80324493088959,
              20.211025440578148
            ],
            [
              73.80324493088959,
              20.21103550618174
            ],
            [
              73.80323956567206,
              20.21103550618174
            ]
          ]
        ]
      }
    },
    {
      "type": "Feature",
      "properties": {
        "area": 0.0,
        "crop": "Bitter gourd"
      },
      "geometry": {
        "type": "Polygon",
        "coordinates": [
          [
            [
              73.7983142959781,
              20.21103047338003
            ],
            [
              73.7983142959781,
              20.211025440578148
            ],
            [
              73.79831966119565,
              20.211025440578148
            ],
            [
              73.79831966119565,
              20.21103047338003
            ],
            [
              73.7983142959781,
              20.21103047338003
            ]
          ]
        ]
      }
    },
    {
      "type": "Feature",
      "properties": {
        "area": 0.0,
        "crop": "Onion Green"
      },
      "geometry": {
        "type": "Polygon",
        "coordinates": [
          [
            [
              73.79833039163071,
              20.211025440578148
            ],
            [
              73.79833039163071,
              20.211020407776108
            ],
            [
              73.79833575684822,
              20.211020407776108
            ],
            [
              73.79833575684822,
              20.211025440578148
            ],
            [
              73.79833039163071,
              20.211025440578148
            ]
          ]
        ]
      }
    },
    {
      "type": "Feature",
      "properties": {
        "area": 0.0,
        "crop": "Grapes"
      },
      "geometry": {
        "type": "Polygon",
        "coordinates": [
          [
            [
              73.79834648728331,
              20.211020407776108
            ],
            [
              73.79834648728331,
              20.211015374973897
            ],
            [
              73.79835185250083,
              20.211015374973897
            ],
            [
              73.79835185250083,
              20.211020407776108
            ],
            [
              73.79834648728331,
              20.211020407776108
            ]
          ]
        ]
      }
    },
    {
      "type": "Feature",
      "properties": {
        "area": 0.0,
        "crop": "Beans"
      },
      "geometry": {
        "type": "Polygon",
        "coordinates": [
          [
            [
              73.80138856562368,
              20.211020407776108
            ],
            [
              73.80138856562368,
              20.211015374973897
            ],
            [
              73.80139393084121,
              20.211015374973897
            ],
            [
              73.80139393084121,
              20.211020407776108
            ],
            [
              73.80138856562368,
              20.211020407776108
            ]
          ]
        ]
      }
    },
    {
      "type": "Feature",
      "properties": {
        "area": 0.0,
        "crop": "Carrot"
      },
      "geometry": {
        "type": "Polygon",
        "coordinates": [
          [
            [
              73.7983625829359,
              20.211015374973897
            ],
            [
              73.7983625829359,
              20.211010342171527
            ],
            [
              73.79837867858849,
              20.211010342171527
            ],
            [
              73.79837867858849,
              20.211015374973897
            ],
            [
              73.7983625829359,
              20.211015374973897
            ]
          ]
        ]
      }
    },
    {
      "type": "Feature",
      "properties": {
        "area": 0.0,
        "crop": "Beetroot"
      },
      "geometry": {
        "type": "Polygon",
        "coordinates": [
          [
            [
              73.79839477424109,
              20.211010342171527
            ],
            [
              73.79839477424109,
              20.211005309368986
            ],
            [
              73.79840550467615,
              20.211005309368986
            ],
            [
              73.79840550467615,
              20.211010342171527
            ],
            [
              73.79839477424109,
              20.211010342171527
            ]
          ]
        ]
      }
    },
    {
      "type": "Feature",
      "properties": {
        "area": 0.0,
        "crop": "Onion"
      },
      "geometry": {
        "type": "Polygon",
        "coordinates": [
          [
            [
              73.80323420045453,
              20.211010342171527
            ],
            [
              73.80323420045453,
              20.211000276566303
            ],
            [
              73.80323956567206,
              20.211000276566303
            ],
            [
              73.80323956567206,
              20.211010342171527
            ],
            [
              73.80323420045453,
              20.211010342171527
            ]
          ]
        ]
      }
    },
    {
      "type": "Feature",
      "properties": {
        "area": 0.0,
        "crop": "Sweet Potato"
      },
      "geometry": {
        "type": "Polygon",
        "coordinates": [
          [
            [
              73.7984162351112,
              20.211005309368986
            ],
            [
              73.7984162351112,
              20.211000276566303
            ],
            [
              73.7984484264164,
              20.211000276566303
            ],
            [
              73.7984484264164,
              20.211005309368986
            ],
            [
              73.7984162351112,
              20.211005309368986
            ]
          ]
        ]
      }
    },
    {
      "type": "Feature",
      "properties": {
        "area": 0.0,
        "crop": "Banana"
      },
      "geometry": {
        "type": "Polygon",
        "coordinates": [
          [
            [
              73.80138320040615,
              20.211005309368986
            ],
            [
              73.80138320040615,
              20.211000276566303
            ],
            [
              73.80138856562368,
              20.211000276566303
            ],
            [
              73.80138856562368,
              20.211005309368986
            ],
            [
              73.80138320040615,
              20.211005309368986
            ]
          ]
        ]
      }
    },
    {
      "type": "Feature",
      "properties": {
        "area": 0.0,
        "crop": "Banana"
      },
      "geometry": {
        "type": "Polygon",
        "coordinates": [
          [
            [
              73.803228835237,
              20.21099021096043
            ],
            [
              73.803228835237,
              20.21098517815724
            ],
            [
              73.80323420045453,
              20.21098517815724
            ],
            [
              73.80323420045453,
              20.21099021096043
            ],
            [
              73.803228835237,
              20.21099021096043
            ]
          ]
        ]
      }
    },
    {
      "type": "Feature",
      "properties": {
        "area": 0.66,
        "crop": "Paddy(Dhan)(Common)"
      },
      "geometry": {
        "type": "Polygon",
        "coordinates": [
          [
            [
              73.79794946118598,
              20.211297211646812
            ],
            [
              73.79876497425077,
              20.21124185091206
            ],
            [
              73.7987542438157,
              20.21097511255039
            ],
            [
              73.79801384379634,
              20.211121063786052
            ],
            [
              73.79794946118598,
              20.211297211646812
            ]
          ]
        ]
      }
    },
    {
      "type": "Feature",
      "properties": {
        "area": 0.83,
        "crop": "Rice"
      },
      "geometry": {
        "type": "Polygon",
        "coordinates": [
          [
            [
              73.79851280902679,
              20.211704867359977
            ],
            [
              73.79899567860463,
              20.21158408059333
            ],
            [
              73.79889373947152,
              20.210944915725925
            ],
            [
              73.79877033946829,
              20.21097007974672
            ],
            [
              73.79880253077349,
              20.21124185091206
            ],
            [
              73.79843769598133,
              20.211312310025605
            ],
            [
              73.79851280902679,
              20.211704867359977
            ]
          ]
        ]
      }
    },
    {
      "type": "Feature",
      "properties": {
        "area": 0.0,
        "crop": "Onion Green"
      },
      "geometry": {
        "type": "Polygon",
        "coordinates": [
          [
            [
              73.80137783518862,
              20.21098014535389
            ],
            [
              73.80137783518862,
              20.21097511255039
            ],
            [
              73.80138320040615,
              20.21097511255039
            ],
            [
              73.80138320040615,
              20.21098014535389
            ],
            [
              73.80137783518862,
              20.21098014535389
            ]
          ]
        ]
      }
    },
    {
      "type": "Feature",
      "properties": {
        "area": 0.0,
        "crop": "Carrot"
      },
      "geometry": {
        "type": "Polygon",
        "coordinates": [
          [
            [
              73.80322347001946,
              20.21098014535389
            ],
            [
              73.80322347001946,
              20.21097511255039
            ],
            [
              73.803228835237,
              20.21097511255039
            ],
            [
              73.803228835237,
              20.21098014535389
            ],
            [
              73.80322347001946,
              20.21098014535389
            ]
          ]
        ]
      }
    },
    {
      "type": "Feature",
      "properties": {
        "area": 0.0,
        "crop": "Lime"
      },
      "geometry": {
        "type": "Polygon",
        "coordinates": [
          [
            [
              73.80321810480193,
              20.210965046942885
            ],
            [
              73.80321810480193,
              20.21096001413889
            ],
            [
              73.80322347001946,
              20.21096001413889
            ],
            [
              73.80322347001946,
              20.210965046942885
            ],
            [
              73.80321810480193,
              20.210965046942885
            ]
          ]
        ]
      }
    },
    {
      "type": "Feature",
      "properties": {
        "area": 0.0,
        "crop": "Water Melon"
      },
      "geometry": {
        "type": "Polygon",
        "coordinates": [
          [
            [
              73.79863084381248,
              20.210954981334734
            ],
            [
              73.79863084381248,
              20.210949948530406
            ],
            [
              73.79863620903001,
              20.210949948530406
            ],
            [
              73.79863620903001,
              20.210954981334734
            ],
            [
              73.79863084381248,
              20.210954981334734
            ]
          ]
        ]
      }
    },
    {
      "type": "Feature",
      "properties": {
        "area": 0.0,
        "crop": "Peas Wet"
      },
      "geometry": {
        "type": "Polygon",
        "coordinates": [
          [
            [
              73.80137246997108,
              20.210954981334734
            ],
            [
              73.80137246997108,
              20.210949948530406
            ],
            [
              73.80137783518862,
              20.210949948530406
            ],
            [
              73.80137783518862,
              20.210954981334734
            ],
            [
              73.80137246997108,
              20.210954981334734
            ]
          ]
        ]
      }
    },
    {
      "type": "Feature",
      "properties": {
        "area": 0.0,
        "crop": "Beetroot"
      },
      "geometry": {
        "type": "Polygon",
        "coordinates": [
          [
            [
              73.79871668729298,
              20.210949948530406
            ],
            [
              73.79871668729298,
              20.210944915725925
            ],
            [
              73.7987220525105,
              20.210944915725925
            ],
            [
              73.7987220525105,
              20.210949948530406
            ],
            [
              73.79871668729298,
              20.210949948530406
            ]
          ]
        ]
      }
    },
    {
      "type": "Feature",
      "properties": {
        "area": 0.76,
        "crop": "Paddy(Dhan)(Common)"
      },
      "geometry": {
        "type": "Polygon",
        "coordinates": [
          [
            [
              73.79903323512734,
              20.211478392095607
            ],
            [
              73.79947318296493,
              20.211382769107257
            ],
            [
              73.79938197426686,
              20.210949948530406
            ],
            [
              73.79896348729942,
              20.21098014535389
            ],
            [
              73.79903323512734,
              20.211478392095607
            ]
          ]
        ]
      }
    },
    {
      "type": "Feature",
      "properties": {
        "area": 0.0,
        "crop": "Cabbage"
      },
      "geometry": {
        "type": "Polygon",
        "coordinates": [
          [
            [
              73.8032127395844,
              20.210949948530406
            ],
            [
              73.8032127395844,
              20.210939882921274
            ],
            [
              73.80321810480193,
              20.210939882921274
            ],
            [
              73.80321810480193,
              20.210949948530406
            ],
            [
              73.8032127395844,
              20.210949948530406
            ]
          ]
        ]
      }
    },
    {
      "type": "Feature",
      "properties": {
        "area": 0.0,
        "crop": "Bottle gourd"
      },
      "geometry": {
        "type": "Polygon",
        "coordinates": [
          [
            [
              73.80320737436686,
              20.210939882921274
            ],
            [
              73.80320737436686,
              20.210929817311488
            ],
            [
              73.8032127395844,
              20.210929817311488
            ],
            [
              73.8032127395844,
              20.210939882921274
            ],
            [
              73.80320737436686,
              20.210939882921274
            ]
          ]
        ]
      }
    },
    {
      "type": "Feature",
      "properties": {
        "area": 0.0,
        "crop": "Drumstick"
      },
      "geometry": {
        "type": "Polygon",
        "coordinates": [
          [
            [
              73.8027727917468,
              20.210934850116463
            ],
            [
              73.8027727917468,
              20.210929817311488
            ],
            [
              73.80277815696434,
              20.210929817311488
            ],
            [
              73.80277815696434,
              20.210934850116463
            ],
            [
              73.8027727917468,
              20.210934850116463
            ]
          ]
        ]
      }
    },
    {
      "type": "Feature",
      "properties": {
        "area": 0.0,
        "crop": "Banana"
      },
      "geometry": {
        "type": "Polygon",
        "coordinates": [
          [
            [
              73.80320200914933,
              20.210929817311488
            ],
            [
              73.80320200914933,
              20.210924784506354
            ],
            [
              73.80320737436686,
              20.210924784506354
            ],
            [
              73.80320737436686,
              20.210929817311488
            ],
            [
              73.80320200914933,
              20.210929817311488
            ]
          ]
        ]
      }
    },
    {
      "type": "Feature",
      "properties": {
        "area": 0.0,
        "crop": "Bitter gourd"
      },
      "geometry": {
        "type": "Polygon",
        "coordinates": [
          [
            [
              73.80286400044484,
              20.210924784506354
            ],
            [
              73.80286400044484,
              20.210919751701056
            ],
            [
              73.80286936566237,
              20.210919751701056
            ],
            [
              73.80286936566237,
              20.210924784506354
            ],
            [
              73.80286400044484,
              20.210924784506354
            ]
          ]
        ]
      }
    },
    {
      "type": "Feature",
      "properties": {
        "area": 0.0,
        "crop": "Beetroot"
      },
      "geometry": {
        "type": "Polygon",
        "coordinates": [
          [
            [
              73.80319664393178,
              20.210924784506354
            ],
            [
              73.80319664393178,
              20.210919751701056
            ],
            [
              73.80320200914933,
              20.210919751701056
            ],
            [
              73.80320200914933,
              20.210924784506354
            ],
            [
              73.80319664393178,
              20.210924784506354
            ]
          ]
        ]
      }
    },
    {
      "type": "Feature",
      "properties": {
        "area": 0.0,
        "crop": "Bengal Gram(Gram)(Whole)"
      },
      "geometry": {
        "type": "Polygon",
        "coordinates": [
          [
            [
              73.80288009609743,
              20.210919751701056
            ],
            [
              73.80288009609743,
              20.210914718895598
            ],
            [
              73.80288546131496,
              20.210914718895598
            ],
            [
              73.80288546131496,
              20.210919751701056
            ],
            [
              73.80288009609743,
              20.210919751701056
            ]
          ]
        ]
      }
    },
    {
      "type": "Feature",
      "properties": {
        "area": 0.0,
        "crop": "Banana"
      },
      "geometry": {
        "type": "Polygon",
        "coordinates": [
          [
            [
              73.80319127871425,
              20.210919751701056
            ],
            [
              73.80319127871425,
              20.210914718895598
            ],
            [
              73.80319664393178,
              20.210914718895598
            ],
            [
              73.80319664393178,
              20.210919751701056
            ],
            [
              73.80319127871425,
              20.210919751701056
            ]
          ]
        ]
      }
    },
    {
      "type": "Feature",
      "properties": {
        "area": 0.0,
        "crop": "Cucumbar(Kheera)"
      },
      "geometry": {
        "type": "Polygon",
        "coordinates": [
          [
            [
              73.80290155696757,
              20.210914718895598
            ],
            [
              73.80290155696757,
              20.210909686089973
            ],
            [
              73.80291228740263,
              20.210909686089973
            ],
            [
              73.80291228740263,
              20.210914718895598
            ],
            [
              73.80290155696757,
              20.210914718895598
            ]
          ]
        ]
      }
    },
    {
      "type": "Feature",
      "properties": {
        "area": 0.0,
        "crop": "Sweet Potato"
      },
      "geometry": {
        "type": "Polygon",
        "coordinates": [
          [
            [
              73.80317518306165,
              20.210914718895598
            ],
            [
              73.80317518306165,
              20.210909686089973
            ],
            [
              73.80318591349675,
              20.210909686089973
            ],
            [
              73.80318591349675,
              20.210914718895598
            ],
            [
              73.80317518306165,
              20.210914718895598
            ]
          ]
        ]
      }
    },
    {
      "type": "Feature",
      "properties": {
        "area": 0.0,
        "crop": "Cucumbar(Kheera)"
      },
      "geometry": {
        "type": "Polygon",
        "coordinates": [
          [
            [
              73.80296057436041,
              20.210909686089973
            ],
            [
              73.80296057436041,
              20.21090465328419
            ],
            [
              73.80298203523054,
              20.21090465328419
            ],
            [
              73.80298203523054,
              20.210909686089973
            ],
            [
              73.80296057436041,
              20.210909686089973
            ]
          ]
        ]
      }
    },
    {
      "type": "Feature",
      "properties": {
        "area": 0.0,
        "crop": "Water Melon"
      },
      "geometry": {
        "type": "Polygon",
        "coordinates": [
          [
            [
              73.80315908740909,
              20.210909686089973
            ],
            [
              73.80315908740909,
              20.21090465328419
            ],
            [
              73.80316981784414,
              20.21090465328419
            ],
            [
              73.80316981784414,
              20.210909686089973
            ],
            [
              73.80315908740909,
              20.210909686089973
            ]
          ]
        ]
      }
    },
    {
      "type": "Feature",
      "properties": {
        "area": 5.06,
        "crop": "Jute"
      },
      "geometry": {
        "type": "Polygon",
        "coordinates": [
          [
            [
              73.80179095693853,
              20.212293701504922
            ],
            [
              73.80288546131496,
              20.212122587538598
            ],
            [
              73.80286936566237,
              20.211815588480388
            ],
            [
              73.8030947047987,
              20.211740096815927
            ],
            [
              73.80306787871103,
              20.211473359308215
            ],
            [
              73.80332004393503,
              20.211367670735303
            ],
            [
              73.80320737436686,
              20.210929817311488
            ],
            [
              73.80250453087022,
              20.211015374973897
            ],
            [
              73.80166219171778,
              20.211498523243563
            ],
            [
              73.80179095693853,
              20.212293701504922
            ]
          ]
        ]
      }
    },
    {
      "type": "Feature",
      "properties": {
        "area": 2.02,
        "crop": "Rice"
      },
      "geometry": {
        "type": "Polygon",
        "coordinates": [
          [
            [
              73.80380291351285,
              20.212882533421883
            ],
            [
              73.80382437438298,
              20.210934850116463
            ],
            [
              73.80343271350318,
              20.210909686089973
            ],
            [
              73.80328785262984,
              20.211055637386995
            ],
            [
              73.80380291351285,
              20.212882533421883
            ]
          ]
        ]
      }
    },
    {
      "type": "Feature",
      "properties": {
        "area": 0.0,
        "crop": "Apple"
      },
      "geometry": {
        "type": "Polygon",
        "coordinates": [
          [
            [
              73.80300886131819,
              20.21090465328419
            ],
            [
              73.80300886131819,
              20.210899620478248
            ],
            [
              73.80303032218832,
              20.210899620478248
            ],
            [
              73.80303032218832,
              20.21090465328419
            ],
            [
              73.80300886131819,
              20.21090465328419
            ]
          ]
        ]
      }
    },
    {
      "type": "Feature",
      "properties": {
        "area": 0.0,
        "crop": "Black Gram (Urd Beans)(Whole)"
      },
      "geometry": {
        "type": "Polygon",
        "coordinates": [
          [
            [
              73.80313762653894,
              20.21090465328419
            ],
            [
              73.80313762653894,
              20.210899620478248
            ],
            [
              73.80315372219154,
              20.210899620478248
            ],
            [
              73.80315372219154,
              20.21090465328419
            ],
            [
              73.80313762653894,
              20.21090465328419
            ]
          ]
        ]
      }
    },
    {
      "type": "Feature",
      "properties": {
        "area": 0.0,
        "crop": "Guava"
      },
      "geometry": {
        "type": "Polygon",
        "coordinates": [
          [
            [
              73.80304641784092,
              20.210899620478248
            ],
            [
              73.80304641784092,
              20.21089458767212
            ],
            [
              73.80313226132141,
              20.21089458767212
            ],
            [
              73.80313226132141,
              20.210899620478248
            ],
            [
              73.80304641784092,
              20.210899620478248
            ]
          ]
        ]
      }
    },
    {
      "type": "Feature",
      "properties": {
        "area": 0.66,
        "crop": "Mustard"
      },
      "geometry": {
        "type": "Polygon",
        "coordinates": [
          [
            [
              73.79960194818568,
              20.211367670735303
            ],
            [
              73.79990776558498,
              20.211282113266563
            ],
            [
              73.79978973079929,
              20.210859358024777
            ],
            [
              73.79943026122467,
              20.21089458767212
            ],
            [
              73.79960194818568,
              20.211367670735303
            ]
          ]
        ]
      }
    },
    {
      "type": "Feature",
      "properties": {
        "area": 0.94,
        "crop": "Paddy(Dhan)(Common)"
      },
      "geometry": {
        "type": "Polygon",
        "coordinates": [
          [
            [
              73.7971554089913,
              20.211277080472822
            ],
            [
              73.79772948726718,
              20.211261982090615
            ],
            [
              73.7977133916146,
              20.210854325217365
            ],
            [
              73.79703200898808,
              20.210889554865844
            ],
            [
              73.7971554089913,
              20.211277080472822
            ]
          ]
        ]
      }
    },
    {
      "type": "Feature",
      "properties": {
        "area": 0.0,
        "crop": "Beans"
      },
      "geometry": {
        "type": "Polygon",
        "coordinates": [
          [
            [
              73.80164073084767,
              20.21088452205941
            ],
            [
              73.8016514612827,
              20.21086942363912
            ],
            [
              73.80163536563013,
              20.210854325217365
            ],
            [
              73.80163536563013,
              20.210874456446053
            ],
            [
              73.80164073084767,
              20.21088452205941
            ]
          ]
        ]
      }
    },
    {
      "type": "Feature",
      "properties": {
        "area": 0.0,
        "crop": "Amla(Nelli Kai)"
      },
      "geometry": {
        "type": "Polygon",
        "coordinates": [
          [
            [
              73.80163000041259,
              20.210854325217365
            ],
            [
              73.80163000041259,
              20.210834193986074
            ],
            [
              73.80163536563013,
              20.210834193986074
            ],
            [
              73.80163536563013,
              20.210854325217365
            ],
            [
              73.80163000041259,
              20.210854325217365
            ]
          ]
        ]
      }
    },
    {
      "type": "Feature",
      "properties": {
        "area": 0.0,
        "crop": "Tomato"
      },
      "geometry": {
        "type": "Polygon",
        "coordinates": [
          [
            [
              73.80176949606842,
              20.210834193986074
            ],
            [
              73.80176949606842,
              20.21082916117786
            ],
            [
              73.80177486128594,
              20.21082916117786
            ],
            [
              73.80177486128594,
              20.210834193986074
            ],
            [
              73.80176949606842,
              20.210834193986074
            ]
          ]
        ]
      }
    },
    {
      "type": "Feature",
      "properties": {
        "area": 0.0,
        "crop": "Ridgeguard(Tori)"
      },
      "geometry": {
        "type": "Polygon",
        "coordinates": [
          [
            [
              73.80162463519507,
              20.21082916117786
            ],
            [
              73.80162463519507,
              20.210809029943313
            ],
            [
              73.80163000041259,
              20.210809029943313
            ],
            [
              73.80163000041259,
              20.21082916117786
            ],
            [
              73.80162463519507,
              20.21082916117786
            ]
          ]
        ]
      }
    },
    {
      "type": "Feature",
      "properties": {
        "area": 0.0,
        "crop": "Green Peas"
      },
      "geometry": {
        "type": "Polygon",
        "coordinates": [
          [
            [
              73.80161926997754,
              20.210809029943313
            ],
            [
              73.80161926997754,
              20.210793931515706
            ],
            [
              73.80162463519507,
              20.210793931515706
            ],
            [
              73.80162463519507,
              20.210809029943313
            ],
            [
              73.80161926997754,
              20.210809029943313
            ]
          ]
        ]
      }
    },
    {
      "type": "Feature",
      "properties": {
        "area": 0.0,
        "crop": "Mango (Raw-Ripe)"
      },
      "geometry": {
        "type": "Polygon",
        "coordinates": [
          [
            [
              73.80161390475999,
              20.210793931515706
            ],
            [
              73.80161390475999,
              20.210783865896474
            ],
            [
              73.80161926997754,
              20.210783865896474
            ],
            [
              73.80161926997754,
              20.210793931515706
            ],
            [
              73.80161390475999,
              20.210793931515706
            ]
          ]
        ]
      }
    },
    {
      "type": "Feature",
      "properties": {
        "area": 0.0,
        "crop": "Banana"
      },
      "geometry": {
        "type": "Polygon",
        "coordinates": [
          [
            [
              73.79609846113759,
              20.210773800276606
            ],
            [
              73.79609846113759,
              20.210768767466426
            ],
            [
              73.79610382635512,
              20.210768767466426
            ],
            [
              73.79610382635512,
              20.210773800276606
            ],
            [
              73.79609846113759,
              20.210773800276606
            ]
          ]
        ]
      }
    },
    {
      "type": "Feature",
      "properties": {
        "area": 0.0,
        "crop": "Mango"
      },
      "geometry": {
        "type": "Polygon",
        "coordinates": [
          [
            [
              73.80160853954246,
              20.210773800276606
            ],
            [
              73.80160853954246,
              20.210768767466426
            ],
            [
              73.80161390475999,
              20.210768767466426
            ],
            [
              73.80161390475999,
              20.210773800276606
            ],
            [
              73.80160853954246,
              20.210773800276606
            ]
          ]
        ]
      }
    },
    {
      "type": "Feature",
      "properties": {
        "area": 0.0,
        "crop": "Guava"
      },
      "geometry": {
        "type": "Polygon",
        "coordinates": [
          [
            [
              73.79609309592006,
              20.210768767466426
            ],
            [
              73.79609309592006,
              20.210763734656076
            ],
            [
              73.79609846113759,
              20.210763734656076
            ],
            [
              73.79609846113759,
              20.210768767466426
            ],
            [
              73.79609309592006,
              20.210768767466426
            ]
          ]
        ]
      }
    },
    {
      "type": "Feature",
      "properties": {
        "area": 0.0,
        "crop": "Onion"
      },
      "geometry": {
        "type": "Polygon",
        "coordinates": [
          [
            [
              73.79608773070251,
              20.210763734656076
            ],
            [
              73.79608773070251,
              20.210758701845563
            ],
            [
              73.79609309592006,
              20.210758701845563
            ],
            [
              73.79609309592006,
              20.210763734656076
            ],
            [
              73.79608773070251,
              20.210763734656076
            ]
          ]
        ]
      }
    },
    {
      "type": "Feature",
      "properties": {
        "area": 0.0,
        "crop": "Banana"
      },
      "geometry": {
        "type": "Polygon",
        "coordinates": [
          [
            [
              73.80160317432494,
              20.210763734656076
            ],
            [
              73.80160317432494,
              20.2107536690349
            ],
            [
              73.80160853954246,
              20.2107536690349
            ],
            [
              73.80160853954246,
              20.210763734656076
            ],
            [
              73.80160317432494,
              20.210763734656076
            ]
          ]
        ]
      }
    },
    {
      "type": "Feature",
      "properties": {
        "area": 0.0,
        "crop": "Guava"
      },
      "geometry": {
        "type": "Polygon",
        "coordinates": [
          [
            [
              73.796082365485,
              20.210758701845563
            ],
            [
              73.796082365485,
              20.2107536690349
            ],
            [
              73.79608773070251,
              20.2107536690349
            ],
            [
              73.79608773070251,
              20.210758701845563
            ],
            [
              73.796082365485,
              20.210758701845563
            ]
          ]
        ]
      }
    },
    {
      "type": "Feature",
      "properties": {
        "area": 0.0,
        "crop": "Chikoos(Sapota)"
      },
      "geometry": {
        "type": "Polygon",
        "coordinates": [
          [
            [
              73.79606626983241,
              20.2107536690349
            ],
            [
              73.79606626983241,
              20.210748636224068
            ],
            [
              73.79607700026747,
              20.210748636224068
            ],
            [
              73.79607700026747,
              20.2107536690349
            ],
            [
              73.79606626983241,
              20.2107536690349
            ]
          ]
        ]
      }
    },
    {
      "type": "Feature",
      "properties": {
        "area": 0.0,
        "crop": "Bhindi(Ladies Finger)"
      },
      "geometry": {
        "type": "Polygon",
        "coordinates": [
          [
            [
              73.79605017417981,
              20.210748636224068
            ],
            [
              73.79605017417981,
              20.210743603413075
            ],
            [
              73.79605553939734,
              20.210743603413075
            ],
            [
              73.79605553939734,
              20.210748636224068
            ],
            [
              73.79605017417981,
              20.210748636224068
            ]
          ]
        ]
      }
    },
    {
      "type": "Feature",
      "properties": {
        "area": 1.97,
        "crop": "Maize"
      },
      "geometry": {
        "type": "Polygon",
        "coordinates": [
          [
            [
              73.79586775678374,
              20.211478392095607
            ],
            [
              73.79678520898163,
              20.211382769107257
            ],
            [
              73.79678520898163,
              20.210814062752192
            ],
            [
              73.79617893940056,
              20.210879489252804
            ],
            [
              73.79589994808893,
              20.210733537790603
            ],
            [
              73.79586775678374,
              20.211478392095607
            ]
          ]
        ]
      }
    },
    {
      "type": "Feature",
      "properties": {
        "area": 0.35,
        "crop": "Paddy(Dhan)(Common)"
      },
      "geometry": {
        "type": "Polygon",
        "coordinates": [
          [
            [
              73.80192508737683,
              20.211131129383467
            ],
            [
              73.802209443906,
              20.211050604585925
            ],
            [
              73.80211286999044,
              20.210758701845563
            ],
            [
              73.80179095693853,
              20.210814062752192
            ],
            [
              73.80192508737683,
              20.211131129383467
            ]
          ]
        ]
      }
    },
    {
      "type": "Feature",
      "properties": {
        "area": 0.0,
        "crop": "Onion"
      },
      "geometry": {
        "type": "Polygon",
        "coordinates": [
          [
            [
              73.80159780910739,
              20.210748636224068
            ],
            [
              73.80159780910739,
              20.210733537790603
            ],
            [
              73.80160317432494,
              20.210733537790603
            ],
            [
              73.80160317432494,
              20.210748636224068
            ],
            [
              73.80159780910739,
              20.210748636224068
            ]
          ]
        ]
      }
    },
    {
      "type": "Feature",
      "properties": {
        "area": 0.0,
        "crop": "Guava"
      },
      "geometry": {
        "type": "Polygon",
        "coordinates": [
          [
            [
              73.80159244388987,
              20.210723472167466
            ],
            [
              73.80159244388987,
              20.210708373731556
            ],
            [
              73.80159780910739,
              20.210708373731556
            ],
            [
              73.80159780910739,
              20.210723472167466
            ],
            [
              73.80159244388987,
              20.210723472167466
            ]
          ]
        ]
      }
    },
    {
      "type": "Feature",
      "properties": {
        "area": 0.22,
        "crop": "Bajra(Pearl Millet/Cumbu)"
      },
      "geometry": {
        "type": "Polygon",
        "coordinates": [
          [
            [
              73.79863620903001,
              20.210934850116463
            ],
            [
              73.79889910468904,
              20.210909686089973
            ],
            [
              73.79886691338385,
              20.210683209668446
            ],
            [
              73.7985879220722,
              20.21071340654369
            ],
            [
              73.79863620903001,
              20.210934850116463
            ]
          ]
        ]
      }
    },
    {
      "type": "Feature",
      "properties": {
        "area": 0.0,
        "crop": "Mango (Raw-Ripe)"
      },
      "geometry": {
        "type": "Polygon",
        "coordinates": [
          [
            [
              73.79614674809538,
              20.210723472167466
            ],
            [
              73.79614674809538,
              20.210698308106796
            ],
            [
              73.79616284374796,
              20.210698308106796
            ],
            [
              73.79616284374796,
              20.210723472167466
            ],
            [
              73.79614674809538,
              20.210723472167466
            ]
          ]
        ]
      }
    },
    {
      "type": "Feature",
      "properties": {
        "area": 0.0,
        "crop": "Water Melon"
      },
      "geometry": {
        "type": "Polygon",
        "coordinates": [
          [
            [
              73.80158707867236,
              20.210703340919252
            ],
            [
              73.80158707867236,
              20.210683209668446
            ],
            [
              73.80159244388987,
              20.210683209668446
            ],
            [
              73.80159244388987,
              20.210703340919252
            ],
            [
              73.80158707867236,
              20.210703340919252
            ]
          ]
        ]
      }
    },
    {
      "type": "Feature",
      "properties": {
        "area": 0.0,
        "crop": "Bengal Gram(Gram)(Whole)"
      },
      "geometry": {
        "type": "Polygon",
        "coordinates": [
          [
            [
              73.80158171345482,
              20.21067817685534
            ],
            [
              73.80158171345482,
              20.210668111228628
            ],
            [
              73.80158707867236,
              20.210668111228628
            ],
            [
              73.80158707867236,
              20.21067817685534
            ],
            [
              73.80158171345482,
              20.21067817685534
            ]
          ]
        ]
      }
    },
    {
      "type": "Feature",
      "properties": {
        "area": 1.36,
        "crop": "Paddy(Dhan)(Common)"
      },
      "geometry": {
        "type": "Polygon",
        "coordinates": [
          [
            [
              73.8005247656011,
              20.211735064036997
            ],
            [
              73.80092715691595,
              20.211563949456437
            ],
            [
              73.80073937430237,
              20.210703340919252
            ],
            [
              73.80056232212381,
              20.21063791434459
            ],
            [
              73.8003906351628,
              20.210723472167466
            ],
            [
              73.8005247656011,
              20.211735064036997
            ]
          ]
        ]
      }
    },
    {
      "type": "Feature",
      "properties": {
        "area": 0.67,
        "crop": "Sunflower"
      },
      "geometry": {
        "type": "Polygon",
        "coordinates": [
          [
            [
              73.80102373083153,
              20.2115689822409
            ],
            [
              73.801190052575,
              20.211463293732933
            ],
            [
              73.80098080909127,
              20.21063791434459
            ],
            [
              73.80080375691273,
              20.21077883308662
            ],
            [
              73.80102373083153,
              20.2115689822409
            ]
          ]
        ]
      }
    },
    {
      "type": "Feature",
      "properties": {
        "area": 0.34,
        "crop": "Soyabean"
      },
      "geometry": {
        "type": "Polygon",
        "coordinates": [
          [
            [
              73.7989420264293,
              20.210914718895598
            ],
            [
              73.79932295687404,
              20.210854325217365
            ],
            [
              73.79930686122144,
              20.21063791434459
            ],
            [
              73.79889910468904,
              20.21067314404205
            ],
            [
              73.7989420264293,
              20.210914718895598
            ]
          ]
        ]
      }
    },
    {
      "type": "Feature",
      "properties": {
        "area": 0.57,
        "crop": "Soyabean"
      },
      "geometry": {
        "type": "Polygon",
        "coordinates": [
          [
            [
              73.80120078301007,
              20.211498523243563
            ],
            [
              73.80139393084121,
              20.211317342818216
            ],
            [
              73.80123833953279,
              20.21071340654369
            ],
            [
              73.80106128735424,
              20.210642947159005
            ],
            [
              73.80120078301007,
              20.211498523243563
            ]
          ]
        ]
      }
    },
    {
      "type": "Feature",
      "properties": {
        "area": 0.0,
        "crop": "Tomato"
      },
      "geometry": {
        "type": "Polygon",
        "coordinates": [
          [
            [
              73.80176413085088,
              20.21082916117786
            ],
            [
              73.80176949606842,
              20.210814062752192
            ],
            [
              73.8017158438931,
              20.210658045601264
            ],
            [
              73.80174803519829,
              20.210793931515706
            ],
            [
              73.80176413085088,
              20.21082916117786
            ]
          ]
        ]
      }
    },
    {
      "type": "Feature",
      "properties": {
        "area": 0.0,
        "crop": "Drumstick"
      },
      "geometry": {
        "type": "Polygon",
        "coordinates": [
          [
            [
              73.80157634823728,
              20.210658045601264
            ],
            [
              73.80157634823728,
              20.210653012787343
            ],
            [
              73.80158171345482,
              20.210653012787343
            ],
            [
              73.80158171345482,
              20.210658045601264
            ],
            [
              73.80157634823728,
              20.210658045601264
            ]
          ]
        ]
      }
    },
    {
      "type": "Feature",
      "properties": {
        "area": 0.0,
        "crop": "Bitter gourd"
      },
      "geometry": {
        "type": "Polygon",
        "coordinates": [
          [
            [
              73.80171047867557,
              20.21064797997325
            ],
            [
              73.80171047867557,
              20.21063791434459
            ],
            [
              73.8017158438931,
              20.21063791434459
            ],
            [
              73.8017158438931,
              20.21064797997325
            ],
            [
              73.80171047867557,
              20.21064797997325
            ]
          ]
        ]
      }
    },
    {
      "type": "Feature",
      "properties": {
        "area": 0.0,
        "crop": "Guava"
      },
      "geometry": {
        "type": "Polygon",
        "coordinates": [
          [
            [
              73.80131345257823,
              20.210642947159005
            ],
            [
              73.80131345257823,
              20.21063791434459
            ],
            [
              73.80131881779577,
              20.21063791434459
            ],
            [
              73.80131881779577,
              20.210642947159005
            ],
            [
              73.80131345257823,
              20.210642947159005
            ]
          ]
        ]
      }
    },
    {
      "type": "Feature",
      "properties": {
        "area": 0.0,
        "crop": "Green Peas"
      },
      "geometry": {
        "type": "Polygon",
        "coordinates": [
          [
            [
              73.80170511345801,
              20.21063791434459
            ],
            [
              73.80170511345801,
              20.210622815900376
            ],
            [
              73.80171047867557,
              20.210622815900376
            ],
            [
              73.80171047867557,
              20.21063791434459
            ],
            [
              73.80170511345801,
              20.21063791434459
            ]
          ]
        ]
      }
    },
    {
      "type": "Feature",
      "properties": {
        "area": 0.0,
        "crop": "Banana"
      },
      "geometry": {
        "type": "Polygon",
        "coordinates": [
          [
            [
              73.80169974824051,
              20.210622815900376
            ],
            [
              73.80169974824051,
              20.210602684639156
            ],
            [
              73.80170511345801,
              20.210602684639156
            ],
            [
              73.80170511345801,
              20.210622815900376
            ],
            [
              73.80169974824051,
              20.210622815900376
            ]
          ]
        ]
      }
    },
    {
      "type": "Feature",
      "properties": {
        "area": 0.0,
        "crop": "Apple"
      },
      "geometry": {
        "type": "Polygon",
        "coordinates": [
          [
            [
              73.80169438302298,
              20.210602684639156
            ],
            [
              73.80169438302298,
              20.21058758619151
            ],
            [
              73.80169974824051,
              20.21058758619151
            ],
            [
              73.80169974824051,
              20.210602684639156
            ],
            [
              73.80169438302298,
              20.210602684639156
            ]
          ]
        ]
      }
    },
    {
      "type": "Feature",
      "properties": {
        "area": 0.0,
        "crop": "Amla(Nelli Kai)"
      },
      "geometry": {
        "type": "Polygon",
        "coordinates": [
          [
            [
              73.80056232212381,
              20.21059261900756
            ],
            [
              73.80056232212381,
              20.21058758619151
            ],
            [
              73.80057305255889,
              20.21058758619151
            ],
            [
              73.80057305255889,
              20.21059261900756
            ],
            [
              73.80056232212381,
              20.21059261900756
            ]
          ]
        ]
      }
    },
    {
      "type": "Feature",
      "properties": {
        "area": 0.0,
        "crop": "Chikoos(Sapota)"
      },
      "geometry": {
        "type": "Polygon",
        "coordinates": [
          [
            [
              73.80053549603618,
              20.21058758619151
            ],
            [
              73.80053549603618,
              20.210582553375325
            ],
            [
              73.80055695690628,
              20.210582553375325
            ],
            [
              73.80055695690628,
              20.21058758619151
            ],
            [
              73.80053549603618,
              20.21058758619151
            ]
          ]
        ]
      }
    },
    {
      "type": "Feature",
      "properties": {
        "area": 0.65,
        "crop": "Jute"
      },
      "geometry": {
        "type": "Polygon",
        "coordinates": [
          [
            [
              73.8014958699743,
              20.211372703526113
            ],
            [
              73.80173730476322,
              20.211297211646812
            ],
            [
              73.80151733084443,
              20.210562422108882
            ],
            [
              73.80131345257823,
              20.210642947159005
            ],
            [
              73.8014958699743,
              20.211372703526113
            ]
          ]
        ]
      }
    },
    {
      "type": "Feature",
      "properties": {
        "area": 0.45,
        "crop": "Bengal Gram(Gram)(Whole)"
      },
      "geometry": {
        "type": "Polygon",
        "coordinates": [
          [
            [
              73.79939806991948,
              20.210854325217365
            ],
            [
              73.79985411340967,
              20.210834193986074
            ],
            [
              73.7998594786272,
              20.210597651823434
            ],
            [
              73.79932832209155,
              20.210622815900376
            ],
            [
              73.79939806991948,
              20.210854325217365
            ]
          ]
        ]
      }
    },
    {
      "type": "Feature",
      "properties": {
        "area": 0.34,
        "crop": "Bengal Gram(Gram)(Whole)"
      },
      "geometry": {
        "type": "Polygon",
        "coordinates": [
          [
            [
              73.80177486128594,
              20.211282113266563
            ],
            [
              73.80186606998399,
              20.211085834189973
            ],
            [
              73.80160853954246,
              20.210562422108882
            ],
            [
              73.80164609606518,
              20.21097007974672
            ],
            [
              73.80177486128594,
              20.211282113266563
            ]
          ]
        ]
      }
    },
    {
      "type": "Feature",
      "properties": {
        "area": 0.0,
        "crop": "Beans"
      },
      "geometry": {
        "type": "Polygon",
        "coordinates": [
          [
            [
              73.80157098301974,
              20.210632881530007
            ],
            [
              73.80157098301974,
              20.210582553375325
            ],
            [
              73.80158707867236,
              20.210557389291857
            ],
            [
              73.80168365258791,
              20.210562422108882
            ],
            [
              73.80157098301974,
              20.210632881530007
            ]
          ]
        ]
      }
    },
    {
      "type": "Feature",
      "properties": {
        "area": 1.01,
        "crop": "Maize"
      },
      "geometry": {
        "type": "Polygon",
        "coordinates": [
          [
            [
              73.80006872211091,
              20.21130727723284
            ],
            [
              73.80044965255566,
              20.21123681811701
            ],
            [
              73.80033161776996,
              20.210567454925737
            ],
            [
              73.79997751341288,
              20.210562422108882
            ],
            [
              73.80006872211091,
              20.21130727723284
            ]
          ]
        ]
      }
    },
    {
      "type": "Feature",
      "properties": {
        "area": 0.0,
        "crop": "Cucumbar(Kheera)"
      },
      "geometry": {
        "type": "Polygon",
        "coordinates": [
          [
            [
              73.80051403516603,
              20.210582553375325
            ],
            [
              73.80051403516603,
              20.21057752055895
            ],
            [
              73.80053549603618,
              20.21057752055895
            ],
            [
              73.80053549603618,
              20.210582553375325
            ],
            [
              73.80051403516603,
              20.210582553375325
            ]
          ]
        ]
      }
    },
    {
      "type": "Feature",
      "properties": {
        "area": 0.0,
        "crop": "Chikoos(Sapota)"
      },
      "geometry": {
        "type": "Polygon",
        "coordinates": [
          [
            [
              73.80048720907838,
              20.21057752055895
            ],
            [
              73.80048720907838,
              20.21057248774242
            ],
            [
              73.80051403516603,
              20.21057248774242
            ],
            [
              73.80051403516603,
              20.21057752055895
            ],
            [
              73.80048720907838,
              20.21057752055895
            ]
          ]
        ]
      }
    },
    {
      "type": "Feature",
      "properties": {
        "area": 0.0,
        "crop": "Banana"
      },
      "geometry": {
        "type": "Polygon",
        "coordinates": [
          [
            [
              73.80168901780544,
              20.21058758619151
            ],
            [
              73.80169438302298,
              20.21057248774242
            ],
            [
              73.80168365258791,
              20.210567454925737
            ],
            [
              73.80168365258791,
              20.21057752055895
            ],
            [
              73.80168901780544,
              20.21058758619151
            ]
          ]
        ]
      }
    },
    {
      "type": "Feature",
      "properties": {
        "area": 0.0,
        "crop": "Beans"
      },
      "geometry": {
        "type": "Polygon",
        "coordinates": [
          [
            [
              73.80047647864332,
              20.21057248774242
            ],
            [
              73.80047647864332,
              20.210567454925737
            ],
            [
              73.80048720907838,
              20.210567454925737
            ],
            [
              73.80048720907838,
              20.21057248774242
            ],
            [
              73.80047647864332,
              20.21057248774242
            ]
          ]
        ]
      }
    },
    {
      "type": "Feature",
      "properties": {
        "area": 0.0,
        "crop": "Onion"
      },
      "geometry": {
        "type": "Polygon",
        "coordinates": [
          [
            [
              73.80046038299072,
              20.210567454925737
            ],
            [
              73.80046038299072,
              20.210562422108882
            ],
            [
              73.80047111342579,
              20.210562422108882
            ],
            [
              73.80047111342579,
              20.210567454925737
            ],
            [
              73.80046038299072,
              20.210567454925737
            ]
          ]
        ]
      }
    },
    {
      "type": "Feature",
      "properties": {
        "area": 0.0,
        "crop": "Guava"
      },
      "geometry": {
        "type": "Polygon",
        "coordinates": [
          [
            [
              73.80044965255566,
              20.210562422108882
            ],
            [
              73.80044965255566,
              20.210557389291857
            ],
            [
              73.80046038299072,
              20.210557389291857
            ],
            [
              73.80046038299072,
              20.210562422108882
            ],
            [
              73.80044965255566,
              20.210562422108882
            ]
          ]
        ]
      }
    },
    {
      "type": "Feature",
      "properties": {
        "area": 0.0,
        "crop": "Cabbage"
      },
      "geometry": {
        "type": "Polygon",
        "coordinates": [
          [
            [
              73.80044428733814,
              20.210557389291857
            ],
            [
              73.80044428733814,
              20.21055235647469
            ],
            [
              73.80044965255566,
              20.21055235647469
            ],
            [
              73.80044965255566,
              20.210557389291857
            ],
            [
              73.80044428733814,
              20.210557389291857
            ]
          ]
        ]
      }
    },
    {
      "type": "Feature",
      "properties": {
        "area": 0.69,
        "crop": "Safflower"
      },
      "geometry": {
        "type": "Polygon",
        "coordinates": [
          [
            [
              73.80330931349997,
              20.210939882921274
            ],
            [
              73.80381900916545,
              20.210879489252804
            ],
            [
              73.80379218307779,
              20.210522159568182
            ],
            [
              73.8032502961071,
              20.21057248774242
            ],
            [
              73.80330931349997,
              20.210939882921274
            ]
          ]
        ]
      }
    },
    {
      "type": "Feature",
      "properties": {
        "area": 0.15,
        "crop": "Bajra(Pearl Millet/Cumbu)"
      },
      "geometry": {
        "type": "Polygon",
        "coordinates": [
          [
            [
              73.79609309592006,
              20.210743603413075
            ],
            [
              73.79610919157265,
              20.21052719238634
            ],
            [
              73.79590531330645,
              20.21052719238634
            ],
            [
              73.79590531330645,
              20.210708373731556
            ],
            [
              73.79609309592006,
              20.210743603413075
            ]
          ]
        ]
      }
    },
    {
      "type": "Feature",
      "properties": {
        "area": 0.0,
        "crop": "Arhar (Tur/Red Gram)(Whole)"
      },
      "geometry": {
        "type": "Polygon",
        "coordinates": [
          [
            [
              73.80024577428945,
              20.210542290839836
            ],
            [
              73.80024577428945,
              20.21053725802217
            ],
            [
              73.80025113950698,
              20.21053725802217
            ],
            [
              73.80025113950698,
              20.210542290839836
            ],
            [
              73.80024577428945,
              20.210542290839836
            ]
          ]
        ]
      }
    },
    {
      "type": "Feature",
      "properties": {
        "area": 0.0,
        "crop": "Papaya"
      },
      "geometry": {
        "type": "Polygon",
        "coordinates": [
          [
            [
              73.8003745395102,
              20.210542290839836
            ],
            [
              73.8003745395102,
              20.21053725802217
            ],
            [
              73.80037990472775,
              20.21053725802217
            ],
            [
              73.80037990472775,
              20.210542290839836
            ],
            [
              73.8003745395102,
              20.210542290839836
            ]
          ]
        ]
      }
    },
    {
      "type": "Feature",
      "properties": {
        "area": 0.0,
        "crop": "Cabbage"
      },
      "geometry": {
        "type": "Polygon",
        "coordinates": [
          [
            [
              73.8002028525492,
              20.21053725802217
            ],
            [
              73.8002028525492,
              20.210532225204336
            ],
            [
              73.80020821776674,
              20.210532225204336
            ],
            [
              73.80020821776674,
              20.21053725802217
            ],
            [
              73.8002028525492,
              20.21053725802217
            ]
          ]
        ]
      }
    },
    {
      "type": "Feature",
      "properties": {
        "area": 0.0,
        "crop": "Green Peas"
      },
      "geometry": {
        "type": "Polygon",
        "coordinates": [
          [
            [
              73.80010091341612,
              20.210532225204336
            ],
            [
              73.80010091341612,
              20.21052719238634
            ],
            [
              73.80011700906871,
              20.21052719238634
            ],
            [
              73.80011700906871,
              20.210532225204336
            ],
            [
              73.80010091341612,
              20.210532225204336
            ]
          ]
        ]
      }
    },
    {
      "type": "Feature",
      "properties": {
        "area": 0.0,
        "crop": "Karbuja(Musk Melon)"
      },
      "geometry": {
        "type": "Polygon",
        "coordinates": [
          [
            [
              73.80004189602327,
              20.21052719238634
            ],
            [
              73.80004189602327,
              20.210522159568182
            ],
            [
              73.80005799167584,
              20.210522159568182
            ],
            [
              73.80005799167584,
              20.21052719238634
            ],
            [
              73.80004189602327,
              20.21052719238634
            ]
          ]
        ]
      }
    },
    {
      "type": "Feature",
      "properties": {
        "area": 0.0,
        "crop": "Cucumbar(Kheera)"
      },
      "geometry": {
        "type": "Polygon",
        "coordinates": [
          [
            [
              73.80000970471806,
              20.210522159568182
            ],
            [
              73.80000970471806,
              20.21051712674987
            ],
            [
              73.8000150699356,
              20.21051712674987
            ],
            [
              73.8000150699356,
              20.210522159568182
            ],
            [
              73.80000970471806,
              20.210522159568182
            ]
          ]
        ]
      }
    },
    {
      "type": "Feature",
      "properties": {
        "area": 0.0,
        "crop": "Onion"
      },
      "geometry": {
        "type": "Polygon",
        "coordinates": [
          [
            [
              73.79998824384795,
              20.210491962655837
            ],
            [
              73.79998824384795,
              20.21048189701708
            ],
            [
              73.79999360906548,
              20.21048189701708
            ],
            [
              73.79999360906548,
              20.210491962655837
            ],
            [
              73.79998824384795,
              20.210491962655837
            ]
          ]
        ]
      }
    },
    {
      "type": "Feature",
      "properties": {
        "area": 0.09,
        "crop": "Grapes"
      },
      "geometry": {
        "type": "Polygon",
        "coordinates": [
          [
            [
              73.80333077437008,
              20.210557389291857
            ],
            [
              73.8034380787207,
              20.210542290839836
            ],
            [
              73.80346490480838,
              20.21045170009692
            ],
            [
              73.8032127395844,
              20.210456732917358
            ],
            [
              73.80333077437008,
              20.210557389291857
            ]
          ]
        ]
      }
    },
    {
      "type": "Feature",
      "properties": {
        "area": 0.0,
        "crop": "Potato"
      },
      "geometry": {
        "type": "Polygon",
        "coordinates": [
          [
            [
              73.80038526994528,
              20.210466798557736
            ],
            [
              73.80038526994528,
              20.210441634455574
            ],
            [
              73.8003906351628,
              20.210441634455574
            ],
            [
              73.8003906351628,
              20.210466798557736
            ],
            [
              73.80038526994528,
              20.210466798557736
            ]
          ]
        ]
      }
    },
    {
      "type": "Feature",
      "properties": {
        "area": 1.06,
        "crop": "Rice"
      },
      "geometry": {
        "type": "Polygon",
        "coordinates": [
          [
            [
              73.79696226116016,
              20.21086439083203
            ],
            [
              73.79768120030941,
              20.210793931515706
            ],
            [
              73.7976651046568,
              20.210406404705697
            ],
            [
              73.7968817828972,
              20.21048189701708
            ],
            [
              73.79696226116016,
              20.21086439083203
            ]
          ]
        ]
      }
    },
    {
      "type": "Feature",
      "properties": {
        "area": 0.0,
        "crop": "Mango (Raw-Ripe)"
      },
      "geometry": {
        "type": "Polygon",
        "coordinates": [
          [
            [
              73.79998287863043,
              20.210446667276326
            ],
            [
              73.79998287863043,
              20.210416470349333
            ],
            [
              73.79998824384795,
              20.210416470349333
            ],
            [
              73.79998824384795,
              20.210446667276326
            ],
            [
              73.79998287863043,
              20.210446667276326
            ]
          ]
        ]
      }
    },
    {
      "type": "Feature",
      "properties": {
        "area": 0.0,
        "crop": "Sweet Potato"
      },
      "geometry": {
        "type": "Polygon",
        "coordinates": [
          [
            [
              73.80038526994528,
              20.210421503170902
            ],
            [
              73.80038526994528,
              20.210401371883638
            ],
            [
              73.8003906351628,
              20.210401371883638
            ],
            [
              73.8003906351628,
              20.210421503170902
            ],
            [
              73.80038526994528,
              20.210421503170902
            ]
          ]
        ]
      }
    },
    {
      "type": "Feature",
      "properties": {
        "area": 1.32,
        "crop": "Jowar(Sorghum)"
      },
      "geometry": {
        "type": "Polygon",
        "coordinates": [
          [
            [
              73.80224163521119,
              20.211045571784698
            ],
            [
              73.80259573956828,
              20.210914718895598
            ],
            [
              73.80239186130206,
              20.210335945182024
            ],
            [
              73.80173193954569,
              20.210431568813558
            ],
            [
              73.80180705259113,
              20.210859358024777
            ],
            [
              73.80211286999044,
              20.210758701845563
            ],
            [
              73.80224163521119,
              20.211045571784698
            ]
          ]
        ]
      }
    },
    {
      "type": "Feature",
      "properties": {
        "area": 0.0,
        "crop": "Potato"
      },
      "geometry": {
        "type": "Polygon",
        "coordinates": [
          [
            [
              73.79998287863043,
              20.210335945182024
            ],
            [
              73.79998287863043,
              20.210330912357687
            ],
            [
              73.79998824384795,
              20.210330912357687
            ],
            [
              73.79998824384795,
              20.210335945182024
            ],
            [
              73.79998287863043,
              20.210335945182024
            ]
          ]
        ]
      }
    },
    {
      "type": "Feature",
      "properties": {
        "area": 0.59,
        "crop": "Safflower"
      },
      "geometry": {
        "type": "Polygon",
        "coordinates": [
          [
            [
              73.79586775678374,
              20.210522159568182
            ],
            [
              73.79670473071864,
              20.210466798557736
            ],
            [
              73.79676911332903,
              20.210391306239032
            ],
            [
              73.79668326984853,
              20.21029064975711
            ],
            [
              73.79586775678374,
              20.21030574823354
            ],
            [
              73.79586775678374,
              20.210522159568182
            ]
          ]
        ]
      }
    },
    {
      "type": "Feature",
      "properties": {
        "area": 1.83,
        "crop": "Jute"
      },
      "geometry": {
        "type": "Polygon",
        "coordinates": [
          [
            [
              73.79779923509508,
              20.211176424563774
            ],
            [
              73.79855573076703,
              20.21089458767212
            ],
            [
              73.79842696554627,
              20.210280584105334
            ],
            [
              73.79770802639705,
              20.210391306239032
            ],
            [
              73.79779923509508,
              20.211176424563774
            ]
          ]
        ]
      }
    },
    {
      "type": "Feature",
      "properties": {
        "area": 0.0,
        "crop": "Mango"
      },
      "geometry": {
        "type": "Polygon",
        "coordinates": [
          [
            [
              73.80037990472775,
              20.21029064975711
            ],
            [
              73.80037990472775,
              20.210265485626458
            ],
            [
              73.80038526994528,
              20.210265485626458
            ],
            [
              73.80038526994528,
              20.21029064975711
            ],
            [
              73.80037990472775,
              20.21029064975711
            ]
          ]
        ]
      }
    },
    {
      "type": "Feature",
      "properties": {
        "area": 0.29,
        "crop": "Bitter gourd"
      },
      "geometry": {
        "type": "Polygon",
        "coordinates": [
          [
            [
              73.80264939174359,
              20.210859358024777
            ],
            [
              73.80274596565916,
              20.210803997134274
            ],
            [
              73.80251526130529,
              20.21023025583671
            ],
            [
              73.80241868738973,
              20.210320846708523
            ],
            [
              73.80264939174359,
              20.210859358024777
            ]
          ]
        ]
      }
    },
    {
      "type": "Feature",
      "properties": {
        "area": 0.0,
        "crop": "Lime"
      },
      "geometry": {
        "type": "Polygon",
        "coordinates": [
          [
            [
              73.79998824384795,
              20.210270518452912
            ],
            [
              73.79998824384795,
              20.21023025583671
            ],
            [
              73.79999360906548,
              20.21023025583671
            ],
            [
              73.79999360906548,
              20.210270518452912
            ],
            [
              73.79998824384795,
              20.210270518452912
            ]
          ]
        ]
      }
    },
    {
      "type": "Feature",
      "properties": {
        "area": 0.0,
        "crop": "Papaya"
      },
      "geometry": {
        "type": "Polygon",
        "coordinates": [
          [
            [
              73.8003745395102,
              20.21024535431901
            ],
            [
              73.8003745395102,
              20.21023025583671
            ],
            [
              73.80037990472775,
              20.21023025583671
            ],
            [
              73.80037990472775,
              20.21024535431901
            ],
            [
              73.8003745395102,
              20.21024535431901
            ]
          ]
        ]
      }
    },
    {
      "type": "Feature",
      "properties": {
        "area": 0.01,
        "crop": "Pomegranate"
      },
      "geometry": {
        "type": "Polygon",
        "coordinates": [
          [
            [
              73.80043355690304,
              20.21055235647469
            ],
            [
              73.80044428733814,
              20.210547323657337
            ],
            [
              73.80040673081541,
              20.210486929836545
            ],
            [
              73.80040673081541,
              20.21027555127921
            ],
            [
              73.80038526994528,
              20.210205091696295
            ],
            [
              73.80040136559788,
              20.21050202829394
            ],
            [
              73.80043355690304,
              20.21055235647469
            ]
          ]
        ]
      }
    },
    {
      "type": "Feature",
      "properties": {
        "area": 0.0,
        "crop": "Sweet Potato"
      },
      "geometry": {
        "type": "Polygon",
        "coordinates": [
          [
            [
              73.80036917429268,
              20.210210124524707
            ],
            [
              73.80036917429268,
              20.21018496038103
            ],
            [
              73.8003745395102,
              20.21018496038103
            ],
            [
              73.8003745395102,
              20.210210124524707
            ],
            [
              73.80036917429268,
              20.210210124524707
            ]
          ]
        ]
      }
    },
    {
      "type": "Feature",
      "properties": {
        "area": 0.0,
        "crop": "Black Gram (Urd Beans)(Whole)"
      },
      "geometry": {
        "type": "Polygon",
        "coordinates": [
          [
            [
              73.80037990472775,
              20.210189993210097
            ],
            [
              73.80037990472775,
              20.21015476340326
            ],
            [
              73.80038526994528,
              20.21015476340326
            ],
            [
              73.80038526994528,
              20.210189993210097
            ],
            [
              73.80037990472775,
              20.210189993210097
            ]
          ]
        ]
      }
    },
    {
      "type": "Feature",
      "properties": {
        "area": 0.0,
        "crop": "Potato"
      },
      "geometry": {
        "type": "Polygon",
        "coordinates": [
          [
            [
              73.80036380907517,
              20.210164829063178
            ],
            [
              73.80036380907517,
              20.2101446977427
            ],
            [
              73.80036917429268,
              20.2101446977427
            ],
            [
              73.80036917429268,
              20.210164829063178
            ],
            [
              73.80036380907517,
              20.210164829063178
            ]
          ]
        ]
      }
    },
    {
      "type": "Feature",
      "properties": {
        "area": 0.02,
        "crop": "Arhar (Tur/Red Gram)(Whole)"
      },
      "geometry": {
        "type": "Polygon",
        "coordinates": [
          [
            [
              73.80240795695467,
              20.210220190181044
            ],
            [
              73.80248843521764,
              20.210189993210097
            ],
            [
              73.80245624391245,
              20.21012456641963
            ],
            [
              73.80239186130206,
              20.2101446977427
            ],
            [
              73.80240795695467,
              20.210220190181044
            ]
          ]
        ]
      }
    },
    {
      "type": "Feature",
      "properties": {
        "area": 0.0,
        "crop": "Ridgeguard(Tori)"
      },
      "geometry": {
        "type": "Polygon",
        "coordinates": [
          [
            [
              73.8003745395102,
              20.21011450075712
            ],
            [
              73.8003745395102,
              20.210039008267522
            ],
            [
              73.80037990472775,
              20.210039008267522
            ],
            [
              73.80037990472775,
              20.21011450075712
            ],
            [
              73.8003745395102,
              20.21011450075712
            ]
          ]
        ]
      }
    },
    {
      "type": "Feature",
      "properties": {
        "area": 0.0,
        "crop": "Lime"
      },
      "geometry": {
        "type": "Polygon",
        "coordinates": [
          [
            [
              73.80036917429268,
              20.210018876930782
            ],
            [
              73.80036917429268,
              20.20994841723168
            ],
            [
              73.80037990472775,
              20.209923253045684
            ],
            [
              73.80039600038035,
              20.209918220207996
            ],
            [
              73.80036917429268,
              20.210018876930782
            ]
          ]
        ]
      }
    },
    {
      "type": "Feature",
      "properties": {
        "area": 1.4,
        "crop": "Maize"
      },
      "geometry": {
        "type": "Polygon",
        "coordinates": [
          [
            [
              73.80282107870458,
              20.210844259602048
            ],
            [
              73.80322347001946,
              20.210783865896474
            ],
            [
              73.80306787871103,
              20.209893056017137
            ],
            [
              73.8025689134806,
              20.21020005886773
            ],
            [
              73.80282107870458,
              20.210844259602048
            ]
          ]
        ]
      }
    },
    {
      "type": "Feature",
      "properties": {
        "area": 0.0,
        "crop": "Peas Wet"
      },
      "geometry": {
        "type": "Polygon",
        "coordinates": [
          [
            [
              73.8005247656011,
              20.20989808885564
            ],
            [
              73.8005247656011,
              20.209893056017137
            ],
            [
              73.8005408612537,
              20.209893056017137
            ],
            [
              73.8005408612537,
              20.20989808885564
            ],
            [
              73.8005247656011,
              20.20989808885564
            ]
          ]
        ]
      }
    },
    {
      "type": "Feature",
      "properties": {
        "area": 0.0,
        "crop": "Orange"
      },
      "geometry": {
        "type": "Polygon",
        "coordinates": [
          [
            [
              73.80055159168874,
              20.209893056017137
            ],
            [
              73.80055159168874,
              20.209888023178472
            ],
            [
              73.80056232212381,
              20.209888023178472
            ],
            [
              73.80056232212381,
              20.209893056017137
            ],
            [
              73.80055159168874,
              20.209893056017137
            ]
          ]
        ]
      }
    },
    {
      "type": "Feature",
      "properties": {
        "area": 0.0,
        "crop": "Bengal Gram(Gram)(Whole)"
      },
      "geometry": {
        "type": "Polygon",
        "coordinates": [
          [
            [
              73.80057305255889,
              20.209888023178472
            ],
            [
              73.80057305255889,
              20.20988299033966
            ],
            [
              73.80057841777642,
              20.20988299033966
            ],
            [
              73.80057841777642,
              20.209888023178472
            ],
            [
              73.80057305255889,
              20.209888023178472
            ]
          ]
        ]
      }
    },
    {
      "type": "Feature",
      "properties": {
        "area": 0.0,
        "crop": "Ridgeguard(Tori)"
      },
      "geometry": {
        "type": "Polygon",
        "coordinates": [
          [
            [
              73.80060524386406,
              20.20988299033966
            ],
            [
              73.80060524386406,
              20.209877957500673
            ],
            [
              73.80061060908159,
              20.209877957500673
            ],
            [
              73.80061060908159,
              20.20988299033966
            ],
            [
              73.80060524386406,
              20.20988299033966
            ]
          ]
        ]
      }
    },
    {
      "type": "Feature",
      "properties": {
        "area": 0.0,
        "crop": "Beans"
      },
      "geometry": {
        "type": "Polygon",
        "coordinates": [
          [
            [
              73.80065353082186,
              20.209877957500673
            ],
            [
              73.80065353082186,
              20.20987292466152
            ],
            [
              73.8006588960394,
              20.20987292466152
            ],
            [
              73.8006588960394,
              20.209877957500673
            ],
            [
              73.80065353082186,
              20.209877957500673
            ]
          ]
        ]
      }
    },
    {
      "type": "Feature",
      "properties": {
        "area": 0.95,
        "crop": "Rice"
      },
      "geometry": {
        "type": "Polygon",
        "coordinates": [
          [
            [
              73.80350246133109,
              20.21048189701708
            ],
            [
              73.80366878307456,
              20.210441634455574
            ],
            [
              73.8035883048116,
              20.20984776046332
            ],
            [
              73.80312689610388,
              20.209867891822206
            ],
            [
              73.80319664393178,
              20.210416470349333
            ],
            [
              73.80350246133109,
              20.21048189701708
            ]
          ]
        ]
      }
    },
    {
      "type": "Feature",
      "properties": {
        "area": 0.0,
        "crop": "Bitter gourd"
      },
      "geometry": {
        "type": "Polygon",
        "coordinates": [
          [
            [
              73.8009325221335,
              20.20981756342013
            ],
            [
              73.8009325221335,
              20.209812530579036
            ],
            [
              73.80093788735103,
              20.209812530579036
            ],
            [
              73.80093788735103,
              20.20981756342013
            ],
            [
              73.8009325221335,
              20.20981756342013
            ]
          ]
        ]
      }
    },
    {
      "type": "Feature",
      "properties": {
        "area": 0.0,
        "crop": "Cucumbar(Kheera)"
      },
      "geometry": {
        "type": "Polygon",
        "coordinates": [
          [
            [
              73.8010022699614,
              20.209802464896338
            ],
            [
              73.8010022699614,
              20.209797432054753
            ],
            [
              73.80100763517893,
              20.209797432054753
            ],
            [
              73.80100763517893,
              20.209802464896338
            ],
            [
              73.8010022699614,
              20.209802464896338
            ]
          ]
        ]
      }
    },
    {
      "type": "Feature",
      "properties": {
        "area": 0.0,
        "crop": "Cucumbar(Kheera)"
      },
      "geometry": {
        "type": "Polygon",
        "coordinates": [
          [
            [
              73.80103982648413,
              20.209797432054753
            ],
            [
              73.80103982648413,
              20.20979239921299
            ],
            [
              73.80104519170165,
              20.20979239921299
            ],
            [
              73.80104519170165,
              20.209797432054753
            ],
            [
              73.80103982648413,
              20.209797432054753
            ]
          ]
        ]
      }
    },
    {
      "type": "Feature",
      "properties": {
        "area": 0.0,
        "crop": "Onion Green"
      },
      "geometry": {
        "type": "Polygon",
        "coordinates": [
          [
            [
              73.80088960039325,
              20.20979239921299
            ],
            [
              73.80088960039325,
              20.209787366371078
            ],
            [
              73.80089496561078,
              20.209787366371078
            ],
            [
              73.80089496561078,
              20.20979239921299
            ],
            [
              73.80088960039325,
              20.20979239921299
            ]
          ]
        ]
      }
    },
    {
      "type": "Feature",
      "properties": {
        "area": 0.0,
        "crop": "Karbuja(Musk Melon)"
      },
      "geometry": {
        "type": "Polygon",
        "coordinates": [
          [
            [
              73.80106665257179,
              20.20979239921299
            ],
            [
              73.80106665257179,
              20.209787366371078
            ],
            [
              73.80107201778932,
              20.209787366371078
            ],
            [
              73.80107201778932,
              20.20979239921299
            ],
            [
              73.80106665257179,
              20.20979239921299
            ]
          ]
        ]
      }
    },
    {
      "type": "Feature",
      "properties": {
        "area": 1.43,
        "crop": "Paddy(Dhan)(Common)"
      },
      "geometry": {
        "type": "Polygon",
        "coordinates": [
          [
            [
              73.79586775678374,
              20.21030071540823
            ],
            [
              73.79670473071864,
              20.21025038714611
            ],
            [
              73.796677904631,
              20.209782333528988
            ],
            [
              73.79583020026102,
              20.20981756342013
            ],
            [
              73.79586775678374,
              20.21030071540823
            ]
          ]
        ]
      }
    },
    {
      "type": "Feature",
      "properties": {
        "area": 1.28,
        "crop": "Rice"
      },
      "geometry": {
        "type": "Polygon",
        "coordinates": [
          [
            [
              73.80153879171455,
              20.210426535992323
            ],
            [
              73.80226309608132,
              20.210270518452912
            ],
            [
              73.80211823520797,
              20.20977730068676
            ],
            [
              73.8014797743217,
              20.20991318737015
            ],
            [
              73.80153879171455,
              20.210426535992323
            ]
          ]
        ]
      }
    },
    {
      "type": "Feature",
      "properties": {
        "area": 2.42,
        "crop": "Bajra(Pearl Millet/Cumbu)"
      },
      "geometry": {
        "type": "Polygon",
        "coordinates": [
          [
            [
              73.80059451342902,
              20.210597651823434
            ],
            [
              73.80144758301653,
              20.210436601634648
            ],
            [
              73.80136710475354,
              20.209757169316166
            ],
            [
              73.80038526994528,
              20.209928285883215
            ],
            [
              73.80041209603294,
              20.210507061112747
            ],
            [
              73.80059451342902,
              20.210597651823434
            ]
          ]
        ]
      }
    },
    {
      "type": "Feature",
      "properties": {
        "area": 1.79,
        "crop": "Paddy(Dhan)(Common)"
      },
      "geometry": {
        "type": "Polygon",
        "coordinates": [
          [
            [
              73.79857719163716,
              20.210653012787343
            ],
            [
              73.79914053947797,
              20.21057752055895
            ],
            [
              73.79900640903968,
              20.209706840878287
            ],
            [
              73.79842696554627,
              20.209807497737764
            ],
            [
              73.79857719163716,
              20.210653012787343
            ]
          ]
        ]
      }
    },
    {
      "type": "Feature",
      "properties": {
        "area": 0.0,
        "crop": "Cucumbar(Kheera)"
      },
      "geometry": {
        "type": "Polygon",
        "coordinates": [
          [
            [
              73.80137246997108,
              20.20968167665325
            ],
            [
              73.80137246997108,
              20.209676643807754
            ],
            [
              73.80137783518862,
              20.209676643807754
            ],
            [
              73.80137783518862,
              20.20968167665325
            ],
            [
              73.80137246997108,
              20.20968167665325
            ]
          ]
        ]
      }
    },
    {
      "type": "Feature",
      "properties": {
        "area": 0.0,
        "crop": "Apple"
      },
      "geometry": {
        "type": "Polygon",
        "coordinates": [
          [
            [
              73.80138856562368,
              20.20966657811627
            ],
            [
              73.80138856562368,
              20.209661545270286
            ],
            [
              73.80139393084121,
              20.209661545270286
            ],
            [
              73.80139393084121,
              20.20966657811627
            ],
            [
              73.80138856562368,
              20.20966657811627
            ]
          ]
        ]
      }
    },
    {
      "type": "Feature",
      "properties": {
        "area": 0.98,
        "crop": "Rice"
      },
      "geometry": {
        "type": "Polygon",
        "coordinates": [
          [
            [
              73.79921028730585,
              20.21058758619151
            ],
            [
              73.79949464383505,
              20.210532225204336
            ],
            [
              73.79933905252663,
              20.209631348190968
            ],
            [
              73.799060061215,
              20.209721939411356
            ],
            [
              73.79921028730585,
              20.21058758619151
            ]
          ]
        ]
      }
    },
    {
      "type": "Feature",
      "properties": {
        "area": 0.0,
        "crop": "Beetroot"
      },
      "geometry": {
        "type": "Polygon",
        "coordinates": [
          [
            [
              73.80139393084121,
              20.209651479577836
            ],
            [
              73.80139393084121,
              20.209641413884725
            ],
            [
              73.80139929605873,
              20.209641413884725
            ],
            [
              73.80139929605873,
              20.209651479577836
            ],
            [
              73.80139393084121,
              20.209651479577836
            ]
          ]
        ]
      }
    },
    {
      "type": "Feature",
      "properties": {
        "area": 2.97,
        "crop": "Jowar(Sorghum)"
      },
      "geometry": {
        "type": "Polygon",
        "coordinates": [
          [
            [
              73.79691933941993,
              20.210411437527593
            ],
            [
              73.79838940902356,
              20.210205091696295
            ],
            [
              73.79833575684822,
              20.209686709498584
            ],
            [
              73.79823381771516,
              20.20960115110578
            ],
            [
              73.79710712203352,
              20.209787366371078
            ],
            [
              73.79682813072188,
              20.210018876930782
            ],
            [
              73.79691933941993,
              20.210411437527593
            ]
          ]
        ]
      }
    },
    {
      "type": "Feature",
      "properties": {
        "area": 1.1,
        "crop": "Jute"
      },
      "geometry": {
        "type": "Polygon",
        "coordinates": [
          [
            [
              73.80031015689985,
              20.210547323657337
            ],
            [
              73.8003906351628,
              20.210532225204336
            ],
            [
              73.80032088733489,
              20.209586052560987
            ],
            [
              73.80000433950053,
              20.20965651242414
            ],
            [
              73.79998824384795,
              20.210270518452912
            ],
            [
              73.80000433950053,
              20.21051712674987
            ],
            [
              73.80031015689985,
              20.210547323657337
            ]
          ]
        ]
      }
    },
    {
      "type": "Feature",
      "properties": {
        "area": 0.0,
        "crop": "Apple"
      },
      "geometry": {
        "type": "Polygon",
        "coordinates": [
          [
            [
              73.80139393084121,
              20.20962631534384
            ],
            [
              73.80139393084121,
              20.20960618395372
            ],
            [
              73.80139929605873,
              20.20960618395372
            ],
            [
              73.80139929605873,
              20.20962631534384
            ],
            [
              73.80139393084121,
              20.20962631534384
            ]
          ]
        ]
      }
    },
    {
      "type": "Feature",
      "properties": {
        "area": 0.0,
        "crop": "Chikoos(Sapota)"
      },
      "geometry": {
        "type": "Polygon",
        "coordinates": [
          [
            [
              73.80138856562368,
              20.209596118257682
            ],
            [
              73.80138856562368,
              20.209586052560987
            ],
            [
              73.80139393084121,
              20.209586052560987
            ],
            [
              73.80139393084121,
              20.209596118257682
            ],
            [
              73.80138856562368,
              20.209596118257682
            ]
          ]
        ]
      }
    },
    {
      "type": "Feature",
      "properties": {
        "area": 1.55,
        "crop": "Jute"
      },
      "geometry": {
        "type": "Polygon",
        "coordinates": [
          [
            [
              73.7995214699227,
              20.210547323657337
            ],
            [
              73.79993459167261,
              20.21048189701708
            ],
            [
              73.79988630471485,
              20.209545789767724
            ],
            [
              73.79938197426686,
              20.209631348190968
            ],
            [
              73.7995214699227,
              20.210547323657337
            ]
          ]
        ]
      }
    },
    {
      "type": "Feature",
      "properties": {
        "area": 0.0,
        "crop": "Bhindi(Ladies Finger)"
      },
      "geometry": {
        "type": "Polygon",
        "coordinates": [
          [
            [
              73.80138320040615,
              20.209570954014737
            ],
            [
              73.80138320040615,
              20.209560888316425
            ],
            [
              73.80138856562368,
              20.209560888316425
            ],
            [
              73.80138856562368,
              20.209570954014737
            ],
            [
              73.80138320040615,
              20.209570954014737
            ]
          ]
        ]
      }
    },
    {
      "type": "Feature",
      "properties": {
        "area": 0.0,
        "crop": "Arhar (Tur/Red Gram)(Whole)"
      },
      "geometry": {
        "type": "Polygon",
        "coordinates": [
          [
            [
              73.80137783518862,
              20.209550822617462
            ],
            [
              73.80137783518862,
              20.209540756917836
            ],
            [
              73.80138320040615,
              20.209540756917836
            ],
            [
              73.80138320040615,
              20.209550822617462
            ],
            [
              73.80137783518862,
              20.209550822617462
            ]
          ]
        ]
      }
    },
    {
      "type": "Feature",
      "properties": {
        "area": 0.0,
        "crop": "Tomato"
      },
      "geometry": {
        "type": "Polygon",
        "coordinates": [
          [
            [
              73.80137246997108,
              20.209530691217566
            ],
            [
              73.80137246997108,
              20.209520625516642
            ],
            [
              73.80137783518862,
              20.209520625516642
            ],
            [
              73.80137783518862,
              20.209530691217566
            ],
            [
              73.80137246997108,
              20.209530691217566
            ]
          ]
        ]
      }
    },
    {
      "type": "Feature",
      "properties": {
        "area": 0.0,
        "crop": "Apple"
      },
      "geometry": {
        "type": "Polygon",
        "coordinates": [
          [
            [
              73.80033161776996,
              20.209515592665937
            ],
            [
              73.80033161776996,
              20.209510559815072
            ],
            [
              73.80033698298749,
              20.209510559815072
            ],
            [
              73.80033698298749,
              20.209515592665937
            ],
            [
              73.80033161776996,
              20.209515592665937
            ]
          ]
        ]
      }
    },
    {
      "type": "Feature",
      "properties": {
        "area": 0.0,
        "crop": "Ridgeguard(Tori)"
      },
      "geometry": {
        "type": "Polygon",
        "coordinates": [
          [
            [
              73.80136710475354,
              20.209510559815072
            ],
            [
              73.80136710475354,
              20.209500494112852
            ],
            [
              73.80137246997108,
              20.209500494112852
            ],
            [
              73.80137246997108,
              20.209510559815072
            ],
            [
              73.80136710475354,
              20.209510559815072
            ]
          ]
        ]
      }
    },
    {
      "type": "Feature",
      "properties": {
        "area": 0.22,
        "crop": "Bengal Gram(Gram)(Whole)"
      },
      "geometry": {
        "type": "Polygon",
        "coordinates": [
          [
            [
              73.80341125263307,
              20.209797432054753
            ],
            [
              73.80360976568173,
              20.20977226784436
            ],
            [
              73.80347563524343,
              20.20949042840999
            ],
            [
              73.80334150480515,
              20.209535724067784
            ],
            [
              73.80341125263307,
              20.209797432054753
            ]
          ]
        ]
      }
    },
    {
      "type": "Feature",
      "properties": {
        "area": 0.64,
        "crop": "Safflower"
      },
      "geometry": {
        "type": "Polygon",
        "coordinates": [
          [
            [
              73.80373853090249,
              20.210486929836545
            ],
            [
              73.80383510481805,
              20.210461765737634
            ],
            [
              73.80381900916545,
              20.20949042840999
            ],
            [
              73.80358293959408,
              20.209596118257682
            ],
            [
              73.80373853090249,
              20.210486929836545
            ]
          ]
        ]
      }
    },
    {
      "type": "Feature",
      "properties": {
        "area": 0.67,
        "crop": "Castor Seed"
      },
      "geometry": {
        "type": "Polygon",
        "coordinates": [
          [
            [
              73.80230601782158,
              20.21012456641963
            ],
            [
              73.80257427869813,
              20.21002894259947
            ],
            [
              73.80240795695467,
              20.2094853955583
            ],
            [
              73.80211286999044,
              20.209540756917836
            ],
            [
              73.80230601782158,
              20.21012456641963
            ]
          ]
        ]
      }
    },
    {
      "type": "Feature",
      "properties": {
        "area": 0.0,
        "crop": "Drumstick"
      },
      "geometry": {
        "type": "Polygon",
        "coordinates": [
          [
            [
              73.80032625255244,
              20.20949042840999
            ],
            [
              73.80032625255244,
              20.20948036270645
            ],
            [
              73.80033161776996,
              20.20948036270645
            ],
            [
              73.80033161776996,
              20.20949042840999
            ],
            [
              73.80032625255244,
              20.20949042840999
            ]
          ]
        ]
      }
    },
    {
      "type": "Feature",
      "properties": {
        "area": 0.0,
        "crop": "Bottle gourd"
      },
      "geometry": {
        "type": "Polygon",
        "coordinates": [
          [
            [
              73.801361739536,
              20.20948036270645
            ],
            [
              73.801361739536,
              20.209470297002287
            ],
            [
              73.80136710475354,
              20.209470297002287
            ],
            [
              73.80136710475354,
              20.20948036270645
            ],
            [
              73.801361739536,
              20.20948036270645
            ]
          ]
        ]
      }
    },
    {
      "type": "Feature",
      "properties": {
        "area": 0.0,
        "crop": "Green Peas"
      },
      "geometry": {
        "type": "Polygon",
        "coordinates": [
          [
            [
              73.80032088733489,
              20.209465264149955
            ],
            [
              73.80032088733489,
              20.209455198444804
            ],
            [
              73.80032625255244,
              20.209455198444804
            ],
            [
              73.80032625255244,
              20.209465264149955
            ],
            [
              73.80032088733489,
              20.209465264149955
            ]
          ]
        ]
      }
    },
    {
      "type": "Feature",
      "properties": {
        "area": 0.0,
        "crop": "Green Peas"
      },
      "geometry": {
        "type": "Polygon",
        "coordinates": [
          [
            [
              73.80135637431849,
              20.209460231297456
            ],
            [
              73.80135637431849,
              20.209455198444804
            ],
            [
              73.801361739536,
              20.209455198444804
            ],
            [
              73.801361739536,
              20.209460231297456
            ],
            [
              73.80135637431849,
              20.209460231297456
            ]
          ]
        ]
      }
    },
    {
      "type": "Feature",
      "properties": {
        "area": 0.45,
        "crop": "Groundnut"
      },
      "geometry": {
        "type": "Polygon",
        "coordinates": [
          [
            [
              73.79709102638093,
              20.209706840878287
            ],
            [
              73.79828746989044,
              20.209550822617462
            ],
            [
              73.7983142959781,
              20.209465264149955
            ],
            [
              73.79712321768612,
              20.209596118257682
            ],
            [
              73.79709102638093,
              20.209706840878287
            ]
          ]
        ]
      }
    },
    {
      "type": "Feature",
      "properties": {
        "area": 0.63,
        "crop": "Paddy(Dhan)(Common)"
      },
      "geometry": {
        "type": "Polygon",
        "coordinates": [
          [
            [
              73.80265475696112,
              20.210018876930782
            ],
            [
              73.80291765262017,
              20.209933318720573
            ],
            [
              73.80275669609419,
              20.209425001325446
            ],
            [
              73.8024669743475,
              20.209520625516642
            ],
            [
              73.80265475696112,
              20.210018876930782
            ]
          ]
        ]
      }
    },
    {
      "type": "Feature",
      "properties": {
        "area": 0.0,
        "crop": "Onion"
      },
      "geometry": {
        "type": "Polygon",
        "coordinates": [
          [
            [
              73.80250453087022,
              20.209450165591985
            ],
            [
              73.80250453087022,
              20.209445132738995
            ],
            [
              73.80250989608777,
              20.209445132738995
            ],
            [
              73.80250989608777,
              20.209450165591985
            ],
            [
              73.80250453087022,
              20.209450165591985
            ]
          ]
        ]
      }
    },
    {
      "type": "Feature",
      "properties": {
        "area": 0.0,
        "crop": "Onion Green"
      },
      "geometry": {
        "type": "Polygon",
        "coordinates": [
          [
            [
              73.80252599174035,
              20.209445132738995
            ],
            [
              73.80252599174035,
              20.20944009988585
            ],
            [
              73.80253672217542,
              20.20944009988585
            ],
            [
              73.80253672217542,
              20.209445132738995
            ],
            [
              73.80252599174035,
              20.209445132738995
            ]
          ]
        ]
      }
    },
    {
      "type": "Feature",
      "properties": {
        "area": 0.0,
        "crop": "Beans"
      },
      "geometry": {
        "type": "Polygon",
        "coordinates": [
          [
            [
              73.80253672217542,
              20.20944009988585
            ],
            [
              73.80257964391566,
              20.20941996847165
            ],
            [
              73.80262793087344,
              20.20941996847165
            ],
            [
              73.80256354826308,
              20.20944009988585
            ],
            [
              73.80253672217542,
              20.20944009988585
            ]
          ]
        ]
      }
    },
    {
      "type": "Feature",
      "properties": {
        "area": 0.0,
        "crop": "Karbuja(Musk Melon)"
      },
      "geometry": {
        "type": "Polygon",
        "coordinates": [
          [
            [
              73.80031552211736,
              20.209435067032544
            ],
            [
              73.80031552211736,
              20.209425001325446
            ],
            [
              73.80032088733489,
              20.209425001325446
            ],
            [
              73.80032088733489,
              20.209435067032544
            ],
            [
              73.80031552211736,
              20.209435067032544
            ]
          ]
        ]
      }
    },
    {
      "type": "Feature",
      "properties": {
        "area": 0.0,
        "crop": "Beetroot"
      },
      "geometry": {
        "type": "Polygon",
        "coordinates": [
          [
            [
              73.80263329609099,
              20.20941996847165
            ],
            [
              73.80263329609099,
              20.209414935617687
            ],
            [
              73.80264402652604,
              20.209414935617687
            ],
            [
              73.80264402652604,
              20.20941996847165
            ],
            [
              73.80263329609099,
              20.20941996847165
            ]
          ]
        ]
      }
    },
    {
      "type": "Feature",
      "properties": {
        "area": 0.0,
        "crop": "Karbuja(Musk Melon)"
      },
      "geometry": {
        "type": "Polygon",
        "coordinates": [
          [
            [
              73.80264939174359,
              20.209414935617687
            ],
            [
              73.80264939174359,
              20.209409902763568
            ],
            [
              73.80266012217864,
              20.209409902763568
            ],
            [
              73.80266012217864,
              20.209414935617687
            ],
            [
              73.80264939174359,
              20.209414935617687
            ]
          ]
        ]
      }
    },
    {
      "type": "Feature",
      "properties": {
        "area": 0.0,
        "crop": "Guava"
      },
      "geometry": {
        "type": "Polygon",
        "coordinates": [
          [
            [
              73.80134027866589,
              20.209409902763568
            ],
            [
              73.80134027866589,
              20.209399837054836
            ],
            [
              73.80134564388341,
              20.209399837054836
            ],
            [
              73.80134564388341,
              20.209409902763568
            ],
            [
              73.80134027866589,
              20.209409902763568
            ]
          ]
        ]
      }
    },
    {
      "type": "Feature",
      "properties": {
        "area": 0.0,
        "crop": "Water Melon"
      },
      "geometry": {
        "type": "Polygon",
        "coordinates": [
          [
            [
              73.80266012217864,
              20.209409902763568
            ],
            [
              73.80266012217864,
              20.20940486990928
            ],
            [
              73.80267621783123,
              20.20940486990928
            ],
            [
              73.80267621783123,
              20.209409902763568
            ],
            [
              73.80266012217864,
              20.209409902763568
            ]
          ]
        ]
      }
    },
    {
      "type": "Feature",
      "properties": {
        "area": 0.0,
        "crop": "Cauliflower"
      },
      "geometry": {
        "type": "Polygon",
        "coordinates": [
          [
            [
              73.80267621783123,
              20.20940486990928
            ],
            [
              73.80270840913643,
              20.20938977134546
            ],
            [
              73.80272450478903,
              20.20938977134546
            ],
            [
              73.80271377435395,
              20.209399837054836
            ],
            [
              73.80267621783123,
              20.20940486990928
            ]
          ]
        ]
      }
    },
    {
      "type": "Feature",
      "properties": {
        "area": 0.0,
        "crop": "Banana"
      },
      "geometry": {
        "type": "Polygon",
        "coordinates": [
          [
            [
              73.80272450478903,
              20.20938977134546
            ],
            [
              73.80272450478903,
              20.20938473849052
            ],
            [
              73.80272987000656,
              20.20938473849052
            ],
            [
              73.80272987000656,
              20.20938977134546
            ],
            [
              73.80272450478903,
              20.20938977134546
            ]
          ]
        ]
      }
    },
    {
      "type": "Feature",
      "properties": {
        "area": 0.73,
        "crop": "Maize"
      },
      "geometry": {
        "type": "Polygon",
        "coordinates": [
          [
            [
              73.80295520914288,
              20.20990815453214
            ],
            [
              73.80333613958763,
              20.209767235001788
            ],
            [
              73.80324493088959,
              20.209334409932215
            ],
            [
              73.80279425261693,
              20.209409902763568
            ],
            [
              73.80295520914288,
              20.20990815453214
            ]
          ]
        ]
      }
    },
    {
      "type": "Feature",
      "properties": {
        "area": 0.0,
        "crop": "Banana"
      },
      "geometry": {
        "type": "Polygon",
        "coordinates": [
          [
            [
              73.80133491344837,
              20.20938977134546
            ],
            [
              73.80133491344837,
              20.209359574213398
            ],
            [
              73.80134027866589,
              20.209359574213398
            ],
            [
              73.80134027866589,
              20.20938977134546
            ],
            [
              73.80133491344837,
              20.20938977134546
            ]
          ]
        ]
      }
    },
    {
      "type": "Feature",
      "properties": {
        "area": 0.0,
        "crop": "Drumstick"
      },
      "geometry": {
        "type": "Polygon",
        "coordinates": [
          [
            [
              73.80272987000656,
              20.20938473849052
            ],
            [
              73.80275133087667,
              20.20934950850142
            ],
            [
              73.80275669609419,
              20.209304212789423
            ],
            [
              73.80275669609419,
              20.20935454135749
            ],
            [
              73.80272987000656,
              20.20938473849052
            ]
          ]
        ]
      }
    },
    {
      "type": "Feature",
      "properties": {
        "area": 0.0,
        "crop": "Mango (Raw-Ripe)"
      },
      "geometry": {
        "type": "Polygon",
        "coordinates": [
          [
            [
              73.80132954823084,
              20.20934447564517
            ],
            [
              73.80132954823084,
              20.2093293770755
            ],
            [
              73.80133491344837,
              20.2093293770755
            ],
            [
              73.80133491344837,
              20.20934447564517
            ],
            [
              73.80132954823084,
              20.20934447564517
            ]
          ]
        ]
      }
    },
    {
      "type": "Feature",
      "properties": {
        "area": 0.0,
        "crop": "Guava"
      },
      "geometry": {
        "type": "Polygon",
        "coordinates": [
          [
            [
              73.80029942646478,
              20.209334409932215
            ],
            [
              73.80029942646478,
              20.2093293770755
            ],
            [
              73.8003047916823,
              20.2093293770755
            ],
            [
              73.8003047916823,
              20.209334409932215
            ],
            [
              73.80029942646478,
              20.209334409932215
            ]
          ]
        ]
      }
    },
    {
      "type": "Feature",
      "properties": {
        "area": 0.0,
        "crop": "Chikoos(Sapota)"
      },
      "geometry": {
        "type": "Polygon",
        "coordinates": [
          [
            [
              73.80132418301329,
              20.209314278504337
            ],
            [
              73.80132418301329,
              20.20929917993172
            ],
            [
              73.80132954823084,
              20.20929917993172
            ],
            [
              73.80132954823084,
              20.209314278504337
            ],
            [
              73.80132418301329,
              20.209314278504337
            ]
          ]
        ]
      }
    },
    {
      "type": "Feature",
      "properties": {
        "area": 0.35,
        "crop": "Jute"
      },
      "geometry": {
        "type": "Polygon",
        "coordinates": [
          [
            [
              73.79712858290367,
              20.209581019712402
            ],
            [
              73.79755780030615,
              20.209530691217566
            ],
            [
              73.79753097421852,
              20.20928911421583
            ],
            [
              73.7971554089913,
              20.2093293770755
            ],
            [
              73.79712858290367,
              20.209581019712402
            ]
          ]
        ]
      }
    },
    {
      "type": "Feature",
      "properties": {
        "area": 0.0,
        "crop": "Onion Green"
      },
      "geometry": {
        "type": "Polygon",
        "coordinates": [
          [
            [
              73.80274596565916,
              20.20929414707385
            ],
            [
              73.80274596565916,
              20.209284081357634
            ],
            [
              73.80275133087667,
              20.209284081357634
            ],
            [
              73.80275133087667,
              20.20929414707385
            ],
            [
              73.80274596565916,
              20.20929414707385
            ]
          ]
        ]
      }
    },
    {
      "type": "Feature",
      "properties": {
        "area": 0.0,
        "crop": "Drumstick"
      },
      "geometry": {
        "type": "Polygon",
        "coordinates": [
          [
            [
              73.80131881779577,
              20.20928911421583
            ],
            [
              73.80131881779577,
              20.20927401564077
            ],
            [
              73.80132418301329,
              20.20927401564077
            ],
            [
              73.80132418301329,
              20.20928911421583
            ],
            [
              73.80131881779577,
              20.20928911421583
            ]
          ]
        ]
      }
    },
    {
      "type": "Feature",
      "properties": {
        "area": 0.0,
        "crop": "Potato"
      },
      "geometry": {
        "type": "Polygon",
        "coordinates": [
          [
            [
              73.80274060044162,
              20.209279048499283
            ],
            [
              73.80274060044162,
              20.20927401564077
            ],
            [
              73.80274596565916,
              20.20927401564077
            ],
            [
              73.80274596565916,
              20.209279048499283
            ],
            [
              73.80274060044162,
              20.209279048499283
            ]
          ]
        ]
      }
    },
    {
      "type": "Feature",
      "properties": {
        "area": 0.0,
        "crop": "Carrot"
      },
      "geometry": {
        "type": "Polygon",
        "coordinates": [
          [
            [
              73.80273523522409,
              20.209268982782095
            ],
            [
              73.80273523522409,
              20.209263949923255
            ],
            [
              73.80274060044162,
              20.209263949923255
            ],
            [
              73.80274060044162,
              20.209268982782095
            ],
            [
              73.80273523522409,
              20.209268982782095
            ]
          ]
        ]
      }
    },
    {
      "type": "Feature",
      "properties": {
        "area": 0.91,
        "crop": "Jowar(Sorghum)"
      },
      "geometry": {
        "type": "Polygon",
        "coordinates": [
          [
            [
              73.79842160032874,
              20.20975213647311
            ],
            [
              73.79900104382214,
              20.20966657811627
            ],
            [
              73.79896885251695,
              20.209243818486264
            ],
            [
              73.79840013945862,
              20.209334409932215
            ],
            [
              73.79842160032874,
              20.20975213647311
            ]
          ]
        ]
      }
    },
    {
      "type": "Feature",
      "properties": {
        "area": 0.25,
        "crop": "Kulthi(Horse Gram)"
      },
      "geometry": {
        "type": "Polygon",
        "coordinates": [
          [
            [
              73.79760072204643,
              20.209520625516642
            ],
            [
              73.79786898292299,
              20.209475329854456
            ],
            [
              73.79783142640028,
              20.209233752766796
            ],
            [
              73.79753633943604,
              20.209279048499283
            ],
            [
              73.79760072204643,
              20.209520625516642
            ]
          ]
        ]
      }
    },
    {
      "type": "Feature",
      "properties": {
        "area": 0.0,
        "crop": "Onion Green"
      },
      "geometry": {
        "type": "Polygon",
        "coordinates": [
          [
            [
              73.80131345257823,
              20.209263949923255
            ],
            [
              73.80131345257823,
              20.209243818486264
            ],
            [
              73.80131881779577,
              20.209243818486264
            ],
            [
              73.80131881779577,
              20.209263949923255
            ],
            [
              73.80131345257823,
              20.209263949923255
            ]
          ]
        ]
      }
    },
    {
      "type": "Feature",
      "properties": {
        "area": 0.0,
        "crop": "Ridgeguard(Tori)"
      },
      "geometry": {
        "type": "Polygon",
        "coordinates": [
          [
            [
              73.80202702650992,
              20.209248851345755
            ],
            [
              73.80202702650992,
              20.209243818486264
            ],
            [
              73.80203239172745,
              20.209243818486264
            ],
            [
              73.80203239172745,
              20.209248851345755
            ],
            [
              73.80202702650992,
              20.209248851345755
            ]
          ]
        ]
      }
    },
    {
      "type": "Feature",
      "properties": {
        "area": 0.0,
        "crop": "Apple"
      },
      "geometry": {
        "type": "Polygon",
        "coordinates": [
          [
            [
              73.80202166129239,
              20.20923878562661
            ],
            [
              73.80202166129239,
              20.209233752766796
            ],
            [
              73.80202702650992,
              20.209233752766796
            ],
            [
              73.80202702650992,
              20.20923878562661
            ],
            [
              73.80202166129239,
              20.20923878562661
            ]
          ]
        ]
      }
    },
    {
      "type": "Feature",
      "properties": {
        "area": 0.0,
        "crop": "Onion"
      },
      "geometry": {
        "type": "Polygon",
        "coordinates": [
          [
            [
              73.8013080873607,
              20.209233752766796
            ],
            [
              73.8013080873607,
              20.20921362132589
            ],
            [
              73.80131345257823,
              20.20921362132589
            ],
            [
              73.80131345257823,
              20.209233752766796
            ],
            [
              73.8013080873607,
              20.209233752766796
            ]
          ]
        ]
      }
    },
    {
      "type": "Feature",
      "properties": {
        "area": 0.37,
        "crop": "Safflower"
      },
      "geometry": {
        "type": "Polygon",
        "coordinates": [
          [
            [
              73.79791726988078,
              20.20949042840999
            ],
            [
              73.79831966119565,
              20.209435067032544
            ],
            [
              73.79828210467291,
              20.209198522743513
            ],
            [
              73.79787971335806,
              20.209243818486264
            ],
            [
              73.79791726988078,
              20.20949042840999
            ]
          ]
        ]
      }
    },
    {
      "type": "Feature",
      "properties": {
        "area": 0.0,
        "crop": "Cauliflower"
      },
      "geometry": {
        "type": "Polygon",
        "coordinates": [
          [
            [
              73.80130272214316,
              20.20919348988239
            ],
            [
              73.80130272214316,
              20.20918342415966
            ],
            [
              73.8013080873607,
              20.20918342415966
            ],
            [
              73.8013080873607,
              20.20919348988239
            ],
            [
              73.80130272214316,
              20.20919348988239
            ]
          ]
        ]
      }
    },
    {
      "type": "Feature",
      "properties": {
        "area": 1.01,
        "crop": "Bajra(Pearl Millet/Cumbu)"
      },
      "geometry": {
        "type": "Polygon",
        "coordinates": [
          [
            [
              73.79614674809538,
              20.20977226784436
            ],
            [
              73.79665107854333,
              20.209711873722817
            ],
            [
              73.79660279158556,
              20.209223687046673
            ],
            [
              73.79606626983241,
              20.209148194125
            ],
            [
              73.79614674809538,
              20.20977226784436
            ]
          ]
        ]
      }
    },
    {
      "type": "Feature",
      "properties": {
        "area": 0.0,
        "crop": "Peas Wet"
      },
      "geometry": {
        "type": "Polygon",
        "coordinates": [
          [
            [
              73.80129735692563,
              20.209173358436285
            ],
            [
              73.80129735692563,
              20.209163292712258
            ],
            [
              73.80130272214316,
              20.209163292712258
            ],
            [
              73.80130272214316,
              20.209173358436285
            ],
            [
              73.80129735692563,
              20.209173358436285
            ]
          ]
        ]
      }
    },
    {
      "type": "Feature",
      "properties": {
        "area": 0.0,
        "crop": "Peas Wet"
      },
      "geometry": {
        "type": "Polygon",
        "coordinates": [
          [
            [
              73.8006428003868,
              20.209168325574353
            ],
            [
              73.8006428003868,
              20.209163292712258
            ],
            [
              73.80064816560433,
              20.209163292712258
            ],
            [
              73.80064816560433,
              20.209168325574353
            ],
            [
              73.8006428003868,
              20.209168325574353
            ]
          ]
        ]
      }
    },
    {
      "type": "Feature",
      "properties": {
        "area": 0.0,
        "crop": "Beans"
      },
      "geometry": {
        "type": "Polygon",
        "coordinates": [
          [
            [
              73.8006803569095,
              20.209158259850007
            ],
            [
              73.8006803569095,
              20.209153226987578
            ],
            [
              73.80068572212704,
              20.209153226987578
            ],
            [
              73.80068572212704,
              20.209158259850007
            ],
            [
              73.8006803569095,
              20.209158259850007
            ]
          ]
        ]
      }
    },
    {
      "type": "Feature",
      "properties": {
        "area": 0.0,
        "crop": "Orange"
      },
      "geometry": {
        "type": "Polygon",
        "coordinates": [
          [
            [
              73.8012919917081,
              20.209158259850007
            ],
            [
              73.8012919917081,
              20.209148194125
            ],
            [
              73.80129735692563,
              20.209148194125
            ],
            [
              73.80129735692563,
              20.209158259850007
            ],
            [
              73.8012919917081,
              20.209158259850007
            ]
          ]
        ]
      }
    },
    {
      "type": "Feature",
      "properties": {
        "area": 0.0,
        "crop": "Potato"
      },
      "geometry": {
        "type": "Polygon",
        "coordinates": [
          [
            [
              73.8007125482147,
              20.209153226987578
            ],
            [
              73.8007125482147,
              20.209148194125
            ],
            [
              73.80071791343224,
              20.209148194125
            ],
            [
              73.80071791343224,
              20.209153226987578
            ],
            [
              73.8007125482147,
              20.209153226987578
            ]
          ]
        ]
      }
    },
    {
      "type": "Feature",
      "properties": {
        "area": 0.0,
        "crop": "Black Gram (Urd Beans)(Whole)"
      },
      "geometry": {
        "type": "Polygon",
        "coordinates": [
          [
            [
              73.79649548723494,
              20.209148194125
            ],
            [
              73.79649548723494,
              20.209143161262247
            ],
            [
              73.79650085245247,
              20.209143161262247
            ],
            [
              73.79650085245247,
              20.209148194125
            ],
            [
              73.79649548723494,
              20.209148194125
            ]
          ]
        ]
      }
    },
    {
      "type": "Feature",
      "properties": {
        "area": 0.0,
        "crop": "Apple"
      },
      "geometry": {
        "type": "Polygon",
        "coordinates": [
          [
            [
              73.79658133071541,
              20.209148194125
            ],
            [
              73.79658133071541,
              20.209143161262247
            ],
            [
              73.79659206115049,
              20.209143161262247
            ],
            [
              73.79659206115049,
              20.209148194125
            ],
            [
              73.79658133071541,
              20.209148194125
            ]
          ]
        ]
      }
    },
    {
      "type": "Feature",
      "properties": {
        "area": 0.0,
        "crop": "Cucumbar(Kheera)"
      },
      "geometry": {
        "type": "Polygon",
        "coordinates": [
          [
            [
              73.80073937430237,
              20.209148194125
            ],
            [
              73.80073937430237,
              20.209143161262247
            ],
            [
              73.80075546995495,
              20.209143161262247
            ],
            [
              73.80075546995495,
              20.209148194125
            ],
            [
              73.80073937430237,
              20.209148194125
            ]
          ]
        ]
      }
    },
    {
      "type": "Feature",
      "properties": {
        "area": 0.0,
        "crop": "Bitter gourd"
      },
      "geometry": {
        "type": "Polygon",
        "coordinates": [
          [
            [
              73.80128662649058,
              20.209148194125
            ],
            [
              73.80128662649058,
              20.209143161262247
            ],
            [
              73.8012919917081,
              20.209143161262247
            ],
            [
              73.8012919917081,
              20.209148194125
            ],
            [
              73.80128662649058,
              20.209148194125
            ]
          ]
        ]
      }
    },
    {
      "type": "Feature",
      "properties": {
        "area": 0.0,
        "crop": "Onion"
      },
      "geometry": {
        "type": "Polygon",
        "coordinates": [
          [
            [
              73.80270840913643,
              20.209148194125
            ],
            [
              73.80270840913643,
              20.209138128399342
            ],
            [
              73.80271377435395,
              20.209138128399342
            ],
            [
              73.80271377435395,
              20.209148194125
            ],
            [
              73.80270840913643,
              20.209148194125
            ]
          ]
        ]
      }
    },
    {
      "type": "Feature",
      "properties": {
        "area": 0.0,
        "crop": "Tender Coconut"
      },
      "geometry": {
        "type": "Polygon",
        "coordinates": [
          [
            [
              73.80077156560755,
              20.209143161262247
            ],
            [
              73.80077156560755,
              20.209138128399342
            ],
            [
              73.80077693082508,
              20.209138128399342
            ],
            [
              73.80077693082508,
              20.209143161262247
            ],
            [
              73.80077156560755,
              20.209143161262247
            ]
          ]
        ]
      }
    },
    {
      "type": "Feature",
      "properties": {
        "area": 0.0,
        "crop": "Tender Coconut"
      },
      "geometry": {
        "type": "Polygon",
        "coordinates": [
          [
            [
              73.80128126127306,
              20.209138128399342
            ],
            [
              73.80128126127306,
              20.209133095536263
            ],
            [
              73.80128662649058,
              20.209133095536263
            ],
            [
              73.80128662649058,
              20.209138128399342
            ],
            [
              73.80128126127306,
              20.209138128399342
            ]
          ]
        ]
      }
    },
    {
      "type": "Feature",
      "properties": {
        "area": 0.55,
        "crop": "Safflower"
      },
      "geometry": {
        "type": "Polygon",
        "coordinates": [
          [
            [
              73.7967959394167,
              20.20962631534384
            ],
            [
              73.79710712203352,
              20.20957598686365
            ],
            [
              73.79710712203352,
              20.209133095536263
            ],
            [
              73.79675301767644,
              20.209158259850007
            ],
            [
              73.7967959394167,
              20.20962631534384
            ]
          ]
        ]
      }
    },
    {
      "type": "Feature",
      "properties": {
        "area": 0.03,
        "crop": "Banana"
      },
      "geometry": {
        "type": "Polygon",
        "coordinates": [
          [
            [
              73.79642573940703,
              20.209233752766796
            ],
            [
              73.79648475679986,
              20.20921865418636
            ],
            [
              73.79649548723494,
              20.209143161262247
            ],
            [
              73.7963881828843,
              20.209143161262247
            ],
            [
              73.79642573940703,
              20.209233752766796
            ]
          ]
        ]
      }
    },
    {
      "type": "Feature",
      "properties": {
        "area": 0.0,
        "crop": "Chikoos(Sapota)"
      },
      "geometry": {
        "type": "Polygon",
        "coordinates": [
          [
            [
              73.79660279158556,
              20.209133095536263
            ],
            [
              73.79660279158556,
              20.20912806267303
            ],
            [
              73.79660815680309,
              20.20912806267303
            ],
            [
              73.79660815680309,
              20.209133095536263
            ],
            [
              73.79660279158556,
              20.209133095536263
            ]
          ]
        ]
      }
    },
    {
      "type": "Feature",
      "properties": {
        "area": 0.0,
        "crop": "Ridgeguard(Tori)"
      },
      "geometry": {
        "type": "Polygon",
        "coordinates": [
          [
            [
              73.8027030439189,
              20.209133095536263
            ],
            [
              73.8027030439189,
              20.209123029809632
            ],
            [
              73.80270840913643,
              20.209123029809632
            ],
            [
              73.80270840913643,
              20.209133095536263
            ],
            [
              73.8027030439189,
              20.209133095536263
            ]
          ]
        ]
      }
    },
    {
      "type": "Feature",
      "properties": {
        "area": 0.0,
        "crop": "Cauliflower"
      },
      "geometry": {
        "type": "Polygon",
        "coordinates": [
          [
            [
              73.79631306983885,
              20.20912806267303
            ],
            [
              73.79631306983885,
              20.209123029809632
            ],
            [
              73.79631843505639,
              20.209123029809632
            ],
            [
              73.79631843505639,
              20.20912806267303
            ],
            [
              73.79631306983885,
              20.20912806267303
            ]
          ]
        ]
      }
    },
    {
      "type": "Feature",
      "properties": {
        "area": 0.0,
        "crop": "Ridgeguard(Tori)"
      },
      "geometry": {
        "type": "Polygon",
        "coordinates": [
          [
            [
              73.80083594821794,
              20.20912806267303
            ],
            [
              73.80083594821794,
              20.209123029809632
            ],
            [
              73.80084131343547,
              20.209123029809632
            ],
            [
              73.80084131343547,
              20.20912806267303
            ],
            [
              73.80083594821794,
              20.20912806267303
            ]
          ]
        ]
      }
    },
    {
      "type": "Feature",
      "properties": {
        "area": 0.0,
        "crop": "Pomegranate"
      },
      "geometry": {
        "type": "Polygon",
        "coordinates": [
          [
            [
              73.80127589605551,
              20.20912806267303
            ],
            [
              73.80127589605551,
              20.209112964082355
            ],
            [
              73.80128126127306,
              20.209112964082355
            ],
            [
              73.80128126127306,
              20.20912806267303
            ],
            [
              73.80127589605551,
              20.20912806267303
            ]
          ]
        ]
      }
    },
    {
      "type": "Feature",
      "properties": {
        "area": 0.0,
        "crop": "Cabbage"
      },
      "geometry": {
        "type": "Polygon",
        "coordinates": [
          [
            [
              73.79628087853365,
              20.209123029809632
            ],
            [
              73.79628087853365,
              20.20911799694608
            ],
            [
              73.7962862437512,
              20.20911799694608
            ],
            [
              73.7962862437512,
              20.209123029809632
            ],
            [
              73.79628087853365,
              20.209123029809632
            ]
          ]
        ]
      }
    },
    {
      "type": "Feature",
      "properties": {
        "area": 0.0,
        "crop": "Cabbage"
      },
      "geometry": {
        "type": "Polygon",
        "coordinates": [
          [
            [
              73.8008520438705,
              20.209123029809632
            ],
            [
              73.8008520438705,
              20.20911799694608
            ],
            [
              73.80085740908804,
              20.20911799694608
            ],
            [
              73.80085740908804,
              20.209123029809632
            ],
            [
              73.8008520438705,
              20.209123029809632
            ]
          ]
        ]
      }
    },
    {
      "type": "Feature",
      "properties": {
        "area": 0.0,
        "crop": "Papaya"
      },
      "geometry": {
        "type": "Polygon",
        "coordinates": [
          [
            [
              73.79625941766352,
              20.20911799694608
            ],
            [
              73.79625941766352,
              20.209112964082355
            ],
            [
              73.79626478288105,
              20.209112964082355
            ],
            [
              73.79626478288105,
              20.20911799694608
            ],
            [
              73.79625941766352,
              20.20911799694608
            ]
          ]
        ]
      }
    },
    {
      "type": "Feature",
      "properties": {
        "area": 0.0,
        "crop": "Bhindi(Ladies Finger)"
      },
      "geometry": {
        "type": "Polygon",
        "coordinates": [
          [
            [
              73.8008681395231,
              20.20911799694608
            ],
            [
              73.8008681395231,
              20.209112964082355
            ],
            [
              73.8008842351757,
              20.209112964082355
            ],
            [
              73.8008842351757,
              20.20911799694608
            ],
            [
              73.8008681395231,
              20.20911799694608
            ]
          ]
        ]
      }
    },
    {
      "type": "Feature",
      "properties": {
        "area": 0.0,
        "crop": "Cabbage"
      },
      "geometry": {
        "type": "Polygon",
        "coordinates": [
          [
            [
              73.80269767870135,
              20.20911799694608
            ],
            [
              73.80269767870135,
              20.209107931218465
            ],
            [
              73.8027030439189,
              20.209107931218465
            ],
            [
              73.8027030439189,
              20.20911799694608
            ],
            [
              73.80269767870135,
              20.20911799694608
            ]
          ]
        ]
      }
    },
    {
      "type": "Feature",
      "properties": {
        "area": 0.0,
        "crop": "Banana"
      },
      "geometry": {
        "type": "Polygon",
        "coordinates": [
          [
            [
              73.79624332201095,
              20.209112964082355
            ],
            [
              73.79624332201095,
              20.209107931218465
            ],
            [
              73.79624868722848,
              20.209107931218465
            ],
            [
              73.79624868722848,
              20.209112964082355
            ],
            [
              73.79624332201095,
              20.209112964082355
            ]
          ]
        ]
      }
    },
    {
      "type": "Feature",
      "properties": {
        "area": 0.0,
        "crop": "Black Gram (Urd Beans)(Whole)"
      },
      "geometry": {
        "type": "Polygon",
        "coordinates": [
          [
            [
              73.80090033082831,
              20.209112964082355
            ],
            [
              73.80090033082831,
              20.209107931218465
            ],
            [
              73.80091106126338,
              20.209107931218465
            ],
            [
              73.80091106126338,
              20.209112964082355
            ],
            [
              73.80090033082831,
              20.209112964082355
            ]
          ]
        ]
      }
    },
    {
      "type": "Feature",
      "properties": {
        "area": 0.0,
        "crop": "Chikoos(Sapota)"
      },
      "geometry": {
        "type": "Polygon",
        "coordinates": [
          [
            [
              73.79622722635834,
              20.209107931218465
            ],
            [
              73.79622722635834,
              20.20910289835442
            ],
            [
              73.79623259157589,
              20.20910289835442
            ],
            [
              73.79623259157589,
              20.209107931218465
            ],
            [
              73.79622722635834,
              20.209107931218465
            ]
          ]
        ]
      }
    },
    {
      "type": "Feature",
      "properties": {
        "area": 0.0,
        "crop": "Cauliflower"
      },
      "geometry": {
        "type": "Polygon",
        "coordinates": [
          [
            [
              73.79660815680309,
              20.20910289835442
            ],
            [
              73.79660815680309,
              20.209097865490207
            ],
            [
              73.79661352202064,
              20.209097865490207
            ],
            [
              73.79661352202064,
              20.20910289835442
            ],
            [
              73.79660815680309,
              20.20910289835442
            ]
          ]
        ]
      }
    },
    {
      "type": "Feature",
      "properties": {
        "area": 0.0,
        "crop": "Carrot"
      },
      "geometry": {
        "type": "Polygon",
        "coordinates": [
          [
            [
              73.80095398300362,
              20.20910289835442
            ],
            [
              73.80095398300362,
              20.209097865490207
            ],
            [
              73.80097544387374,
              20.209097865490207
            ],
            [
              73.80097544387374,
              20.20910289835442
            ],
            [
              73.80095398300362,
              20.20910289835442
            ]
          ]
        ]
      }
    },
    {
      "type": "Feature",
      "properties": {
        "area": 0.0,
        "crop": "Banana"
      },
      "geometry": {
        "type": "Polygon",
        "coordinates": [
          [
            [
              73.8009861743088,
              20.209097865490207
            ],
            [
              73.8009861743088,
              20.20909283262583
            ],
            [
              73.80100763517893,
              20.20909283262583
            ],
            [
              73.80100763517893,
              20.209097865490207
            ],
            [
              73.8009861743088,
              20.209097865490207
            ]
          ]
        ]
      }
    },
    {
      "type": "Feature",
      "properties": {
        "area": 0.0,
        "crop": "Grapes"
      },
      "geometry": {
        "type": "Polygon",
        "coordinates": [
          [
            [
              73.80269231348385,
              20.209097865490207
            ],
            [
              73.80269231348385,
              20.20909283262583
            ],
            [
              73.80269767870135,
              20.20909283262583
            ],
            [
              73.80269767870135,
              20.209097865490207
            ],
            [
              73.80269231348385,
              20.209097865490207
            ]
          ]
        ]
      }
    },
    {
      "type": "Feature",
      "properties": {
        "area": 0.56,
        "crop": "Jowar(Sorghum)"
      },
      "geometry": {
        "type": "Polygon",
        "coordinates": [
          [
            [
              73.79585702634867,
              20.20979239921299
            ],
            [
              73.79610919157265,
              20.209767235001788
            ],
            [
              73.79595360026424,
              20.20909283262583
            ],
            [
              73.79583020026102,
              20.20911799694608
            ],
            [
              73.79585702634867,
              20.20979239921299
            ]
          ]
        ]
      }
    },
    {
      "type": "Feature",
      "properties": {
        "area": 2.18,
        "crop": "Maize"
      },
      "geometry": {
        "type": "Polygon",
        "coordinates": [
          [
            [
              73.8003906351628,
              20.20986285898273
            ],
            [
              73.80138320040615,
              20.209676643807754
            ],
            [
              73.80127053083798,
              20.2090877997613
            ],
            [
              73.80032625255244,
              20.20921362132589
            ],
            [
              73.8003906351628,
              20.20986285898273
            ]
          ]
        ]
      }
    },
    {
      "type": "Feature",
      "properties": {
        "area": 0.62,
        "crop": "Mustard"
      },
      "geometry": {
        "type": "Polygon",
        "coordinates": [
          [
            [
              73.80356684394148,
              20.209510559815072
            ],
            [
              73.80382437438298,
              20.209475329854456
            ],
            [
              73.80381364394792,
              20.209067668301522
            ],
            [
              73.8033683308928,
              20.20912806267303
            ],
            [
              73.80337369611033,
              20.209455198444804
            ],
            [
              73.80356684394148,
              20.209510559815072
            ]
          ]
        ]
      }
    },
    {
      "type": "Feature",
      "properties": {
        "area": 0.0,
        "crop": "Orange"
      },
      "geometry": {
        "type": "Polygon",
        "coordinates": [
          [
            [
              73.80127053083798,
              20.209107931218465
            ],
            [
              73.80127053083798,
              20.2090877997613
            ],
            [
              73.80127589605551,
              20.2090877997613
            ],
            [
              73.80127589605551,
              20.209107931218465
            ],
            [
              73.80127053083798,
              20.209107931218465
            ]
          ]
        ]
      }
    },
    {
      "type": "Feature",
      "properties": {
        "area": 0.0,
        "crop": "Orange"
      },
      "geometry": {
        "type": "Polygon",
        "coordinates": [
          [
            [
              73.80100763517893,
              20.20909283262583
            ],
            [
              73.80102909604905,
              20.209082766896593
            ],
            [
              73.80105055691918,
              20.209082766896593
            ],
            [
              73.80103446126661,
              20.20909283262583
            ],
            [
              73.80100763517893,
              20.20909283262583
            ]
          ]
        ]
      }
    },
    {
      "type": "Feature",
      "properties": {
        "area": 0.0,
        "crop": "Bitter gourd"
      },
      "geometry": {
        "type": "Polygon",
        "coordinates": [
          [
            [
              73.80268694826631,
              20.2090877997613
            ],
            [
              73.80268694826631,
              20.209082766896593
            ],
            [
              73.80269231348385,
              20.209082766896593
            ],
            [
              73.80269231348385,
              20.2090877997613
            ],
            [
              73.80268694826631,
              20.2090877997613
            ]
          ]
        ]
      }
    },
    {
      "type": "Feature",
      "properties": {
        "area": 0.0,
        "crop": "Pomegranate"
      },
      "geometry": {
        "type": "Polygon",
        "coordinates": [
          [
            [
              73.79617357418304,
              20.209082766896593
            ],
            [
              73.79617357418304,
              20.209077734031734
            ],
            [
              73.79617893940056,
              20.209077734031734
            ],
            [
              73.79617893940056,
              20.209082766896593
            ],
            [
              73.79617357418304,
              20.209082766896593
            ]
          ]
        ]
      }
    },
    {
      "type": "Feature",
      "properties": {
        "area": 0.0,
        "crop": "Mango"
      },
      "geometry": {
        "type": "Polygon",
        "coordinates": [
          [
            [
              73.80105055691918,
              20.209082766896593
            ],
            [
              73.80105055691918,
              20.209077734031734
            ],
            [
              73.80106665257179,
              20.209077734031734
            ],
            [
              73.80106665257179,
              20.209082766896593
            ],
            [
              73.80105055691918,
              20.209082766896593
            ]
          ]
        ]
      }
    },
    {
      "type": "Feature",
      "properties": {
        "area": 0.0,
        "crop": "Cauliflower"
      },
      "geometry": {
        "type": "Polygon",
        "coordinates": [
          [
            [
              73.80126516562045,
              20.2090877997613
            ],
            [
              73.80127053083798,
              20.209077734031734
            ],
            [
              73.80125980040293,
              20.209067668301522
            ],
            [
              73.80120078301007,
              20.20905760257066
            ],
            [
              73.80107201778932,
              20.2090727011667
            ],
            [
              73.80126516562045,
              20.2090877997613
            ]
          ]
        ]
      }
    },
    {
      "type": "Feature",
      "properties": {
        "area": 0.0,
        "crop": "Onion Green"
      },
      "geometry": {
        "type": "Polygon",
        "coordinates": [
          [
            [
              73.80268158304878,
              20.209077734031734
            ],
            [
              73.80268158304878,
              20.209067668301522
            ],
            [
              73.80268694826631,
              20.209067668301522
            ],
            [
              73.80268694826631,
              20.209077734031734
            ],
            [
              73.80268158304878,
              20.209077734031734
            ]
          ]
        ]
      }
    },
    {
      "type": "Feature",
      "properties": {
        "area": 0.0,
        "crop": "Arhar (Tur/Red Gram)(Whole)"
      },
      "geometry": {
        "type": "Polygon",
        "coordinates": [
          [
            [
              73.80267621783123,
              20.209067668301522
            ],
            [
              73.80267621783123,
              20.20905760257066
            ],
            [
              73.80268158304878,
              20.20905760257066
            ],
            [
              73.80268158304878,
              20.209067668301522
            ],
            [
              73.80267621783123,
              20.209067668301522
            ]
          ]
        ]
      }
    },
    {
      "type": "Feature",
      "properties": {
        "area": 0.28,
        "crop": "Black Gram (Urd Beans)(Whole)"
      },
      "geometry": {
        "type": "Polygon",
        "coordinates": [
          [
            [
              73.79740757421528,
              20.209258917064258
            ],
            [
              73.79752560900099,
              20.20923878562661
            ],
            [
              73.79748268726073,
              20.208961978094997
            ],
            [
              73.79722515681922,
              20.208951912357296
            ],
            [
              73.79721979160169,
              20.209223687046673
            ],
            [
              73.79740757421528,
              20.209258917064258
            ]
          ]
        ]
      }
    },
    {
      "type": "Feature",
      "properties": {
        "area": 0.0,
        "crop": "Bitter gourd"
      },
      "geometry": {
        "type": "Polygon",
        "coordinates": [
          [
            [
              73.79660815680309,
              20.209012306773722
            ],
            [
              73.79660815680309,
              20.208956945226227
            ],
            [
              73.79661352202064,
              20.208956945226227
            ],
            [
              73.79661352202064,
              20.209012306773722
            ],
            [
              73.79660815680309,
              20.209012306773722
            ]
          ]
        ]
      }
    },
    {
      "type": "Feature",
      "properties": {
        "area": 0.0,
        "crop": "Bhindi(Ladies Finger)"
      },
      "geometry": {
        "type": "Polygon",
        "coordinates": [
          [
            [
              73.79965560036099,
              20.20894184661894
            ],
            [
              73.79965560036099,
              20.208936813749524
            ],
            [
              73.79966096557852,
              20.208936813749524
            ],
            [
              73.79966096557852,
              20.20894184661894
            ],
            [
              73.79965560036099,
              20.20894184661894
            ]
          ]
        ]
      }
    },
    {
      "type": "Feature",
      "properties": {
        "area": 0.0,
        "crop": "Tender Coconut"
      },
      "geometry": {
        "type": "Polygon",
        "coordinates": [
          [
            [
              73.79965023514345,
              20.20893178087995
            ],
            [
              73.79965023514345,
              20.2089267480102
            ],
            [
              73.79965560036099,
              20.2089267480102
            ],
            [
              73.79965560036099,
              20.20893178087995
            ],
            [
              73.79965023514345,
              20.20893178087995
            ]
          ]
        ]
      }
    },
    {
      "type": "Feature",
      "properties": {
        "area": 0.0,
        "crop": "Water Melon"
      },
      "geometry": {
        "type": "Polygon",
        "coordinates": [
          [
            [
              73.79964486992593,
              20.2089267480102
            ],
            [
              73.79964486992593,
              20.208921715140285
            ],
            [
              73.79965023514345,
              20.208921715140285
            ],
            [
              73.79965023514345,
              20.2089267480102
            ],
            [
              73.79964486992593,
              20.2089267480102
            ]
          ]
        ]
      }
    },
    {
      "type": "Feature",
      "properties": {
        "area": 0.0,
        "crop": "Amla(Nelli Kai)"
      },
      "geometry": {
        "type": "Polygon",
        "coordinates": [
          [
            [
              73.7996395047084,
              20.208921715140285
            ],
            [
              73.7996395047084,
              20.20891668227022
            ],
            [
              73.79964486992593,
              20.20891668227022
            ],
            [
              73.79964486992593,
              20.208921715140285
            ],
            [
              73.7996395047084,
              20.208921715140285
            ]
          ]
        ]
      }
    },
    {
      "type": "Feature",
      "properties": {
        "area": 0.0,
        "crop": "Beetroot"
      },
      "geometry": {
        "type": "Polygon",
        "coordinates": [
          [
            [
              73.79963413949085,
              20.20891668227022
            ],
            [
              73.79963413949085,
              20.20891164939999
            ],
            [
              73.7996395047084,
              20.20891164939999
            ],
            [
              73.7996395047084,
              20.20891668227022
            ],
            [
              73.79963413949085,
              20.20891668227022
            ]
          ]
        ]
      }
    },
    {
      "type": "Feature",
      "properties": {
        "area": 0.0,
        "crop": "Black Gram (Urd Beans)(Whole)"
      },
      "geometry": {
        "type": "Polygon",
        "coordinates": [
          [
            [
              73.79962877427332,
              20.20891164939999
            ],
            [
              73.79962877427332,
              20.2089066165296
            ],
            [
              73.79963413949085,
              20.2089066165296
            ],
            [
              73.79963413949085,
              20.20891164939999
            ],
            [
              73.79962877427332,
              20.20891164939999
            ]
          ]
        ]
      }
    },
    {
      "type": "Feature",
      "properties": {
        "area": 0.0,
        "crop": "Carrot"
      },
      "geometry": {
        "type": "Polygon",
        "coordinates": [
          [
            [
              73.79962340905581,
              20.2089066165296
            ],
            [
              73.79962340905581,
              20.20889655078832
            ],
            [
              73.79962877427332,
              20.20889655078832
            ],
            [
              73.79962877427332,
              20.2089066165296
            ],
            [
              73.79962340905581,
              20.2089066165296
            ]
          ]
        ]
      }
    },
    {
      "type": "Feature",
      "properties": {
        "area": 0.0,
        "crop": "Chikoos(Sapota)"
      },
      "geometry": {
        "type": "Polygon",
        "coordinates": [
          [
            [
              73.79961804383828,
              20.20889655078832
            ],
            [
              73.79961804383828,
              20.208891517917433
            ],
            [
              73.79962340905581,
              20.208891517917433
            ],
            [
              73.79962340905581,
              20.20889655078832
            ],
            [
              73.79961804383828,
              20.20889655078832
            ]
          ]
        ]
      }
    },
    {
      "type": "Feature",
      "properties": {
        "area": 0.0,
        "crop": "Grapes"
      },
      "geometry": {
        "type": "Polygon",
        "coordinates": [
          [
            [
              73.80184997433139,
              20.20889655078832
            ],
            [
              73.80184997433139,
              20.208891517917433
            ],
            [
              73.80185533954892,
              20.208891517917433
            ],
            [
              73.80185533954892,
              20.20889655078832
            ],
            [
              73.80184997433139,
              20.20889655078832
            ]
          ]
        ]
      }
    },
    {
      "type": "Feature",
      "properties": {
        "area": 1.59,
        "crop": "Maize"
      },
      "geometry": {
        "type": "Polygon",
        "coordinates": [
          [
            [
              73.80150660040937,
              20.209857826143093
            ],
            [
              73.8020753134677,
              20.209706840878287
            ],
            [
              73.80175876563335,
              20.208886485046392
            ],
            [
              73.80133491344837,
              20.20900224103928
            ],
            [
              73.80150660040937,
              20.209857826143093
            ]
          ]
        ]
      }
    },
    {
      "type": "Feature",
      "properties": {
        "area": 0.0,
        "crop": "Onion Green"
      },
      "geometry": {
        "type": "Polygon",
        "coordinates": [
          [
            [
              73.79660279158556,
              20.208921715140285
            ],
            [
              73.79660279158556,
              20.208886485046392
            ],
            [
              73.79660815680309,
              20.208886485046392
            ],
            [
              73.79660815680309,
              20.208921715140285
            ],
            [
              73.79660279158556,
              20.208921715140285
            ]
          ]
        ]
      }
    },
    {
      "type": "Feature",
      "properties": {
        "area": 0.0,
        "crop": "Bitter gourd"
      },
      "geometry": {
        "type": "Polygon",
        "coordinates": [
          [
            [
              73.79961267862075,
              20.208891517917433
            ],
            [
              73.79961267862075,
              20.208886485046392
            ],
            [
              73.79961804383828,
              20.208886485046392
            ],
            [
              73.79961804383828,
              20.208891517917433
            ],
            [
              73.79961267862075,
              20.208891517917433
            ]
          ]
        ]
      }
    },
    {
      "type": "Feature",
      "properties": {
        "area": 0.0,
        "crop": "Beans"
      },
      "geometry": {
        "type": "Polygon",
        "coordinates": [
          [
            [
              73.79659742636802,
              20.208881452175177
            ],
            [
              73.79659742636802,
              20.208866353560573
            ],
            [
              73.79660279158556,
              20.208866353560573
            ],
            [
              73.79660279158556,
              20.208881452175177
            ],
            [
              73.79659742636802,
              20.208881452175177
            ]
          ]
        ]
      }
    },
    {
      "type": "Feature",
      "properties": {
        "area": 1.39,
        "crop": "Maize"
      },
      "geometry": {
        "type": "Polygon",
        "coordinates": [
          [
            [
              73.80221480912354,
              20.2094853955583
            ],
            [
              73.80274596565916,
              20.209364607069144
            ],
            [
              73.80260647000334,
              20.208836156326967
            ],
            [
              73.80184997433139,
              20.20889655078832
            ],
            [
              73.80221480912354,
              20.2094853955583
            ]
          ]
        ]
      }
    },
    {
      "type": "Feature",
      "properties": {
        "area": 0.0,
        "crop": "Beetroot"
      },
      "geometry": {
        "type": "Polygon",
        "coordinates": [
          [
            [
              73.8001331047213,
              20.208861320688715
            ],
            [
              73.8001331047213,
              20.208836156326967
            ],
            [
              73.80013846993883,
              20.208836156326967
            ],
            [
              73.80013846993883,
              20.208861320688715
            ],
            [
              73.8001331047213,
              20.208861320688715
            ]
          ]
        ]
      }
    },
    {
      "type": "Feature",
      "properties": {
        "area": 0.0,
        "crop": "Guava"
      },
      "geometry": {
        "type": "Polygon",
        "coordinates": [
          [
            [
              73.80012773950375,
              20.20882609058114
            ],
            [
              73.80012773950375,
              20.20882105770798
            ],
            [
              73.8001331047213,
              20.20882105770798
            ],
            [
              73.8001331047213,
              20.20882609058114
            ],
            [
              73.80012773950375,
              20.20882609058114
            ]
          ]
        ]
      }
    },
    {
      "type": "Feature",
      "properties": {
        "area": 0.92,
        "crop": "Maize"
      },
      "geometry": {
        "type": "Polygon",
        "coordinates": [
          [
            [
              73.80284253957474,
              20.209369639924738
            ],
            [
              73.80324493088959,
              20.20929917993172
            ],
            [
              73.80324493088959,
              20.208836156326967
            ],
            [
              73.80268694826631,
              20.20889655078832
            ],
            [
              73.80284253957474,
              20.209369639924738
            ]
          ]
        ]
      }
    },
    {
      "type": "Feature",
      "properties": {
        "area": 0.49,
        "crop": "Arhar (Tur/Red Gram)(Whole)"
      },
      "geometry": {
        "type": "Polygon",
        "coordinates": [
          [
            [
              73.79863084381248,
              20.209258917064258
            ],
            [
              73.79894739164683,
              20.209198522743513
            ],
            [
              73.7989098351241,
              20.208810991961172
            ],
            [
              73.79857719163716,
              20.208841189199653
            ],
            [
              73.79863084381248,
              20.209258917064258
            ]
          ]
        ]
      }
    },
    {
      "type": "Feature",
      "properties": {
        "area": 0.06,
        "crop": "Apple"
      },
      "geometry": {
        "type": "Polygon",
        "coordinates": [
          [
            [
              73.80266012217864,
              20.209012306773722
            ],
            [
              73.80266548739618,
              20.209012306773722
            ],
            [
              73.80266012217864,
              20.20891164939999
            ],
            [
              73.80261183522087,
              20.208805959087517
            ],
            [
              73.80240795695467,
              20.208856287816698
            ],
            [
              73.8022952873865,
              20.208816024834654
            ],
            [
              73.8020914091203,
              20.208856287816698
            ],
            [
              73.80202702650992,
              20.208886485046392
            ],
            [
              73.80191435694175,
              20.208866353560573
            ],
            [
              73.80185533954892,
              20.208881452175177
            ],
            [
              73.80203239172745,
              20.2089066165296
            ],
            [
              73.8022791917339,
              20.208836156326967
            ],
            [
              73.80244014825986,
              20.208876419303802
            ],
            [
              73.80259037435073,
              20.20883112345414
            ],
            [
              73.80266012217864,
              20.209012306773722
            ]
          ]
        ]
      }
    },
    {
      "type": "Feature",
      "properties": {
        "area": 0.0,
        "crop": "Grapes"
      },
      "geometry": {
        "type": "Polygon",
        "coordinates": [
          [
            [
              73.7995214699227,
              20.2088009262137
            ],
            [
              73.7995214699227,
              20.208795893339726
            ],
            [
              73.79952683514023,
              20.208795893339726
            ],
            [
              73.79952683514023,
              20.2088009262137
            ],
            [
              73.7995214699227,
              20.2088009262137
            ]
          ]
        ]
      }
    },
    {
      "type": "Feature",
      "properties": {
        "area": 0.0,
        "crop": "Lime"
      },
      "geometry": {
        "type": "Polygon",
        "coordinates": [
          [
            [
              73.79951610470516,
              20.208795893339726
            ],
            [
              73.79951610470516,
              20.208790860465587
            ],
            [
              73.7995214699227,
              20.208790860465587
            ],
            [
              73.7995214699227,
              20.208795893339726
            ],
            [
              73.79951610470516,
              20.208795893339726
            ]
          ]
        ]
      }
    },
    {
      "type": "Feature",
      "properties": {
        "area": 0.0,
        "crop": "Papaya"
      },
      "geometry": {
        "type": "Polygon",
        "coordinates": [
          [
            [
              73.79951073948764,
              20.208790860465587
            ],
            [
              73.79951073948764,
              20.20878582759129
            ],
            [
              73.79951610470516,
              20.20878582759129
            ],
            [
              73.79951610470516,
              20.208790860465587
            ],
            [
              73.79951073948764,
              20.208790860465587
            ]
          ]
        ]
      }
    },
    {
      "type": "Feature",
      "properties": {
        "area": 0.0,
        "crop": "Potato"
      },
      "geometry": {
        "type": "Polygon",
        "coordinates": [
          [
            [
              73.80219334825341,
              20.208790860465587
            ],
            [
              73.80219334825341,
              20.20878582759129
            ],
            [
              73.80222553955859,
              20.20878582759129
            ],
            [
              73.80222553955859,
              20.208790860465587
            ],
            [
              73.80219334825341,
              20.208790860465587
            ]
          ]
        ]
      }
    },
    {
      "type": "Feature",
      "properties": {
        "area": 0.0,
        "crop": "Beans"
      },
      "geometry": {
        "type": "Polygon",
        "coordinates": [
          [
            [
              73.80231674825663,
              20.208790860465587
            ],
            [
              73.80231674825663,
              20.20878582759129
            ],
            [
              73.80233820912675,
              20.20878582759129
            ],
            [
              73.80233820912675,
              20.208790860465587
            ],
            [
              73.80231674825663,
              20.208790860465587
            ]
          ]
        ]
      }
    },
    {
      "type": "Feature",
      "properties": {
        "area": 0.0,
        "crop": "Banana"
      },
      "geometry": {
        "type": "Polygon",
        "coordinates": [
          [
            [
              73.7995053742701,
              20.20878582759129
            ],
            [
              73.7995053742701,
              20.208780794716827
            ],
            [
              73.79951073948764,
              20.208780794716827
            ],
            [
              73.79951073948764,
              20.20878582759129
            ],
            [
              73.7995053742701,
              20.20878582759129
            ]
          ]
        ]
      }
    },
    {
      "type": "Feature",
      "properties": {
        "area": 0.0,
        "crop": "Tomato"
      },
      "geometry": {
        "type": "Polygon",
        "coordinates": [
          [
            [
              73.80217188738328,
              20.20878582759129
            ],
            [
              73.80217188738328,
              20.208780794716827
            ],
            [
              73.80218261781835,
              20.208780794716827
            ],
            [
              73.80218261781835,
              20.20878582759129
            ],
            [
              73.80217188738328,
              20.20878582759129
            ]
          ]
        ]
      }
    },
    {
      "type": "Feature",
      "properties": {
        "area": 0.0,
        "crop": "Orange"
      },
      "geometry": {
        "type": "Polygon",
        "coordinates": [
          [
            [
              73.80354001785382,
              20.20878582759129
            ],
            [
              73.80354001785382,
              20.208780794716827
            ],
            [
              73.8035561135064,
              20.208780794716827
            ],
            [
              73.8035561135064,
              20.20878582759129
            ],
            [
              73.80354001785382,
              20.20878582759129
            ]
          ]
        ]
      }
    },
    {
      "type": "Feature",
      "properties": {
        "area": 0.0,
        "crop": "Drumstick"
      },
      "geometry": {
        "type": "Polygon",
        "coordinates": [
          [
            [
              73.79950000905258,
              20.208780794716827
            ],
            [
              73.79950000905258,
              20.208775761842205
            ],
            [
              73.7995053742701,
              20.208775761842205
            ],
            [
              73.7995053742701,
              20.208780794716827
            ],
            [
              73.79950000905258,
              20.208780794716827
            ]
          ]
        ]
      }
    },
    {
      "type": "Feature",
      "properties": {
        "area": 0.0,
        "crop": "Karbuja(Musk Melon)"
      },
      "geometry": {
        "type": "Polygon",
        "coordinates": [
          [
            [
              73.80011700906871,
              20.208780794716827
            ],
            [
              73.80011700906871,
              20.208775761842205
            ],
            [
              73.80012237428623,
              20.208775761842205
            ],
            [
              73.80012237428623,
              20.208780794716827
            ],
            [
              73.80011700906871,
              20.208780794716827
            ]
          ]
        ]
      }
    },
    {
      "type": "Feature",
      "properties": {
        "area": 0.0,
        "crop": "Carrot"
      },
      "geometry": {
        "type": "Polygon",
        "coordinates": [
          [
            [
              73.8021611569482,
              20.208780794716827
            ],
            [
              73.8021611569482,
              20.208775761842205
            ],
            [
              73.80216652216575,
              20.208775761842205
            ],
            [
              73.80216652216575,
              20.208780794716827
            ],
            [
              73.8021611569482,
              20.208780794716827
            ]
          ]
        ]
      }
    },
    {
      "type": "Feature",
      "properties": {
        "area": 0.0,
        "crop": "Cabbage"
      },
      "geometry": {
        "type": "Polygon",
        "coordinates": [
          [
            [
              73.80352392220122,
              20.208780794716827
            ],
            [
              73.80352392220122,
              20.208775761842205
            ],
            [
              73.80352928741877,
              20.208775761842205
            ],
            [
              73.80352928741877,
              20.208780794716827
            ],
            [
              73.80352392220122,
              20.208780794716827
            ]
          ]
        ]
      }
    },
    {
      "type": "Feature",
      "properties": {
        "area": 0.0,
        "crop": "Lime"
      },
      "geometry": {
        "type": "Polygon",
        "coordinates": [
          [
            [
              73.80215042651314,
              20.208775761842205
            ],
            [
              73.80215042651314,
              20.208770728967412
            ],
            [
              73.80215579173068,
              20.208770728967412
            ],
            [
              73.80215579173068,
              20.208775761842205
            ],
            [
              73.80215042651314,
              20.208775761842205
            ]
          ]
        ]
      }
    },
    {
      "type": "Feature",
      "properties": {
        "area": 0.0,
        "crop": "Mango (Raw-Ripe)"
      },
      "geometry": {
        "type": "Polygon",
        "coordinates": [
          [
            [
              73.80235966999689,
              20.208775761842205
            ],
            [
              73.80235966999689,
              20.208770728967412
            ],
            [
              73.80236503521442,
              20.208770728967412
            ],
            [
              73.80236503521442,
              20.208775761842205
            ],
            [
              73.80235966999689,
              20.208775761842205
            ]
          ]
        ]
      }
    },
    {
      "type": "Feature",
      "properties": {
        "area": 1.49,
        "crop": "Rice"
      },
      "geometry": {
        "type": "Polygon",
        "coordinates": [
          [
            [
              73.79918346121822,
              20.20962631534384
            ],
            [
              73.79988630471485,
              20.209500494112852
            ],
            [
              73.79969852210124,
              20.20903243824066
            ],
            [
              73.79937660904938,
              20.20876066321734
            ],
            [
              73.79908688730265,
              20.20912806267303
            ],
            [
              73.79918346121822,
              20.20962631534384
            ]
          ]
        ]
      }
    },
    {
      "type": "Feature",
      "properties": {
        "area": 0.0,
        "crop": "Onion"
      },
      "geometry": {
        "type": "Polygon",
        "coordinates": [
          [
            [
              73.79949464383505,
              20.208775761842205
            ],
            [
              73.79949464383505,
              20.208765696092463
            ],
            [
              73.79950000905258,
              20.208765696092463
            ],
            [
              73.79950000905258,
              20.208775761842205
            ],
            [
              73.79949464383505,
              20.208775761842205
            ]
          ]
        ]
      }
    },
    {
      "type": "Feature",
      "properties": {
        "area": 0.0,
        "crop": "Lime"
      },
      "geometry": {
        "type": "Polygon",
        "coordinates": [
          [
            [
              73.8021450612956,
              20.208770728967412
            ],
            [
              73.8021450612956,
              20.208765696092463
            ],
            [
              73.80215042651314,
              20.208765696092463
            ],
            [
              73.80215042651314,
              20.208770728967412
            ],
            [
              73.8021450612956,
              20.208770728967412
            ]
          ]
        ]
      }
    },
    {
      "type": "Feature",
      "properties": {
        "area": 0.0,
        "crop": "Carrot"
      },
      "geometry": {
        "type": "Polygon",
        "coordinates": [
          [
            [
              73.79948927861754,
              20.208765696092463
            ],
            [
              73.79948927861754,
              20.20875563034207
            ],
            [
              73.79949464383505,
              20.20875563034207
            ],
            [
              73.79949464383505,
              20.208765696092463
            ],
            [
              73.79948927861754,
              20.208765696092463
            ]
          ]
        ]
      }
    },
    {
      "type": "Feature",
      "properties": {
        "area": 0.0,
        "crop": "Arhar (Tur/Red Gram)(Whole)"
      },
      "geometry": {
        "type": "Polygon",
        "coordinates": [
          [
            [
              73.8021396960781,
              20.208765696092463
            ],
            [
              73.8021396960781,
              20.20876066321734
            ],
            [
              73.8021450612956,
              20.20876066321734
            ],
            [
              73.8021450612956,
              20.208765696092463
            ],
            [
              73.8021396960781,
              20.208765696092463
            ]
          ]
        ]
      }
    },
    {
      "type": "Feature",
      "properties": {
        "area": 0.0,
        "crop": "Carrot"
      },
      "geometry": {
        "type": "Polygon",
        "coordinates": [
          [
            [
              73.80351319176616,
              20.208775761842205
            ],
            [
              73.80352392220122,
              20.208770728967412
            ],
            [
              73.80350246133109,
              20.20876066321734
            ],
            [
              73.80350246133109,
              20.208765696092463
            ],
            [
              73.80351319176616,
              20.208775761842205
            ]
          ]
        ]
      }
    },
    {
      "type": "Feature",
      "properties": {
        "area": 0.0,
        "crop": "Grapes"
      },
      "geometry": {
        "type": "Polygon",
        "coordinates": [
          [
            [
              73.80011164385118,
              20.20876066321734
            ],
            [
              73.80011164385118,
              20.20875563034207
            ],
            [
              73.80011700906871,
              20.20875563034207
            ],
            [
              73.80011700906871,
              20.20876066321734
            ],
            [
              73.80011164385118,
              20.20876066321734
            ]
          ]
        ]
      }
    },
    {
      "type": "Feature",
      "properties": {
        "area": 0.0,
        "crop": "Cabbage"
      },
      "geometry": {
        "type": "Polygon",
        "coordinates": [
          [
            [
              73.80289082653249,
              20.20876066321734
            ],
            [
              73.80289082653249,
              20.20875563034207
            ],
            [
              73.80289619175004,
              20.20875563034207
            ],
            [
              73.80289619175004,
              20.20876066321734
            ],
            [
              73.80289082653249,
              20.20876066321734
            ]
          ]
        ]
      }
    },
    {
      "type": "Feature",
      "properties": {
        "area": 0.0,
        "crop": "Carrot"
      },
      "geometry": {
        "type": "Polygon",
        "coordinates": [
          [
            [
              73.80349709611355,
              20.20876066321734
            ],
            [
              73.80349709611355,
              20.20875563034207
            ],
            [
              73.80350246133109,
              20.20875563034207
            ],
            [
              73.80350246133109,
              20.20876066321734
            ],
            [
              73.80349709611355,
              20.20876066321734
            ]
          ]
        ]
      }
    },
    {
      "type": "Feature",
      "properties": {
        "area": 0.0,
        "crop": "Green Peas"
      },
      "geometry": {
        "type": "Polygon",
        "coordinates": [
          [
            [
              73.79948391339998,
              20.20875563034207
            ],
            [
              73.79948391339998,
              20.208750597466633
            ],
            [
              73.79948927861754,
              20.208750597466633
            ],
            [
              73.79948927861754,
              20.20875563034207
            ],
            [
              73.79948391339998,
              20.20875563034207
            ]
          ]
        ]
      }
    },
    {
      "type": "Feature",
      "properties": {
        "area": 0.0,
        "crop": "Drumstick"
      },
      "geometry": {
        "type": "Polygon",
        "coordinates": [
          [
            [
              73.80213433086057,
              20.20875563034207
            ],
            [
              73.80213433086057,
              20.208750597466633
            ],
            [
              73.8021396960781,
              20.208750597466633
            ],
            [
              73.8021396960781,
              20.20875563034207
            ],
            [
              73.80213433086057,
              20.20875563034207
            ]
          ]
        ]
      }
    },
    {
      "type": "Feature",
      "properties": {
        "area": 0.0,
        "crop": "Chikoos(Sapota)"
      },
      "geometry": {
        "type": "Polygon",
        "coordinates": [
          [
            [
              73.79947854818245,
              20.208750597466633
            ],
            [
              73.79947854818245,
              20.208745564591027
            ],
            [
              73.79948391339998,
              20.208745564591027
            ],
            [
              73.79948391339998,
              20.208750597466633
            ],
            [
              73.79947854818245,
              20.208750597466633
            ]
          ]
        ]
      }
    },
    {
      "type": "Feature",
      "properties": {
        "area": 0.0,
        "crop": "Brinjal"
      },
      "geometry": {
        "type": "Polygon",
        "coordinates": [
          [
            [
              73.79947318296493,
              20.208745564591027
            ],
            [
              73.79947318296493,
              20.208740531715264
            ],
            [
              73.79947854818245,
              20.208740531715264
            ],
            [
              73.79947854818245,
              20.208745564591027
            ],
            [
              73.79947318296493,
              20.208745564591027
            ]
          ]
        ]
      }
    },
    {
      "type": "Feature",
      "properties": {
        "area": 0.0,
        "crop": "Lime"
      },
      "geometry": {
        "type": "Polygon",
        "coordinates": [
          [
            [
              73.80212896564304,
              20.208745564591027
            ],
            [
              73.80212896564304,
              20.208740531715264
            ],
            [
              73.80213433086057,
              20.208740531715264
            ],
            [
              73.80213433086057,
              20.208745564591027
            ],
            [
              73.80212896564304,
              20.208745564591027
            ]
          ]
        ]
      }
    },
    {
      "type": "Feature",
      "properties": {
        "area": 0.0,
        "crop": "Grapes"
      },
      "geometry": {
        "type": "Polygon",
        "coordinates": [
          [
            [
              73.80010627863363,
              20.208740531715264
            ],
            [
              73.80010627863363,
              20.208735498839335
            ],
            [
              73.80011164385118,
              20.208735498839335
            ],
            [
              73.80011164385118,
              20.208740531715264
            ],
            [
              73.80010627863363,
              20.208740531715264
            ]
          ]
        ]
      }
    },
    {
      "type": "Feature",
      "properties": {
        "area": 0.0,
        "crop": "Water Melon"
      },
      "geometry": {
        "type": "Polygon",
        "coordinates": [
          [
            [
              73.79946781774738,
              20.208735498839335
            ],
            [
              73.79946781774738,
              20.208730465963235
            ],
            [
              73.79947318296493,
              20.208730465963235
            ],
            [
              73.79947318296493,
              20.208735498839335
            ],
            [
              73.79946781774738,
              20.208735498839335
            ]
          ]
        ]
      }
    },
    {
      "type": "Feature",
      "properties": {
        "area": 0.0,
        "crop": "Onion Green"
      },
      "geometry": {
        "type": "Polygon",
        "coordinates": [
          [
            [
              73.80212360042549,
              20.208735498839335
            ],
            [
              73.80212360042549,
              20.208730465963235
            ],
            [
              73.80212896564304,
              20.208730465963235
            ],
            [
              73.80212896564304,
              20.208735498839335
            ],
            [
              73.80212360042549,
              20.208735498839335
            ]
          ]
        ]
      }
    },
    {
      "type": "Feature",
      "properties": {
        "area": 0.62,
        "crop": "Maize"
      },
      "geometry": {
        "type": "Polygon",
        "coordinates": [
          [
            [
              73.79675301767644,
              20.209143161262247
            ],
            [
              73.79719296551401,
              20.209097865490207
            ],
            [
              73.79718223507895,
              20.208730465963235
            ],
            [
              73.79668863506605,
              20.208780794716827
            ],
            [
              73.79675301767644,
              20.209143161262247
            ]
          ]
        ]
      }
    },
    {
      "type": "Feature",
      "properties": {
        "area": 0.0,
        "crop": "Tender Coconut"
      },
      "geometry": {
        "type": "Polygon",
        "coordinates": [
          [
            [
              73.80211823520797,
              20.208730465963235
            ],
            [
              73.80211823520797,
              20.20872543308699
            ],
            [
              73.80212360042549,
              20.20872543308699
            ],
            [
              73.80212360042549,
              20.208730465963235
            ],
            [
              73.80211823520797,
              20.208730465963235
            ]
          ]
        ]
      }
    },
    {
      "type": "Feature",
      "properties": {
        "area": 0.0,
        "crop": "Bitter gourd"
      },
      "geometry": {
        "type": "Polygon",
        "coordinates": [
          [
            [
              73.80010091341612,
              20.20872543308699
            ],
            [
              73.80010091341612,
              20.20872040021057
            ],
            [
              73.80010627863363,
              20.20872040021057
            ],
            [
              73.80010627863363,
              20.20872543308699
            ],
            [
              73.80010091341612,
              20.20872543308699
            ]
          ]
        ]
      }
    },
    {
      "type": "Feature",
      "properties": {
        "area": 0.0,
        "crop": "Cucumbar(Kheera)"
      },
      "geometry": {
        "type": "Polygon",
        "coordinates": [
          [
            [
              73.80211286999044,
              20.20872040021057
            ],
            [
              73.80211286999044,
              20.208715367333998
            ],
            [
              73.80211823520797,
              20.208715367333998
            ],
            [
              73.80211823520797,
              20.20872040021057
            ],
            [
              73.80211286999044,
              20.20872040021057
            ]
          ]
        ]
      }
    },
    {
      "type": "Feature",
      "properties": {
        "area": 0.0,
        "crop": "Water Melon"
      },
      "geometry": {
        "type": "Polygon",
        "coordinates": [
          [
            [
              73.80349173089604,
              20.208715367333998
            ],
            [
              73.80349173089604,
              20.20871033445725
            ],
            [
              73.80349709611355,
              20.20871033445725
            ],
            [
              73.80349709611355,
              20.208715367333998
            ],
            [
              73.80349173089604,
              20.208715367333998
            ]
          ]
        ]
      }
    },
    {
      "type": "Feature",
      "properties": {
        "area": 0.0,
        "crop": "Tender Coconut"
      },
      "geometry": {
        "type": "Polygon",
        "coordinates": [
          [
            [
              73.80210750477289,
              20.20871033445725
            ],
            [
              73.80210750477289,
              20.20870026870328
            ],
            [
              73.80211286999044,
              20.20870026870328
            ],
            [
              73.80211286999044,
              20.20871033445725
            ],
            [
              73.80210750477289,
              20.20871033445725
            ]
          ]
        ]
      }
    },
    {
      "type": "Feature",
      "properties": {
        "area": 0.15,
        "crop": "Kulthi(Horse Gram)"
      },
      "geometry": {
        "type": "Polygon",
        "coordinates": [
          [
            [
              73.79721979160169,
              20.208956945226227
            ],
            [
              73.79740220899775,
              20.208936813749524
            ],
            [
              73.79735392203997,
              20.208690202948652
            ],
            [
              73.79721979160169,
              20.208750597466633
            ],
            [
              73.79721979160169,
              20.208956945226227
            ]
          ]
        ]
      }
    },
    {
      "type": "Feature",
      "properties": {
        "area": 0.31,
        "crop": "Sesamum(Sesame,Gingelly,Til)"
      },
      "geometry": {
        "type": "Polygon",
        "coordinates": [
          [
            [
              73.79902250469226,
              20.209097865490207
            ],
            [
              73.79928540035131,
              20.208961978094997
            ],
            [
              73.79924247861109,
              20.20868013719338
            ],
            [
              73.79896348729942,
              20.20882609058114
            ],
            [
              73.79902250469226,
              20.209097865490207
            ]
          ]
        ]
      }
    },
    {
      "type": "Feature",
      "properties": {
        "area": 0.16,
        "crop": "Castor Seed"
      },
      "geometry": {
        "type": "Polygon",
        "coordinates": [
          [
            [
              73.80305178305844,
              20.20883112345414
            ],
            [
              73.80333077437008,
              20.2088009262137
            ],
            [
              73.80345953959085,
              20.208715367333998
            ],
            [
              73.80302495697079,
              20.20868013719338
            ],
            [
              73.80305178305844,
              20.20883112345414
            ]
          ]
        ]
      }
    },
    {
      "type": "Feature",
      "properties": {
        "area": 0.11,
        "crop": "Bajra(Pearl Millet/Cumbu)"
      },
      "geometry": {
        "type": "Polygon",
        "coordinates": [
          [
            [
              73.80362586133433,
              20.208795893339726
            ],
            [
              73.80381364394792,
              20.20871033445725
            ],
            [
              73.80381900916545,
              20.208654972802353
            ],
            [
              73.80349173089604,
              20.208715367333998
            ],
            [
              73.80362586133433,
              20.208795893339726
            ]
          ]
        ]
      }
    },
    {
      "type": "Feature",
      "properties": {
        "area": 0.0,
        "crop": "Potato"
      },
      "geometry": {
        "type": "Polygon",
        "coordinates": [
          [
            [
              73.80349709611355,
              20.20871033445725
            ],
            [
              73.80349709611355,
              20.20870026870328
            ],
            [
              73.80351855698369,
              20.208685170071107
            ],
            [
              73.80351855698369,
              20.20869523582605
            ],
            [
              73.80349709611355,
              20.20871033445725
            ]
          ]
        ]
      }
    },
    {
      "type": "Feature",
      "properties": {
        "area": 0.0,
        "crop": "Bitter gourd"
      },
      "geometry": {
        "type": "Polygon",
        "coordinates": [
          [
            [
              73.80210213955537,
              20.208690202948652
            ],
            [
              73.80210213955537,
              20.20868013719338
            ],
            [
              73.80210750477289,
              20.20868013719338
            ],
            [
              73.80210750477289,
              20.208690202948652
            ],
            [
              73.80210213955537,
              20.208690202948652
            ]
          ]
        ]
      }
    },
    {
      "type": "Feature",
      "properties": {
        "area": 0.0,
        "crop": "Potato"
      },
      "geometry": {
        "type": "Polygon",
        "coordinates": [
          [
            [
              73.80009554819858,
              20.208685170071107
            ],
            [
              73.80009554819858,
              20.20868013719338
            ],
            [
              73.80010091341612,
              20.20868013719338
            ],
            [
              73.80010091341612,
              20.208685170071107
            ],
            [
              73.80009554819858,
              20.208685170071107
            ]
          ]
        ]
      }
    },
    {
      "type": "Feature",
      "properties": {
        "area": 0.0,
        "crop": "Green Peas"
      },
      "geometry": {
        "type": "Polygon",
        "coordinates": [
          [
            [
              73.80351855698369,
              20.208685170071107
            ],
            [
              73.80351855698369,
              20.20868013719338
            ],
            [
              73.80352392220122,
              20.20868013719338
            ],
            [
              73.80352392220122,
              20.208685170071107
            ],
            [
              73.80351855698369,
              20.208685170071107
            ]
          ]
        ]
      }
    },
    {
      "type": "Feature",
      "properties": {
        "area": 0.0,
        "crop": "Black Gram (Urd Beans)(Whole)"
      },
      "geometry": {
        "type": "Polygon",
        "coordinates": [
          [
            [
              73.80352392220122,
              20.20868013719338
            ],
            [
              73.80352392220122,
              20.208675104315503
            ],
            [
              73.80352928741877,
              20.208675104315503
            ],
            [
              73.80352928741877,
              20.20868013719338
            ],
            [
              73.80352392220122,
              20.20868013719338
            ]
          ]
        ]
      }
    },
    {
      "type": "Feature",
      "properties": {
        "area": 0.0,
        "crop": "Drumstick"
      },
      "geometry": {
        "type": "Polygon",
        "coordinates": [
          [
            [
              73.80352928741877,
              20.208675104315503
            ],
            [
              73.80352928741877,
              20.208670071437464
            ],
            [
              73.80354001785382,
              20.208670071437464
            ],
            [
              73.80354001785382,
              20.208675104315503
            ],
            [
              73.80352928741877,
              20.208675104315503
            ]
          ]
        ]
      }
    },
    {
      "type": "Feature",
      "properties": {
        "area": 0.0,
        "crop": "Lime"
      },
      "geometry": {
        "type": "Polygon",
        "coordinates": [
          [
            [
              73.80009018298104,
              20.208670071437464
            ],
            [
              73.80009018298104,
              20.208665038559257
            ],
            [
              73.80009554819858,
              20.208665038559257
            ],
            [
              73.80009554819858,
              20.208670071437464
            ],
            [
              73.80009018298104,
              20.208670071437464
            ]
          ]
        ]
      }
    },
    {
      "type": "Feature",
      "properties": {
        "area": 0.0,
        "crop": "Cucumbar(Kheera)"
      },
      "geometry": {
        "type": "Polygon",
        "coordinates": [
          [
            [
              73.80354001785382,
              20.208670071437464
            ],
            [
              73.80354001785382,
              20.208665038559257
            ],
            [
              73.8035561135064,
              20.208665038559257
            ],
            [
              73.8035561135064,
              20.208670071437464
            ],
            [
              73.80354001785382,
              20.208670071437464
            ]
          ]
        ]
      }
    },
    {
      "type": "Feature",
      "properties": {
        "area": 0.01,
        "crop": "Banana"
      },
      "geometry": {
        "type": "Polygon",
        "coordinates": [
          [
            [
              73.80364732220444,
              20.208816024834654
            ],
            [
              73.80381364394792,
              20.20872040021057
            ],
            [
              73.80383510481805,
              20.208690202948652
            ],
            [
              73.80382437438298,
              20.208654972802353
            ],
            [
              73.80364732220444,
              20.208816024834654
            ]
          ]
        ]
      }
    },
    {
      "type": "Feature",
      "properties": {
        "area": 0.0,
        "crop": "Black Gram (Urd Beans)(Whole)"
      },
      "geometry": {
        "type": "Polygon",
        "coordinates": [
          [
            [
              73.80209677433783,
              20.208665038559257
            ],
            [
              73.80209677433783,
              20.20866000568089
            ],
            [
              73.80210213955537,
              20.20866000568089
            ],
            [
              73.80210213955537,
              20.208665038559257
            ],
            [
              73.80209677433783,
              20.208665038559257
            ]
          ]
        ]
      }
    },
    {
      "type": "Feature",
      "properties": {
        "area": 0.0,
        "crop": "Water Melon"
      },
      "geometry": {
        "type": "Polygon",
        "coordinates": [
          [
            [
              73.8035561135064,
              20.208665038559257
            ],
            [
              73.8035561135064,
              20.20866000568089
            ],
            [
              73.80356684394148,
              20.20866000568089
            ],
            [
              73.80356684394148,
              20.208665038559257
            ],
            [
              73.8035561135064,
              20.208665038559257
            ]
          ]
        ]
      }
    },
    {
      "type": "Feature",
      "properties": {
        "area": 0.0,
        "crop": "Bitter gourd"
      },
      "geometry": {
        "type": "Polygon",
        "coordinates": [
          [
            [
              73.80366878307456,
              20.208670071437464
            ],
            [
              73.80371707003236,
              20.20866000568089
            ],
            [
              73.80371707003236,
              20.208654972802353
            ],
            [
              73.80364195698692,
              20.208654972802353
            ],
            [
              73.80366878307456,
              20.208670071437464
            ]
          ]
        ]
      }
    },
    {
      "type": "Feature",
      "properties": {
        "area": 0.56,
        "crop": "Arhar (Tur/Red Gram)(Whole)"
      },
      "geometry": {
        "type": "Polygon",
        "coordinates": [
          [
            [
              73.79753633943604,
              20.209263949923255
            ],
            [
              73.79783142640028,
              20.209233752766796
            ],
            [
              73.79769193074445,
              20.208634841286596
            ],
            [
              73.79749878291331,
              20.208670071437464
            ],
            [
              73.79753633943604,
              20.209263949923255
            ]
          ]
        ]
      }
    },
    {
      "type": "Feature",
      "properties": {
        "area": 0.01,
        "crop": "Apple"
      },
      "geometry": {
        "type": "Polygon",
        "coordinates": [
          [
            [
              73.79945708731232,
              20.20872040021057
            ],
            [
              73.7995053742701,
              20.208670071437464
            ],
            [
              73.79978436558174,
              20.20861974264808
            ],
            [
              73.79948927861754,
              20.208665038559257
            ],
            [
              73.79945708731232,
              20.20872040021057
            ]
          ]
        ]
      }
    },
    {
      "type": "Feature",
      "properties": {
        "area": 0.0,
        "crop": "Mango"
      },
      "geometry": {
        "type": "Polygon",
        "coordinates": [
          [
            [
              73.80356684394148,
              20.20866000568089
            ],
            [
              73.80359367002913,
              20.208644907044803
            ],
            [
              73.80363659176938,
              20.208649939923664
            ],
            [
              73.80363659176938,
              20.208654972802353
            ],
            [
              73.80356684394148,
              20.20866000568089
            ]
          ]
        ]
      }
    },
    {
      "type": "Feature",
      "properties": {
        "area": 0.54,
        "crop": "Wheat"
      },
      "geometry": {
        "type": "Polygon",
        "coordinates": [
          [
            [
              73.79787434814052,
              20.20921362132589
            ],
            [
              73.79822308728008,
              20.209112964082355
            ],
            [
              73.79790653944572,
              20.208649939923664
            ],
            [
              73.7977348524847,
              20.208629808407252
            ],
            [
              73.79787434814052,
              20.20921362132589
            ]
          ]
        ]
      }
    },
    {
      "type": "Feature",
      "properties": {
        "area": 0.0,
        "crop": "Bitter gourd"
      },
      "geometry": {
        "type": "Polygon",
        "coordinates": [
          [
            [
              73.8000848177635,
              20.208654972802353
            ],
            [
              73.8000848177635,
              20.208644907044803
            ],
            [
              73.80009018298104,
              20.208644907044803
            ],
            [
              73.80009018298104,
              20.208654972802353
            ],
            [
              73.8000848177635,
              20.208654972802353
            ]
          ]
        ]
      }
    },
    {
      "type": "Feature",
      "properties": {
        "area": 0.0,
        "crop": "Grapes"
      },
      "geometry": {
        "type": "Polygon",
        "coordinates": [
          [
            [
              73.80371707003236,
              20.208654972802353
            ],
            [
              73.80373316568496,
              20.208644907044803
            ],
            [
              73.80381900916545,
              20.208649939923664
            ],
            [
              73.80381900916545,
              20.208654972802353
            ],
            [
              73.80371707003236,
              20.208654972802353
            ]
          ]
        ]
      }
    },
    {
      "type": "Feature",
      "properties": {
        "area": 0.0,
        "crop": "Potato"
      },
      "geometry": {
        "type": "Polygon",
        "coordinates": [
          [
            [
              73.8020914091203,
              20.208644907044803
            ],
            [
              73.8020914091203,
              20.20863987416578
            ],
            [
              73.80209677433783,
              20.20863987416578
            ],
            [
              73.80209677433783,
              20.208644907044803
            ],
            [
              73.8020914091203,
              20.208644907044803
            ]
          ]
        ]
      }
    },
    {
      "type": "Feature",
      "properties": {
        "area": 0.0,
        "crop": "Lime"
      },
      "geometry": {
        "type": "Polygon",
        "coordinates": [
          [
            [
              73.80007945254599,
              20.20863987416578
            ],
            [
              73.80007945254599,
              20.208629808407252
            ],
            [
              73.8000848177635,
              20.208629808407252
            ],
            [
              73.8000848177635,
              20.20863987416578
            ],
            [
              73.80007945254599,
              20.20863987416578
            ]
          ]
        ]
      }
    },
    {
      "type": "Feature",
      "properties": {
        "area": 0.0,
        "crop": "Arhar (Tur/Red Gram)(Whole)"
      },
      "geometry": {
        "type": "Polygon",
        "coordinates": [
          [
            [
              73.80007408732844,
              20.20862477552774
            ],
            [
              73.80007408732844,
              20.20861974264808
            ],
            [
              73.80007945254599,
              20.20861974264808
            ],
            [
              73.80007945254599,
              20.20862477552774
            ],
            [
              73.80007408732844,
              20.20862477552774
            ]
          ]
        ]
      }
    },
    {
      "type": "Feature",
      "properties": {
        "area": 0.0,
        "crop": "Grapes"
      },
      "geometry": {
        "type": "Polygon",
        "coordinates": [
          [
            [
              73.79978436558174,
              20.20861974264808
            ],
            [
              73.79978436558174,
              20.208614709768238
            ],
            [
              73.79980046123434,
              20.208614709768238
            ],
            [
              73.79980046123434,
              20.20861974264808
            ],
            [
              73.79978436558174,
              20.20861974264808
            ]
          ]
        ]
      }
    },
    {
      "type": "Feature",
      "properties": {
        "area": 0.0,
        "crop": "Carrot"
      },
      "geometry": {
        "type": "Polygon",
        "coordinates": [
          [
            [
              73.80208604390276,
              20.20861974264808
            ],
            [
              73.80208604390276,
              20.208614709768238
            ],
            [
              73.8020914091203,
              20.208614709768238
            ],
            [
              73.8020914091203,
              20.20861974264808
            ],
            [
              73.80208604390276,
              20.20861974264808
            ]
          ]
        ]
      }
    },
    {
      "type": "Feature",
      "properties": {
        "area": 0.0,
        "crop": "Onion Green"
      },
      "geometry": {
        "type": "Polygon",
        "coordinates": [
          [
            [
              73.79980582645186,
              20.208614709768238
            ],
            [
              73.79980582645186,
              20.208609676888244
            ],
            [
              73.79982192210446,
              20.208609676888244
            ],
            [
              73.79982192210446,
              20.208614709768238
            ],
            [
              73.79980582645186,
              20.208614709768238
            ]
          ]
        ]
      }
    },
    {
      "type": "Feature",
      "properties": {
        "area": 0.0,
        "crop": "Cauliflower"
      },
      "geometry": {
        "type": "Polygon",
        "coordinates": [
          [
            [
              73.80006872211091,
              20.208614709768238
            ],
            [
              73.80006872211091,
              20.208609676888244
            ],
            [
              73.80007408732844,
              20.208609676888244
            ],
            [
              73.80007408732844,
              20.208614709768238
            ],
            [
              73.80006872211091,
              20.208614709768238
            ]
          ]
        ]
      }
    },
    {
      "type": "Feature",
      "properties": {
        "area": 1.48,
        "crop": "Jowar(Sorghum)"
      },
      "geometry": {
        "type": "Polygon",
        "coordinates": [
          [
            [
              73.80002043515313,
              20.20962631534384
            ],
            [
              73.80032625255244,
              20.20955585546702
            ],
            [
              73.80007408732844,
              20.208614709768238
            ],
            [
              73.79947318296493,
              20.20868013719338
            ],
            [
              73.80002043515313,
              20.20962631534384
            ]
          ]
        ]
      }
    },
    {
      "type": "Feature",
      "properties": {
        "area": 0.18,
        "crop": "Jowar(Sorghum)"
      },
      "geometry": {
        "type": "Polygon",
        "coordinates": [
          [
            [
              73.79815333945217,
              20.20897707670031
            ],
            [
              73.79818553075735,
              20.20890158365904
            ],
            [
              73.79812114814698,
              20.208614709768238
            ],
            [
              73.79790117422819,
              20.208629808407252
            ],
            [
              73.79815333945217,
              20.20897707670031
            ]
          ]
        ]
      }
    },
    {
      "type": "Feature",
      "properties": {
        "area": 0.0,
        "crop": "Bengal Gram(Gram)(Whole)"
      },
      "geometry": {
        "type": "Polygon",
        "coordinates": [
          [
            [
              73.79983265253954,
              20.208609676888244
            ],
            [
              73.79983265253954,
              20.208604644008084
            ],
            [
              73.79984874819213,
              20.208604644008084
            ],
            [
              73.79984874819213,
              20.208609676888244
            ],
            [
              73.79983265253954,
              20.208609676888244
            ]
          ]
        ]
      }
    },
    {
      "type": "Feature",
      "properties": {
        "area": 0.0,
        "crop": "Tender Coconut"
      },
      "geometry": {
        "type": "Polygon",
        "coordinates": [
          [
            [
              73.80006335689339,
              20.208609676888244
            ],
            [
              73.80006335689339,
              20.208604644008084
            ],
            [
              73.80006872211091,
              20.208604644008084
            ],
            [
              73.80006872211091,
              20.208609676888244
            ],
            [
              73.80006335689339,
              20.208609676888244
            ]
          ]
        ]
      }
    },
    {
      "type": "Feature",
      "properties": {
        "area": 0.0,
        "crop": "Bengal Gram(Gram)(Whole)"
      },
      "geometry": {
        "type": "Polygon",
        "coordinates": [
          [
            [
              73.7998594786272,
              20.208604644008084
            ],
            [
              73.7998594786272,
              20.208599611127756
            ],
            [
              73.79987020906226,
              20.208599611127756
            ],
            [
              73.79987020906226,
              20.208604644008084
            ],
            [
              73.7998594786272,
              20.208604644008084
            ]
          ]
        ]
      }
    },
    {
      "type": "Feature",
      "properties": {
        "area": 0.0,
        "crop": "Mango (Raw-Ripe)"
      },
      "geometry": {
        "type": "Polygon",
        "coordinates": [
          [
            [
              73.80208067868523,
              20.208604644008084
            ],
            [
              73.80208067868523,
              20.208599611127756
            ],
            [
              73.80208604390276,
              20.208599611127756
            ],
            [
              73.80208604390276,
              20.208604644008084
            ],
            [
              73.80208067868523,
              20.208604644008084
            ]
          ]
        ]
      }
    },
    {
      "type": "Feature",
      "properties": {
        "area": 0.0,
        "crop": "Cucumbar(Kheera)"
      },
      "geometry": {
        "type": "Polygon",
        "coordinates": [
          [
            [
              73.79989166993238,
              20.208599611127756
            ],
            [
              73.79990776558498,
              20.208589545366628
            ],
            [
              73.79992922645512,
              20.208589545366628
            ],
            [
              73.79991313080251,
              20.208599611127756
            ],
            [
              73.79989166993238,
              20.208599611127756
            ]
          ]
        ]
      }
    },
    {
      "type": "Feature",
      "properties": {
        "area": 0.0,
        "crop": "Mango"
      },
      "geometry": {
        "type": "Polygon",
        "coordinates": [
          [
            [
              73.8020753134677,
              20.20859457824728
            ],
            [
              73.8020753134677,
              20.208589545366628
            ],
            [
              73.80208067868523,
              20.208589545366628
            ],
            [
              73.80208067868523,
              20.20859457824728
            ],
            [
              73.8020753134677,
              20.20859457824728
            ]
          ]
        ]
      }
    },
    {
      "type": "Feature",
      "properties": {
        "area": 0.0,
        "crop": "Bitter gourd"
      },
      "geometry": {
        "type": "Polygon",
        "coordinates": [
          [
            [
              73.79993995689017,
              20.208589545366628
            ],
            [
              73.79993995689017,
              20.208584512485817
            ],
            [
              73.79995068732522,
              20.208584512485817
            ],
            [
              73.79995068732522,
              20.208589545366628
            ],
            [
              73.79993995689017,
              20.208589545366628
            ]
          ]
        ]
      }
    },
    {
      "type": "Feature",
      "properties": {
        "area": 0.0,
        "crop": "Bitter gourd"
      },
      "geometry": {
        "type": "Polygon",
        "coordinates": [
          [
            [
              73.79996141776029,
              20.208584512485817
            ],
            [
              73.79996141776029,
              20.208579479604843
            ],
            [
              73.79997751341288,
              20.208579479604843
            ],
            [
              73.79997751341288,
              20.208584512485817
            ],
            [
              73.79996141776029,
              20.208584512485817
            ]
          ]
        ]
      }
    },
    {
      "type": "Feature",
      "properties": {
        "area": 0.0,
        "crop": "Beans"
      },
      "geometry": {
        "type": "Polygon",
        "coordinates": [
          [
            [
              73.79998824384795,
              20.208579479604843
            ],
            [
              73.79998824384795,
              20.20857444672371
            ],
            [
              73.80000433950053,
              20.20857444672371
            ],
            [
              73.80000433950053,
              20.208579479604843
            ],
            [
              73.79998824384795,
              20.208579479604843
            ]
          ]
        ]
      }
    },
    {
      "type": "Feature",
      "properties": {
        "area": 0.0,
        "crop": "Apple"
      },
      "geometry": {
        "type": "Polygon",
        "coordinates": [
          [
            [
              73.80206994825018,
              20.208579479604843
            ],
            [
              73.80206994825018,
              20.20857444672371
            ],
            [
              73.8020753134677,
              20.20857444672371
            ],
            [
              73.8020753134677,
              20.208579479604843
            ],
            [
              73.80206994825018,
              20.208579479604843
            ]
          ]
        ]
      }
    },
    {
      "type": "Feature",
      "properties": {
        "area": 0.0,
        "crop": "Orange"
      },
      "geometry": {
        "type": "Polygon",
        "coordinates": [
          [
            [
              73.80000970471806,
              20.20857444672371
            ],
            [
              73.80000970471806,
              20.208569413842415
            ],
            [
              73.80003653080574,
              20.208569413842415
            ],
            [
              73.80003653080574,
              20.20857444672371
            ],
            [
              73.80000970471806,
              20.20857444672371
            ]
          ]
        ]
      }
    },
    {
      "type": "Feature",
      "properties": {
        "area": 1.12,
        "crop": "Paddy(Dhan)(Common)"
      },
      "geometry": {
        "type": "Polygon",
        "coordinates": [
          [
            [
              73.80028333081218,
              20.209148194125
            ],
            [
              73.80092715691595,
              20.20903747110699
            ],
            [
              73.80080912213026,
              20.208564380960954
            ],
            [
              73.80015993080896,
              20.20869523582605
            ],
            [
              73.80028333081218,
              20.209148194125
            ]
          ]
        ]
      }
    },
    {
      "type": "Feature",
      "properties": {
        "area": 0.0,
        "crop": "Beans"
      },
      "geometry": {
        "type": "Polygon",
        "coordinates": [
          [
            [
              73.80206458303265,
              20.208564380960954
            ],
            [
              73.80206458303265,
              20.20855934807933
            ],
            [
              73.80206994825018,
              20.20855934807933
            ],
            [
              73.80206994825018,
              20.208564380960954
            ],
            [
              73.80206458303265,
              20.208564380960954
            ]
          ]
        ]
      }
    },
    {
      "type": "Feature",
      "properties": {
        "area": 0.0,
        "crop": "Bitter gourd"
      },
      "geometry": {
        "type": "Polygon",
        "coordinates": [
          [
            [
              73.80205921781513,
              20.208554315197542
            ],
            [
              73.80205921781513,
              20.208544249433476
            ],
            [
              73.80206458303265,
              20.208544249433476
            ],
            [
              73.80206458303265,
              20.208554315197542
            ],
            [
              73.80205921781513,
              20.208554315197542
            ]
          ]
        ]
      }
    },
    {
      "type": "Feature",
      "properties": {
        "area": 0.0,
        "crop": "Cucumbar(Kheera)"
      },
      "geometry": {
        "type": "Polygon",
        "coordinates": [
          [
            [
              73.80205385259758,
              20.208539216551202
            ],
            [
              73.80205385259758,
              20.208534183668764
            ],
            [
              73.80205921781513,
              20.208534183668764
            ],
            [
              73.80205921781513,
              20.208539216551202
            ],
            [
              73.80205385259758,
              20.208539216551202
            ]
          ]
        ]
      }
    },
    {
      "type": "Feature",
      "properties": {
        "area": 0.62,
        "crop": "Wheat"
      },
      "geometry": {
        "type": "Polygon",
        "coordinates": [
          [
            [
              73.79611455679019,
              20.20910289835442
            ],
            [
              73.7961521133129,
              20.208503986370726
            ],
            [
              73.79583020026102,
              20.20852915078617
            ],
            [
              73.79583020026102,
              20.209022372507505
            ],
            [
              73.79611455679019,
              20.20910289835442
            ]
          ]
        ]
      }
    },
    {
      "type": "Feature",
      "properties": {
        "area": 0.0,
        "crop": "Bottle gourd"
      },
      "geometry": {
        "type": "Polygon",
        "coordinates": [
          [
            [
              73.80204848738005,
              20.20852915078617
            ],
            [
              73.80204848738005,
              20.208519085020473
            ],
            [
              73.80205385259758,
              20.208519085020473
            ],
            [
              73.80205385259758,
              20.20852915078617
            ],
            [
              73.80204848738005,
              20.20852915078617
            ]
          ]
        ]
      }
    },
    {
      "type": "Feature",
      "properties": {
        "area": 0.0,
        "crop": "Apple"
      },
      "geometry": {
        "type": "Polygon",
        "coordinates": [
          [
            [
              73.80204312216253,
              20.20851405213739
            ],
            [
              73.80204312216253,
              20.208498953487155
            ],
            [
              73.80204848738005,
              20.208498953487155
            ],
            [
              73.80204848738005,
              20.20851405213739
            ],
            [
              73.80204312216253,
              20.20851405213739
            ]
          ]
        ]
      }
    },
    {
      "type": "Feature",
      "properties": {
        "area": 0.8,
        "crop": "Bajra(Pearl Millet/Cumbu)"
      },
      "geometry": {
        "type": "Polygon",
        "coordinates": [
          [
            [
              73.79650085245247,
              20.209148194125
            ],
            [
              73.79661352202064,
              20.209097865490207
            ],
            [
              73.79656523506281,
              20.20859457824728
            ],
            [
              73.79617893940056,
              20.208493920603413
            ],
            [
              73.7961682089655,
              20.209067668301522
            ],
            [
              73.79650085245247,
              20.209148194125
            ]
          ]
        ]
      }
    },
    {
      "type": "Feature",
      "properties": {
        "area": 0.0,
        "crop": "Black Gram (Urd Beans)(Whole)"
      },
      "geometry": {
        "type": "Polygon",
        "coordinates": [
          [
            [
              73.80203775694498,
              20.208493920603413
            ],
            [
              73.80203775694498,
              20.20848385483544
            ],
            [
              73.80204312216253,
              20.20848385483544
            ],
            [
              73.80204312216253,
              20.208493920603413
            ],
            [
              73.80203775694498,
              20.208493920603413
            ]
          ]
        ]
      }
    },
    {
      "type": "Feature",
      "properties": {
        "area": 0.0,
        "crop": "Beans"
      },
      "geometry": {
        "type": "Polygon",
        "coordinates": [
          [
            [
              73.79629160896873,
              20.208498953487155
            ],
            [
              73.79630770462133,
              20.208493920603413
            ],
            [
              73.79628087853365,
              20.20848385483544
            ],
            [
              73.79628087853365,
              20.208488887719504
            ],
            [
              73.79629160896873,
              20.208498953487155
            ]
          ]
        ]
      }
    },
    {
      "type": "Feature",
      "properties": {
        "area": 0.0,
        "crop": "Apple"
      },
      "geometry": {
        "type": "Polygon",
        "coordinates": [
          [
            [
              73.80203239172745,
              20.20847378906683
            ],
            [
              73.80203239172745,
              20.208458690412687
            ],
            [
              73.80203775694498,
              20.208458690412687
            ],
            [
              73.80203775694498,
              20.20847378906683
            ],
            [
              73.80203239172745,
              20.20847378906683
            ]
          ]
        ]
      }
    },
    {
      "type": "Feature",
      "properties": {
        "area": 0.0,
        "crop": "Water Melon"
      },
      "geometry": {
        "type": "Polygon",
        "coordinates": [
          [
            [
              73.80202702650992,
              20.208448624642433
            ],
            [
              73.80202702650992,
              20.208433525985846
            ],
            [
              73.80203239172745,
              20.208433525985846
            ],
            [
              73.80203239172745,
              20.208448624642433
            ],
            [
              73.80202702650992,
              20.208448624642433
            ]
          ]
        ]
      }
    },
    {
      "type": "Feature",
      "properties": {
        "area": 0.0,
        "crop": "Black Gram (Urd Beans)(Whole)"
      },
      "geometry": {
        "type": "Polygon",
        "coordinates": [
          [
            [
              73.80202166129239,
              20.208418427327793
            ],
            [
              73.80202166129239,
              20.208408361554948
            ],
            [
              73.80202702650992,
              20.208408361554948
            ],
            [
              73.80202702650992,
              20.208418427327793
            ],
            [
              73.80202166129239,
              20.208418427327793
            ]
          ]
        ]
      }
    },
    {
      "type": "Feature",
      "properties": {
        "area": 0.0,
        "crop": "Bhindi(Ladies Finger)"
      },
      "geometry": {
        "type": "Polygon",
        "coordinates": [
          [
            [
              73.80201629607487,
              20.20839829578144
            ],
            [
              73.80201629607487,
              20.208388230007294
            ],
            [
              73.80202166129239,
              20.208388230007294
            ],
            [
              73.80202166129239,
              20.20839829578144
            ],
            [
              73.80201629607487,
              20.20839829578144
            ]
          ]
        ]
      }
    },
    {
      "type": "Feature",
      "properties": {
        "area": 0.0,
        "crop": "Drumstick"
      },
      "geometry": {
        "type": "Polygon",
        "coordinates": [
          [
            [
              73.80201093085734,
              20.208378164232492
            ],
            [
              73.80201093085734,
              20.20837313134485
            ],
            [
              73.80201629607487,
              20.20837313134485
            ],
            [
              73.80201629607487,
              20.208378164232492
            ],
            [
              73.80201093085734,
              20.208378164232492
            ]
          ]
        ]
      }
    },
    {
      "type": "Feature",
      "properties": {
        "area": 0.0,
        "crop": "Bitter gourd"
      },
      "geometry": {
        "type": "Polygon",
        "coordinates": [
          [
            [
              73.80200020042227,
              20.208332868237832
            ],
            [
              73.80200020042227,
              20.208327835348726
            ],
            [
              73.80200556563982,
              20.208327835348726
            ],
            [
              73.80200556563982,
              20.208332868237832
            ],
            [
              73.80200020042227,
              20.208332868237832
            ]
          ]
        ]
      }
    },
    {
      "type": "Feature",
      "properties": {
        "area": 0.06,
        "crop": "Potato"
      },
      "geometry": {
        "type": "Polygon",
        "coordinates": [
          [
            [
              73.7961521133129,
              20.208478821951218
            ],
            [
              73.79624868722848,
              20.208463723297562
            ],
            [
              73.79624868722848,
              20.208312736680416
            ],
            [
              73.79614138287785,
              20.20834293401556
            ],
            [
              73.7961521133129,
              20.208478821951218
            ]
          ]
        ]
      }
    },
    {
      "type": "Feature",
      "properties": {
        "area": 0.0,
        "crop": "Onion"
      },
      "geometry": {
        "type": "Polygon",
        "coordinates": [
          [
            [
              73.80199483520474,
              20.208302670900736
            ],
            [
              73.80199483520474,
              20.208297638010645
            ],
            [
              73.80200020042227,
              20.208297638010645
            ],
            [
              73.80200020042227,
              20.208302670900736
            ],
            [
              73.80199483520474,
              20.208302670900736
            ]
          ]
        ]
      }
    },
    {
      "type": "Feature",
      "properties": {
        "area": 0.0,
        "crop": "Bengal Gram(Gram)(Whole)"
      },
      "geometry": {
        "type": "Polygon",
        "coordinates": [
          [
            [
              73.8019894699872,
              20.20828253933941
            ],
            [
              73.8019894699872,
              20.20827247355778
            ],
            [
              73.80199483520474,
              20.20827247355778
            ],
            [
              73.80199483520474,
              20.20828253933941
            ],
            [
              73.8019894699872,
              20.20828253933941
            ]
          ]
        ]
      }
    },
    {
      "type": "Feature",
      "properties": {
        "area": 0.0,
        "crop": "Grapes"
      },
      "geometry": {
        "type": "Polygon",
        "coordinates": [
          [
            [
              73.80198410476967,
              20.208267440666724
            ],
            [
              73.80198410476967,
              20.20824730910084
            ],
            [
              73.8019894699872,
              20.20824730910084
            ],
            [
              73.8019894699872,
              20.208267440666724
            ],
            [
              73.80198410476967,
              20.208267440666724
            ]
          ]
        ]
      }
    },
    {
      "type": "Feature",
      "properties": {
        "area": 0.74,
        "crop": "Maize"
      },
      "geometry": {
        "type": "Polygon",
        "coordinates": [
          [
            [
              73.80102909604905,
              20.209027405374165
            ],
            [
              73.8012919917081,
              20.20891668227022
            ],
            [
              73.80109884387696,
              20.20822214463983
            ],
            [
              73.8008144873478,
              20.208302670900736
            ],
            [
              73.80102909604905,
              20.209027405374165
            ]
          ]
        ]
      }
    },
    {
      "type": "Feature",
      "properties": {
        "area": 0.0,
        "crop": "Cauliflower"
      },
      "geometry": {
        "type": "Polygon",
        "coordinates": [
          [
            [
              73.80197873955214,
              20.20824730910084
            ],
            [
              73.80197873955214,
              20.208227177532354
            ],
            [
              73.80198410476967,
              20.208227177532354
            ],
            [
              73.80198410476967,
              20.20824730910084
            ],
            [
              73.80197873955214,
              20.20824730910084
            ]
          ]
        ]
      }
    },
    {
      "type": "Feature",
      "properties": {
        "area": 0.0,
        "crop": "Potato"
      },
      "geometry": {
        "type": "Polygon",
        "coordinates": [
          [
            [
              73.8019733743346,
              20.208227177532354
            ],
            [
              73.8019733743346,
              20.208212078854284
            ],
            [
              73.80197873955214,
              20.208212078854284
            ],
            [
              73.80197873955214,
              20.208227177532354
            ],
            [
              73.8019733743346,
              20.208227177532354
            ]
          ]
        ]
      }
    },
    {
      "type": "Feature",
      "properties": {
        "area": 0.23,
        "crop": "Groundnut"
      },
      "geometry": {
        "type": "Polygon",
        "coordinates": [
          [
            [
              73.79635062636157,
              20.208569413842415
            ],
            [
              73.79656523506281,
              20.208498953487155
            ],
            [
              73.79653840897518,
              20.208176848599773
            ],
            [
              73.79640427853688,
              20.20822214463983
            ],
            [
              73.79635062636157,
              20.208569413842415
            ]
          ]
        ]
      }
    },
    {
      "type": "Feature",
      "properties": {
        "area": 0.0,
        "crop": "Guava"
      },
      "geometry": {
        "type": "Polygon",
        "coordinates": [
          [
            [
              73.80196800911709,
              20.208212078854284
            ],
            [
              73.80196800911709,
              20.20819698017475
            ],
            [
              73.8019733743346,
              20.20819698017475
            ],
            [
              73.8019733743346,
              20.208212078854284
            ],
            [
              73.80196800911709,
              20.208212078854284
            ]
          ]
        ]
      }
    },
    {
      "type": "Feature",
      "properties": {
        "area": 0.0,
        "crop": "Amla(Nelli Kai)"
      },
      "geometry": {
        "type": "Polygon",
        "coordinates": [
          [
            [
              73.80196264389956,
              20.20819194728126
            ],
            [
              73.80196264389956,
              20.208181881493758
            ],
            [
              73.80196800911709,
              20.208181881493758
            ],
            [
              73.80196800911709,
              20.20819194728126
            ],
            [
              73.80196264389956,
              20.20819194728126
            ]
          ]
        ]
      }
    },
    {
      "type": "Feature",
      "properties": {
        "area": 0.0,
        "crop": "Mango"
      },
      "geometry": {
        "type": "Polygon",
        "coordinates": [
          [
            [
              73.801957278682,
              20.20817181570562
            ],
            [
              73.801957278682,
              20.20816174991682
            ],
            [
              73.80196264389956,
              20.20816174991682
            ],
            [
              73.80196264389956,
              20.20817181570562
            ],
            [
              73.801957278682,
              20.20817181570562
            ]
          ]
        ]
      }
    },
    {
      "type": "Feature",
      "properties": {
        "area": 0.0,
        "crop": "Bitter gourd"
      },
      "geometry": {
        "type": "Polygon",
        "coordinates": [
          [
            [
              73.80195191346448,
              20.20815168412737
            ],
            [
              73.80195191346448,
              20.208141618337276
            ],
            [
              73.801957278682,
              20.208141618337276
            ],
            [
              73.801957278682,
              20.20815168412737
            ],
            [
              73.80195191346448,
              20.20815168412737
            ]
          ]
        ]
      }
    },
    {
      "type": "Feature",
      "properties": {
        "area": 0.92,
        "crop": "Rice"
      },
      "geometry": {
        "type": "Polygon",
        "coordinates": [
          [
            [
              73.8016514612827,
              20.2088009262137
            ],
            [
              73.80206994825018,
              20.20872543308699
            ],
            [
              73.80191435694175,
              20.208121486755125
            ],
            [
              73.80150660040937,
              20.20820201306809
            ],
            [
              73.8016514612827,
              20.2088009262137
            ]
          ]
        ]
      }
    },
    {
      "type": "Feature",
      "properties": {
        "area": 0.27,
        "crop": "Green Gram (Moong)(Whole)"
      },
      "geometry": {
        "type": "Polygon",
        "coordinates": [
          [
            [
              73.79668326984853,
              20.208745564591027
            ],
            [
              73.79686032202707,
              20.20868013719338
            ],
            [
              73.7966618089784,
              20.208096322273782
            ],
            [
              73.79664034810827,
              20.208438558871546
            ],
            [
              73.79668326984853,
              20.208745564591027
            ]
          ]
        ]
      }
    },
    {
      "type": "Feature",
      "properties": {
        "area": 0.0,
        "crop": "Cucumbar(Kheera)"
      },
      "geometry": {
        "type": "Polygon",
        "coordinates": [
          [
            [
              73.80194654824696,
              20.208116453859184
            ],
            [
              73.80194654824696,
              20.2081063880668
            ],
            [
              73.80195191346448,
              20.2081063880668
            ],
            [
              73.80195191346448,
              20.208116453859184
            ],
            [
              73.80194654824696,
              20.208116453859184
            ]
          ]
        ]
      }
    },
    {
      "type": "Feature",
      "properties": {
        "area": 0.0,
        "crop": "Karbuja(Musk Melon)"
      },
      "geometry": {
        "type": "Polygon",
        "coordinates": [
          [
            [
              73.80194118302943,
              20.208101355170374
            ],
            [
              73.80194118302943,
              20.208091289377016
            ],
            [
              73.80194654824696,
              20.208091289377016
            ],
            [
              73.80194654824696,
              20.208101355170374
            ],
            [
              73.80194118302943,
              20.208101355170374
            ]
          ]
        ]
      }
    },
    {
      "type": "Feature",
      "properties": {
        "area": 0.98,
        "crop": "Jute"
      },
      "geometry": {
        "type": "Polygon",
        "coordinates": [
          [
            [
              73.79686032202707,
              20.208675104315503
            ],
            [
              73.7973270959523,
              20.208629808407252
            ],
            [
              73.79720906116661,
              20.208071157788357
            ],
            [
              73.79674228724139,
              20.208116453859184
            ],
            [
              73.79686032202707,
              20.208675104315503
            ]
          ]
        ]
      }
    },
    {
      "type": "Feature",
      "properties": {
        "area": 0.0,
        "crop": "Tender Coconut"
      },
      "geometry": {
        "type": "Polygon",
        "coordinates": [
          [
            [
              73.8019358178119,
              20.208086256480097
            ],
            [
              73.8019358178119,
              20.208076190685777
            ],
            [
              73.80194118302943,
              20.208076190685777
            ],
            [
              73.80194118302943,
              20.208086256480097
            ],
            [
              73.8019358178119,
              20.208086256480097
            ]
          ]
        ]
      }
    },
    {
      "type": "Feature",
      "properties": {
        "area": 0.0,
        "crop": "Bottle gourd"
      },
      "geometry": {
        "type": "Polygon",
        "coordinates": [
          [
            [
              73.80193045259436,
              20.208056059095153
            ],
            [
              73.80193045259436,
              20.2080510261971
            ],
            [
              73.8019358178119,
              20.2080510261971
            ],
            [
              73.8019358178119,
              20.208056059095153
            ],
            [
              73.80193045259436,
              20.208056059095153
            ]
          ]
        ]
      }
    },
    {
      "type": "Feature",
      "properties": {
        "area": 0.0,
        "crop": "Onion"
      },
      "geometry": {
        "type": "Polygon",
        "coordinates": [
          [
            [
              73.79631843505639,
              20.2080510261971
            ],
            [
              73.79631843505639,
              20.208045993298878
            ],
            [
              73.79632380027392,
              20.208045993298878
            ],
            [
              73.79632380027392,
              20.2080510261971
            ],
            [
              73.79631843505639,
              20.2080510261971
            ]
          ]
        ]
      }
    },
    {
      "type": "Feature",
      "properties": {
        "area": 1.43,
        "crop": "Bajra(Pearl Millet/Cumbu)"
      },
      "geometry": {
        "type": "Polygon",
        "coordinates": [
          [
            [
              73.79939806991948,
              20.208670071437464
            ],
            [
              73.80000433950053,
              20.20852915078617
            ],
            [
              73.7998594786272,
              20.208020828805324
            ],
            [
              73.79902250469226,
              20.20823221042472
            ],
            [
              73.79939806991948,
              20.208670071437464
            ]
          ]
        ]
      }
    },
    {
      "type": "Feature",
      "properties": {
        "area": 0.0,
        "crop": "Potato"
      },
      "geometry": {
        "type": "Polygon",
        "coordinates": [
          [
            [
              73.79633989592651,
              20.208045993298878
            ],
            [
              73.79633989592651,
              20.208040960400485
            ],
            [
              73.7963559915791,
              20.208040960400485
            ],
            [
              73.7963559915791,
              20.208045993298878
            ],
            [
              73.79633989592651,
              20.208045993298878
            ]
          ]
        ]
      }
    },
    {
      "type": "Feature",
      "properties": {
        "area": 0.0,
        "crop": "Grapes"
      },
      "geometry": {
        "type": "Polygon",
        "coordinates": [
          [
            [
              73.79636135679664,
              20.208040960400485
            ],
            [
              73.79636135679664,
              20.208035927501946
            ],
            [
              73.7963881828843,
              20.208035927501946
            ],
            [
              73.7963881828843,
              20.208040960400485
            ],
            [
              73.79636135679664,
              20.208040960400485
            ]
          ]
        ]
      }
    },
    {
      "type": "Feature",
      "properties": {
        "area": 0.0,
        "crop": "Bhindi(Ladies Finger)"
      },
      "geometry": {
        "type": "Polygon",
        "coordinates": [
          [
            [
              73.80192508737683,
              20.20803089460324
            ],
            [
              73.80192508737683,
              20.208025861704364
            ],
            [
              73.80193045259436,
              20.208025861704364
            ],
            [
              73.80193045259436,
              20.20803089460324
            ],
            [
              73.80192508737683,
              20.20803089460324
            ]
          ]
        ]
      }
    },
    {
      "type": "Feature",
      "properties": {
        "area": 0.0,
        "crop": "Black Gram (Urd Beans)(Whole)"
      },
      "geometry": {
        "type": "Polygon",
        "coordinates": [
          [
            [
              73.8019197221593,
              20.20801076300676
            ],
            [
              73.8019197221593,
              20.208005730107246
            ],
            [
              73.80192508737683,
              20.208005730107246
            ],
            [
              73.80192508737683,
              20.20801076300676
            ],
            [
              73.8019197221593,
              20.20801076300676
            ]
          ]
        ]
      }
    },
    {
      "type": "Feature",
      "properties": {
        "area": 0.0,
        "crop": "Karbuja(Musk Melon)"
      },
      "geometry": {
        "type": "Polygon",
        "coordinates": [
          [
            [
              73.7963881828843,
              20.208035927501946
            ],
            [
              73.79647402636479,
              20.20801579590612
            ],
            [
              73.79650085245247,
              20.207990631407693
            ],
            [
              73.7964901220174,
              20.208020828805324
            ],
            [
              73.7963881828843,
              20.208035927501946
            ]
          ]
        ]
      }
    },
    {
      "type": "Feature",
      "properties": {
        "area": 0.0,
        "crop": "Guava"
      },
      "geometry": {
        "type": "Polygon",
        "coordinates": [
          [
            [
              73.80191435694175,
              20.20800069720756
            ],
            [
              73.80191435694175,
              20.207990631407693
            ],
            [
              73.8019197221593,
              20.207990631407693
            ],
            [
              73.8019197221593,
              20.20800069720756
            ],
            [
              73.80191435694175,
              20.20800069720756
            ]
          ]
        ]
      }
    },
    {
      "type": "Feature",
      "properties": {
        "area": 0.0,
        "crop": "Beetroot"
      },
      "geometry": {
        "type": "Polygon",
        "coordinates": [
          [
            [
              73.80190899172423,
              20.20798559850751
            ],
            [
              73.80190899172423,
              20.207975532706676
            ],
            [
              73.80191435694175,
              20.207975532706676
            ],
            [
              73.80191435694175,
              20.20798559850751
            ],
            [
              73.80190899172423,
              20.20798559850751
            ]
          ]
        ]
      }
    },
    {
      "type": "Feature",
      "properties": {
        "area": 1.08,
        "crop": "Jowar(Sorghum)"
      },
      "geometry": {
        "type": "Polygon",
        "coordinates": [
          [
            [
              73.80129735692563,
              20.208921715140285
            ],
            [
              73.80160317432494,
              20.20883112345414
            ],
            [
              73.80137783518862,
              20.20792520369272
            ],
            [
              73.80106665257179,
              20.20800069720756
            ],
            [
              73.80129735692563,
              20.208921715140285
            ]
          ]
        ]
      }
    },
    {
      "type": "Feature",
      "properties": {
        "area": 0.0,
        "crop": "Bhindi(Ladies Finger)"
      },
      "geometry": {
        "type": "Polygon",
        "coordinates": [
          [
            [
              73.80190362650669,
              20.207970499806013
            ],
            [
              73.80190362650669,
              20.20795540110306
            ],
            [
              73.80190899172423,
              20.20795540110306
            ],
            [
              73.80190899172423,
              20.207970499806013
            ],
            [
              73.80190362650669,
              20.207970499806013
            ]
          ]
        ]
      }
    },
    {
      "type": "Feature",
      "properties": {
        "area": 0.0,
        "crop": "Lime"
      },
      "geometry": {
        "type": "Polygon",
        "coordinates": [
          [
            [
              73.80189826128915,
              20.20793526949681
            ],
            [
              73.80189826128915,
              20.20792520369272
            ],
            [
              73.80190362650669,
              20.20792520369272
            ],
            [
              73.80190362650669,
              20.20793526949681
            ],
            [
              73.80189826128915,
              20.20793526949681
            ]
          ]
        ]
      }
    },
    {
      "type": "Feature",
      "properties": {
        "area": 0.07,
        "crop": "Grapes"
      },
      "geometry": {
        "type": "Polygon",
        "coordinates": [
          [
            [
              73.79670473071864,
              20.208056059095153
            ],
            [
              73.79675301767644,
              20.207910104985356
            ],
            [
              73.79664034810827,
              20.20790003917964
            ],
            [
              73.79661888723815,
              20.208040960400485
            ],
            [
              73.79670473071864,
              20.208056059095153
            ]
          ]
        ]
      }
    },
    {
      "type": "Feature",
      "properties": {
        "area": 1.21,
        "crop": "Jute"
      },
      "geometry": {
        "type": "Polygon",
        "coordinates": [
          [
            [
              73.79856109598455,
              20.208810991961172
            ],
            [
              73.79912444382538,
              20.20862477552774
            ],
            [
              73.79881862642608,
              20.20837313134485
            ],
            [
              73.79867913077025,
              20.207910104985356
            ],
            [
              73.79840550467615,
              20.207995664307706
            ],
            [
              73.79856109598455,
              20.208810991961172
            ]
          ]
        ]
      }
    },
    {
      "type": "Feature",
      "properties": {
        "area": 0.31,
        "crop": "Castor Seed"
      },
      "geometry": {
        "type": "Polygon",
        "coordinates": [
          [
            [
              73.7989098351241,
              20.208207045961277
            ],
            [
              73.79922638295847,
              20.20813658544198
            ],
            [
              73.79920492208836,
              20.20792520369272
            ],
            [
              73.79884545251373,
              20.207970499806013
            ],
            [
              73.7989098351241,
              20.208207045961277
            ]
          ]
        ]
      }
    },
    {
      "type": "Feature",
      "properties": {
        "area": 0.0,
        "crop": "Karbuja(Musk Melon)"
      },
      "geometry": {
        "type": "Polygon",
        "coordinates": [
          [
            [
              73.79650085245247,
              20.207990631407693
            ],
            [
              73.79650621766999,
              20.207990631407693
            ],
            [
              73.79650621766999,
              20.20788494046984
            ],
            [
              73.79649548723494,
              20.20793526949681
            ],
            [
              73.79650085245247,
              20.207990631407693
            ]
          ]
        ]
      }
    },
    {
      "type": "Feature",
      "properties": {
        "area": 0.0,
        "crop": "Arhar (Tur/Red Gram)(Whole)"
      },
      "geometry": {
        "type": "Polygon",
        "coordinates": [
          [
            [
              73.80189289607164,
              20.20790003917964
            ],
            [
              73.80189289607164,
              20.20789500627654
            ],
            [
              73.80189826128915,
              20.20789500627654
            ],
            [
              73.80189826128915,
              20.20790003917964
            ],
            [
              73.80189289607164,
              20.20790003917964
            ]
          ]
        ]
      }
    },
    {
      "type": "Feature",
      "properties": {
        "area": 0.25,
        "crop": "Maize"
      },
      "geometry": {
        "type": "Polygon",
        "coordinates": [
          [
            [
              73.79682276550436,
              20.208071157788357
            ],
            [
              73.79719296551401,
              20.208045993298878
            ],
            [
              73.7971715046439,
              20.207869841758576
            ],
            [
              73.7967959394167,
              20.20789500627654
            ],
            [
              73.79682276550436,
              20.208071157788357
            ]
          ]
        ]
      }
    },
    {
      "type": "Feature",
      "properties": {
        "area": 0.0,
        "crop": "Tomato"
      },
      "geometry": {
        "type": "Polygon",
        "coordinates": [
          [
            [
              73.80188753085412,
              20.207879907566248
            ],
            [
              73.80188753085412,
              20.207874874662497
            ],
            [
              73.80189289607164,
              20.207874874662497
            ],
            [
              73.80189289607164,
              20.207879907566248
            ],
            [
              73.80188753085412,
              20.207879907566248
            ]
          ]
        ]
      }
    },
    {
      "type": "Feature",
      "properties": {
        "area": 1.61,
        "crop": "Jute"
      },
      "geometry": {
        "type": "Polygon",
        "coordinates": [
          [
            [
              73.8001492003739,
              20.208670071437464
            ],
            [
              73.80078229604263,
              20.208519085020473
            ],
            [
              73.80056232212381,
              20.207839644331653
            ],
            [
              73.79996141776029,
              20.207990631407693
            ],
            [
              73.8001492003739,
              20.208670071437464
            ]
          ]
        ]
      }
    },
    {
      "type": "Feature",
      "properties": {
        "area": 0.89,
        "crop": "Jute"
      },
      "geometry": {
        "type": "Polygon",
        "coordinates": [
          [
            [
              73.79739147856269,
              20.20861974264808
            ],
            [
              73.79767583509185,
              20.208579479604843
            ],
            [
              73.79755243508862,
              20.207814479804746
            ],
            [
              73.79719296551401,
              20.20788494046984
            ],
            [
              73.79739147856269,
              20.20861974264808
            ]
          ]
        ]
      }
    },
    {
      "type": "Feature",
      "properties": {
        "area": 0.29,
        "crop": "Green Gram (Moong)(Whole)"
      },
      "geometry": {
        "type": "Polygon",
        "coordinates": [
          [
            [
              73.79929076556884,
              20.2081265196509
            ],
            [
              73.79962340905581,
              20.208045993298878
            ],
            [
              73.7995912177506,
              20.207859775950247
            ],
            [
              73.7992478438286,
              20.207869841758576
            ],
            [
              73.79929076556884,
              20.2081265196509
            ]
          ]
        ]
      }
    },
    {
      "type": "Feature",
      "properties": {
        "area": 0.44,
        "crop": "Groundnut"
      },
      "geometry": {
        "type": "Polygon",
        "coordinates": [
          [
            [
              73.80083594821794,
              20.20827247355778
            ],
            [
              73.80108811344192,
              20.208227177532354
            ],
            [
              73.8010022699614,
              20.207829578521373
            ],
            [
              73.80068572212704,
              20.207854743045836
            ],
            [
              73.80083594821794,
              20.20827247355778
            ]
          ]
        ]
      }
    },
    {
      "type": "Feature",
      "properties": {
        "area": 1.11,
        "crop": "Maize"
      },
      "geometry": {
        "type": "Polygon",
        "coordinates": [
          [
            [
              73.79769729596198,
              20.20859457824728
            ],
            [
              73.79809968727687,
              20.208539216551202
            ],
            [
              73.79793336553337,
              20.207769183646057
            ],
            [
              73.79757389595875,
              20.207829578521373
            ],
            [
              73.79769729596198,
              20.20859457824728
            ]
          ]
        ]
      }
    },
    {
      "type": "Feature",
      "properties": {
        "area": 0.01,
        "crop": "Bitter gourd"
      },
      "geometry": {
        "type": "Polygon",
        "coordinates": [
          [
            [
              73.79583020026102,
              20.207844677236547
            ],
            [
              73.79587312200128,
              20.207814479804746
            ],
            [
              73.79604480896228,
              20.207779249460234
            ],
            [
              73.79586775678374,
              20.20782454561599
            ],
            [
              73.79583020026102,
              20.207844677236547
            ]
          ]
        ]
      }
    },
    {
      "type": "Feature",
      "properties": {
        "area": 0.0,
        "crop": "Tender Coconut"
      },
      "geometry": {
        "type": "Polygon",
        "coordinates": [
          [
            [
              73.79649548723494,
              20.207879907566248
            ],
            [
              73.79650085245247,
              20.20782454561599
            ],
            [
              73.7964901220174,
              20.207799381086648
            ],
            [
              73.79649548723494,
              20.207829578521373
            ],
            [
              73.79649548723494,
              20.207879907566248
            ]
          ]
        ]
      }
    },
    {
      "type": "Feature",
      "properties": {
        "area": 0.0,
        "crop": "Grapes"
      },
      "geometry": {
        "type": "Polygon",
        "coordinates": [
          [
            [
              73.80289619175004,
              20.207799381086648
            ],
            [
              73.80289619175004,
              20.207794348180283
            ],
            [
              73.80290155696757,
              20.207794348180283
            ],
            [
              73.80290155696757,
              20.207799381086648
            ],
            [
              73.80289619175004,
              20.207799381086648
            ]
          ]
        ]
      }
    },
    {
      "type": "Feature",
      "properties": {
        "area": 0.0,
        "crop": "Drumstick"
      },
      "geometry": {
        "type": "Polygon",
        "coordinates": [
          [
            [
              73.79604480896228,
              20.207779249460234
            ],
            [
              73.79604480896228,
              20.20777421655323
            ],
            [
              73.79607163504994,
              20.20777421655323
            ],
            [
              73.79607163504994,
              20.207779249460234
            ],
            [
              73.79604480896228,
              20.207779249460234
            ]
          ]
        ]
      }
    },
    {
      "type": "Feature",
      "properties": {
        "area": 0.0,
        "crop": "Cauliflower"
      },
      "geometry": {
        "type": "Polygon",
        "coordinates": [
          [
            [
              73.7964901220174,
              20.207794348180283
            ],
            [
              73.7964901220174,
              20.207754084923558
            ],
            [
              73.79649548723494,
              20.207754084923558
            ],
            [
              73.79649548723494,
              20.207794348180283
            ],
            [
              73.7964901220174,
              20.207794348180283
            ]
          ]
        ]
      }
    },
    {
      "type": "Feature",
      "properties": {
        "area": 0.0,
        "crop": "Mango"
      },
      "geometry": {
        "type": "Polygon",
        "coordinates": [
          [
            [
              73.79607163504994,
              20.20777421655323
            ],
            [
              73.79610382635512,
              20.207759117831216
            ],
            [
              73.79613065244278,
              20.207759117831216
            ],
            [
              73.79609309592006,
              20.20777421655323
            ],
            [
              73.79607163504994,
              20.20777421655323
            ]
          ]
        ]
      }
    },
    {
      "type": "Feature",
      "properties": {
        "area": 0.0,
        "crop": "Cabbage"
      },
      "geometry": {
        "type": "Polygon",
        "coordinates": [
          [
            [
              73.79613065244278,
              20.207759117831216
            ],
            [
              73.79613065244278,
              20.207754084923558
            ],
            [
              73.7961521133129,
              20.207754084923558
            ],
            [
              73.7961521133129,
              20.207759117831216
            ],
            [
              73.79613065244278,
              20.207759117831216
            ]
          ]
        ]
      }
    },
    {
      "type": "Feature",
      "properties": {
        "area": 0.0,
        "crop": "Pomegranate"
      },
      "geometry": {
        "type": "Polygon",
        "coordinates": [
          [
            [
              73.80185533954892,
              20.207759117831216
            ],
            [
              73.80185533954892,
              20.207749052015735
            ],
            [
              73.80186070476644,
              20.207749052015735
            ],
            [
              73.80186070476644,
              20.207759117831216
            ],
            [
              73.80185533954892,
              20.207759117831216
            ]
          ]
        ]
      }
    },
    {
      "type": "Feature",
      "properties": {
        "area": 0.0,
        "crop": "Carrot"
      },
      "geometry": {
        "type": "Polygon",
        "coordinates": [
          [
            [
              73.79615747853046,
              20.207754084923558
            ],
            [
              73.79615747853046,
              20.207749052015735
            ],
            [
              73.7961843046181,
              20.207749052015735
            ],
            [
              73.7961843046181,
              20.207754084923558
            ],
            [
              73.79615747853046,
              20.207754084923558
            ]
          ]
        ]
      }
    },
    {
      "type": "Feature",
      "properties": {
        "area": 0.0,
        "crop": "Potato"
      },
      "geometry": {
        "type": "Polygon",
        "coordinates": [
          [
            [
              73.7961843046181,
              20.207749052015735
            ],
            [
              73.79622722635834,
              20.20773395329128
            ],
            [
              73.79624868722848,
              20.20773395329128
            ],
            [
              73.79623259157589,
              20.207744019107746
            ],
            [
              73.7961843046181,
              20.207749052015735
            ]
          ]
        ]
      }
    },
    {
      "type": "Feature",
      "properties": {
        "area": 0.0,
        "crop": "Tomato"
      },
      "geometry": {
        "type": "Polygon",
        "coordinates": [
          [
            [
              73.79624868722848,
              20.20773395329128
            ],
            [
              73.79624868722848,
              20.20772892038281
            ],
            [
              73.7962701480986,
              20.20772892038281
            ],
            [
              73.7962701480986,
              20.20773395329128
            ],
            [
              73.79624868722848,
              20.20773395329128
            ]
          ]
        ]
      }
    },
    {
      "type": "Feature",
      "properties": {
        "area": 0.0,
        "crop": "Tomato"
      },
      "geometry": {
        "type": "Polygon",
        "coordinates": [
          [
            [
              73.79627551331612,
              20.20772892038281
            ],
            [
              73.79627551331612,
              20.20772388747417
            ],
            [
              73.79629160896873,
              20.20772388747417
            ],
            [
              73.79629160896873,
              20.20772892038281
            ],
            [
              73.79627551331612,
              20.20772892038281
            ]
          ]
        ]
      }
    },
    {
      "type": "Feature",
      "properties": {
        "area": 1.18,
        "crop": "Jute"
      },
      "geometry": {
        "type": "Polygon",
        "coordinates": [
          [
            [
              73.79587312200128,
              20.20851405213739
            ],
            [
              73.79611992200773,
              20.208463723297562
            ],
            [
              73.79629160896873,
              20.208066124890784
            ],
            [
              73.79649548723494,
              20.20800069720756
            ],
            [
              73.79646866114726,
              20.20772892038281
            ],
            [
              73.79583020026102,
              20.207844677236547
            ],
            [
              73.79587312200128,
              20.20851405213739
            ]
          ]
        ]
      }
    },
    {
      "type": "Feature",
      "properties": {
        "area": 1.69,
        "crop": "Rice"
      },
      "geometry": {
        "type": "Polygon",
        "coordinates": [
          [
            [
              73.79835721771835,
              20.20930924564696
            ],
            [
              73.79861474815988,
              20.209153226987578
            ],
            [
              73.7982445481502,
              20.207693690018942
            ],
            [
              73.79804066988399,
              20.20795036820174
            ],
            [
              73.79835721771835,
              20.20930924564696
            ]
          ]
        ]
      }
    },
    {
      "type": "Feature",
      "properties": {
        "area": 0.0,
        "crop": "Mango (Raw-Ripe)"
      },
      "geometry": {
        "type": "Polygon",
        "coordinates": [
          [
            [
              73.80184997433139,
              20.20772892038281
            ],
            [
              73.80184997433139,
              20.207718854565382
            ],
            [
              73.80185533954892,
              20.207718854565382
            ],
            [
              73.80185533954892,
              20.20772892038281
            ],
            [
              73.80184997433139,
              20.20772892038281
            ]
          ]
        ]
      }
    },
    {
      "type": "Feature",
      "properties": {
        "area": 0.0,
        "crop": "Brinjal"
      },
      "geometry": {
        "type": "Polygon",
        "coordinates": [
          [
            [
              73.7963023394038,
              20.20772388747417
            ],
            [
              73.7963023394038,
              20.207718854565382
            ],
            [
              73.79631843505639,
              20.207718854565382
            ],
            [
              73.79631843505639,
              20.20772388747417
            ],
            [
              73.7963023394038,
              20.20772388747417
            ]
          ]
        ]
      }
    },
    {
      "type": "Feature",
      "properties": {
        "area": 0.0,
        "crop": "Grapes"
      },
      "geometry": {
        "type": "Polygon",
        "coordinates": [
          [
            [
              73.79648475679986,
              20.207754084923558
            ],
            [
              73.7964901220174,
              20.20773898619959
            ],
            [
              73.79647939158234,
              20.20772388747417
            ],
            [
              73.79644720027714,
              20.207718854565382
            ],
            [
              73.79648475679986,
              20.207754084923558
            ]
          ]
        ]
      }
    },
    {
      "type": "Feature",
      "properties": {
        "area": 0.0,
        "crop": "Peas Wet"
      },
      "geometry": {
        "type": "Polygon",
        "coordinates": [
          [
            [
              73.79632380027392,
              20.207718854565382
            ],
            [
              73.79632380027392,
              20.20771382165641
            ],
            [
              73.79636672201418,
              20.20771382165641
            ],
            [
              73.79636672201418,
              20.207718854565382
            ],
            [
              73.79632380027392,
              20.207718854565382
            ]
          ]
        ]
      }
    },
    {
      "type": "Feature",
      "properties": {
        "area": 0.0,
        "crop": "Grapes"
      },
      "geometry": {
        "type": "Polygon",
        "coordinates": [
          [
            [
              73.79642573940703,
              20.207718854565382
            ],
            [
              73.79642573940703,
              20.20771382165641
            ],
            [
              73.79644183505962,
              20.20771382165641
            ],
            [
              73.79644183505962,
              20.207718854565382
            ],
            [
              73.79642573940703,
              20.207718854565382
            ]
          ]
        ]
      }
    },
    {
      "type": "Feature",
      "properties": {
        "area": 0.0,
        "crop": "Bhindi(Ladies Finger)"
      },
      "geometry": {
        "type": "Polygon",
        "coordinates": [
          [
            [
              73.80184460911384,
              20.207708788747286
            ],
            [
              73.80184460911384,
              20.207693690018942
            ],
            [
              73.80184997433139,
              20.207693690018942
            ],
            [
              73.80184997433139,
              20.207708788747286
            ],
            [
              73.80184460911384,
              20.207708788747286
            ]
          ]
        ]
      }
    },
    {
      "type": "Feature",
      "properties": {
        "area": 0.21,
        "crop": "Beetroot"
      },
      "geometry": {
        "type": "Polygon",
        "coordinates": [
          [
            [
              73.80106665257179,
              20.207970499806013
            ],
            [
              73.80138320040615,
              20.20789500627654
            ],
            [
              73.80130272214316,
              20.207663492557842
            ],
            [
              73.80103446126661,
              20.207819512710444
            ],
            [
              73.80106665257179,
              20.207970499806013
            ]
          ]
        ]
      }
    },
    {
      "type": "Feature",
      "properties": {
        "area": 0.28,
        "crop": "Castor Seed"
      },
      "geometry": {
        "type": "Polygon",
        "coordinates": [
          [
            [
              73.79838404380602,
              20.20793526949681
            ],
            [
              73.79870059164038,
              20.207859775950247
            ],
            [
              73.79866840033519,
              20.207653426736172
            ],
            [
              73.79833575684822,
              20.207693690018942
            ],
            [
              73.79838404380602,
              20.20793526949681
            ]
          ]
        ]
      }
    },
    {
      "type": "Feature",
      "properties": {
        "area": 0.08,
        "crop": "Ridgeguard(Tori)"
      },
      "geometry": {
        "type": "Polygon",
        "coordinates": [
          [
            [
              73.79663498289075,
              20.207874874662497
            ],
            [
              73.79673155680631,
              20.207854743045836
            ],
            [
              73.79670473071864,
              20.207673558378858
            ],
            [
              73.79659206115049,
              20.207698722928548
            ],
            [
              73.79663498289075,
              20.207874874662497
            ]
          ]
        ]
      }
    },
    {
      "type": "Feature",
      "properties": {
        "area": 0.0,
        "crop": "Peas Wet"
      },
      "geometry": {
        "type": "Polygon",
        "coordinates": [
          [
            [
              73.80183924389632,
              20.20768362419922
            ],
            [
              73.80183924389632,
              20.207668525468435
            ],
            [
              73.80184460911384,
              20.207668525468435
            ],
            [
              73.80184460911384,
              20.20768362419922
            ],
            [
              73.80183924389632,
              20.20768362419922
            ]
          ]
        ]
      }
    },
    {
      "type": "Feature",
      "properties": {
        "area": 0.0,
        "crop": "Chikoos(Sapota)"
      },
      "geometry": {
        "type": "Polygon",
        "coordinates": [
          [
            [
              73.8018338786788,
              20.20765845964709
            ],
            [
              73.8018338786788,
              20.207648393825085
            ],
            [
              73.80183924389632,
              20.207648393825085
            ],
            [
              73.80183924389632,
              20.20765845964709
            ],
            [
              73.8018338786788,
              20.20765845964709
            ]
          ]
        ]
      }
    },
    {
      "type": "Feature",
      "properties": {
        "area": 0.05,
        "crop": "Apple"
      },
      "geometry": {
        "type": "Polygon",
        "coordinates": [
          [
            [
              73.80094861778609,
              20.20773395329128
            ],
            [
              73.80108274822439,
              20.20772892038281
            ],
            [
              73.80108811344192,
              20.207643360913845
            ],
            [
              73.80093788735103,
              20.207663492557842
            ],
            [
              73.80094861778609,
              20.20773395329128
            ]
          ]
        ]
      }
    },
    {
      "type": "Feature",
      "properties": {
        "area": 0.05,
        "crop": "Bitter gourd"
      },
      "geometry": {
        "type": "Polygon",
        "coordinates": [
          [
            [
              73.80288009609743,
              20.207769183646057
            ],
            [
              73.80296057436041,
              20.20772892038281
            ],
            [
              73.80290692218509,
              20.207608130530616
            ],
            [
              73.80284253957474,
              20.207633295090883
            ],
            [
              73.80288009609743,
              20.207769183646057
            ]
          ]
        ]
      }
    },
    {
      "type": "Feature",
      "properties": {
        "area": 0.0,
        "crop": "Water Melon"
      },
      "geometry": {
        "type": "Polygon",
        "coordinates": [
          [
            [
              73.80182851346125,
              20.207638328002446
            ],
            [
              73.80182851346125,
              20.207633295090883
            ],
            [
              73.8018338786788,
              20.207633295090883
            ],
            [
              73.8018338786788,
              20.207638328002446
            ],
            [
              73.80182851346125,
              20.207638328002446
            ]
          ]
        ]
      }
    },
    {
      "type": "Feature",
      "properties": {
        "area": 0.0,
        "crop": "Sweet Potato"
      },
      "geometry": {
        "type": "Polygon",
        "coordinates": [
          [
            [
              73.80182314824373,
              20.207613163442993
            ],
            [
              73.80182314824373,
              20.207608130530616
            ],
            [
              73.80182851346125,
              20.207608130530616
            ],
            [
              73.80182851346125,
              20.207613163442993
            ],
            [
              73.80182314824373,
              20.207613163442993
            ]
          ]
        ]
      }
    },
    {
      "type": "Feature",
      "properties": {
        "area": 2.91,
        "crop": "Bajra(Pearl Millet/Cumbu)"
      },
      "geometry": {
        "type": "Polygon",
        "coordinates": [
          [
            [
              73.80313226132141,
              20.20869523582605
            ],
            [
              73.80381900916545,
              20.20862477552774
            ],
            [
              73.80380827873039,
              20.2075729001394
            ],
            [
              73.80297130479548,
              20.20768362419922
            ],
            [
              73.80313226132141,
              20.20869523582605
            ]
          ]
        ]
      }
    },
    {
      "type": "Feature",
      "properties": {
        "area": 0.0,
        "crop": "Cucumbar(Kheera)"
      },
      "geometry": {
        "type": "Polygon",
        "coordinates": [
          [
            [
              73.80181241780868,
              20.207562834311876
            ],
            [
              73.80181241780868,
              20.207557801397872
            ],
            [
              73.8018177830262,
              20.207557801397872
            ],
            [
              73.8018177830262,
              20.207562834311876
            ],
            [
              73.80181241780868,
              20.207562834311876
            ]
          ]
        ]
      }
    },
    {
      "type": "Feature",
      "properties": {
        "area": 0.0,
        "crop": "Onion"
      },
      "geometry": {
        "type": "Polygon",
        "coordinates": [
          [
            [
              73.80132954823084,
              20.207527603910403
            ],
            [
              73.80132954823084,
              20.20752257099525
            ],
            [
              73.80134027866589,
              20.20752257099525
            ],
            [
              73.80134027866589,
              20.207527603910403
            ],
            [
              73.80132954823084,
              20.207527603910403
            ]
          ]
        ]
      }
    },
    {
      "type": "Feature",
      "properties": {
        "area": 0.84,
        "crop": "Bajra(Pearl Millet/Cumbu)"
      },
      "geometry": {
        "type": "Polygon",
        "coordinates": [
          [
            [
              73.80150123519184,
              20.20816174991682
            ],
            [
              73.80190899172423,
              20.208076190685777
            ],
            [
              73.80175876563335,
              20.20752257099525
            ],
            [
              73.80135637431849,
              20.207663492557842
            ],
            [
              73.80150123519184,
              20.20816174991682
            ]
          ]
        ]
      }
    },
    {
      "type": "Feature",
      "properties": {
        "area": 0.0,
        "crop": "Black Gram (Urd Beans)(Whole)"
      },
      "geometry": {
        "type": "Polygon",
        "coordinates": [
          [
            [
              73.80136710475354,
              20.20752257099525
            ],
            [
              73.80136710475354,
              20.20751753807995
            ],
            [
              73.80137783518862,
              20.20751753807995
            ],
            [
              73.80137783518862,
              20.20752257099525
            ],
            [
              73.80136710475354,
              20.20752257099525
            ]
          ]
        ]
      }
    },
    {
      "type": "Feature",
      "properties": {
        "area": 0.0,
        "crop": "Tomato"
      },
      "geometry": {
        "type": "Polygon",
        "coordinates": [
          [
            [
              73.80138320040615,
              20.20751753807995
            ],
            [
              73.80138320040615,
              20.207512505164487
            ],
            [
              73.80139393084121,
              20.207512505164487
            ],
            [
              73.80139393084121,
              20.20751753807995
            ],
            [
              73.80138320040615,
              20.20751753807995
            ]
          ]
        ]
      }
    },
    {
      "type": "Feature",
      "properties": {
        "area": 0.0,
        "crop": "Pomegranate"
      },
      "geometry": {
        "type": "Polygon",
        "coordinates": [
          [
            [
              73.80139929605873,
              20.207512505164487
            ],
            [
              73.80139929605873,
              20.207507472248853
            ],
            [
              73.8014100264938,
              20.207507472248853
            ],
            [
              73.8014100264938,
              20.207512505164487
            ],
            [
              73.80139929605873,
              20.207512505164487
            ]
          ]
        ]
      }
    },
    {
      "type": "Feature",
      "properties": {
        "area": 0.0,
        "crop": "Karbuja(Musk Melon)"
      },
      "geometry": {
        "type": "Polygon",
        "coordinates": [
          [
            [
              73.8014100264938,
              20.207507472248853
            ],
            [
              73.8014100264938,
              20.207502439333055
            ],
            [
              73.80142075692885,
              20.207502439333055
            ],
            [
              73.80142075692885,
              20.207507472248853
            ],
            [
              73.8014100264938,
              20.207507472248853
            ]
          ]
        ]
      }
    },
    {
      "type": "Feature",
      "properties": {
        "area": 0.0,
        "crop": "Pomegranate"
      },
      "geometry": {
        "type": "Polygon",
        "coordinates": [
          [
            [
              73.80142075692885,
              20.207502439333055
            ],
            [
              73.80142075692885,
              20.20749740641709
            ],
            [
              73.80143148736393,
              20.20749740641709
            ],
            [
              73.80143148736393,
              20.207502439333055
            ],
            [
              73.80142075692885,
              20.207502439333055
            ]
          ]
        ]
      }
    },
    {
      "type": "Feature",
      "properties": {
        "area": 0.0,
        "crop": "Bhindi(Ladies Finger)"
      },
      "geometry": {
        "type": "Polygon",
        "coordinates": [
          [
            [
              73.80143685258145,
              20.20749740641709
            ],
            [
              73.80143685258145,
              20.20749237350097
            ],
            [
              73.80144758301653,
              20.20749237350097
            ],
            [
              73.80144758301653,
              20.20749740641709
            ],
            [
              73.80143685258145,
              20.20749740641709
            ]
          ]
        ]
      }
    },
    {
      "type": "Feature",
      "properties": {
        "area": 0.0,
        "crop": "Cucumbar(Kheera)"
      },
      "geometry": {
        "type": "Polygon",
        "coordinates": [
          [
            [
              73.80145831345159,
              20.20749237350097
            ],
            [
              73.80145831345159,
              20.207487340584677
            ],
            [
              73.80147440910417,
              20.207487340584677
            ],
            [
              73.80147440910417,
              20.20749237350097
            ],
            [
              73.80145831345159,
              20.20749237350097
            ]
          ]
        ]
      }
    },
    {
      "type": "Feature",
      "properties": {
        "area": 0.0,
        "crop": "Pomegranate"
      },
      "geometry": {
        "type": "Polygon",
        "coordinates": [
          [
            [
              73.80149050475677,
              20.20749237350097
            ],
            [
              73.80149050475677,
              20.207487340584677
            ],
            [
              73.80150123519184,
              20.207487340584677
            ],
            [
              73.80150123519184,
              20.20749237350097
            ],
            [
              73.80149050475677,
              20.20749237350097
            ]
          ]
        ]
      }
    },
    {
      "type": "Feature",
      "properties": {
        "area": 0.0,
        "crop": "Beans"
      },
      "geometry": {
        "type": "Polygon",
        "coordinates": [
          [
            [
              73.80150660040937,
              20.207487340584677
            ],
            [
              73.80150660040937,
              20.207482307668243
            ],
            [
              73.80151733084443,
              20.207482307668243
            ],
            [
              73.80151733084443,
              20.207487340584677
            ],
            [
              73.80150660040937,
              20.207487340584677
            ]
          ]
        ]
      }
    },
    {
      "type": "Feature",
      "properties": {
        "area": 0.63,
        "crop": "Safflower"
      },
      "geometry": {
        "type": "Polygon",
        "coordinates": [
          [
            [
              73.79682276550436,
              20.207844677236547
            ],
            [
              73.7972895394296,
              20.207769183646057
            ],
            [
              73.79723052203674,
              20.20742191265817
            ],
            [
              73.79675838289396,
              20.207477274751625
            ],
            [
              73.79682276550436,
              20.207844677236547
            ]
          ]
        ]
      }
    },
    {
      "type": "Feature",
      "properties": {
        "area": 0.02,
        "crop": "Beans"
      },
      "geometry": {
        "type": "Polygon",
        "coordinates": [
          [
            [
              73.80172657432816,
              20.207512505164487
            ],
            [
              73.80178022650347,
              20.207487340584677
            ],
            [
              73.80174266998075,
              20.2074168797396
            ],
            [
              73.80169438302298,
              20.207447077248553
            ],
            [
              73.80172657432816,
              20.207512505164487
            ]
          ]
        ]
      }
    },
    {
      "type": "Feature",
      "properties": {
        "area": 0.0,
        "crop": "Drumstick"
      },
      "geometry": {
        "type": "Polygon",
        "coordinates": [
          [
            [
              73.80160317432494,
              20.20745714308356
            ],
            [
              73.80166219171778,
              20.207437011412885
            ],
            [
              73.80168365258791,
              20.207437011412885
            ],
            [
              73.80164609606518,
              20.20745714308356
            ],
            [
              73.80160317432494,
              20.20745714308356
            ]
          ]
        ]
      }
    },
    {
      "type": "Feature",
      "properties": {
        "area": 0.0,
        "crop": "Karbuja(Musk Melon)"
      },
      "geometry": {
        "type": "Polygon",
        "coordinates": [
          [
            [
              73.80168365258791,
              20.207437011412885
            ],
            [
              73.80168365258791,
              20.207431978494814
            ],
            [
              73.80169438302298,
              20.207431978494814
            ],
            [
              73.80169438302298,
              20.207437011412885
            ],
            [
              73.80168365258791,
              20.207437011412885
            ]
          ]
        ]
      }
    },
    {
      "type": "Feature",
      "properties": {
        "area": 0.0,
        "crop": "Orange"
      },
      "geometry": {
        "type": "Polygon",
        "coordinates": [
          [
            [
              73.80192508737683,
              20.207437011412885
            ],
            [
              73.80192508737683,
              20.207431978494814
            ],
            [
              73.80193045259436,
              20.207431978494814
            ],
            [
              73.80193045259436,
              20.207437011412885
            ],
            [
              73.80192508737683,
              20.207437011412885
            ]
          ]
        ]
      }
    },
    {
      "type": "Feature",
      "properties": {
        "area": 0.0,
        "crop": "Cabbage"
      },
      "geometry": {
        "type": "Polygon",
        "coordinates": [
          [
            [
              73.80112030474709,
              20.20742694557657
            ],
            [
              73.80112030474709,
              20.207406813901994
            ],
            [
              73.80112566996463,
              20.207406813901994
            ],
            [
              73.80112566996463,
              20.20742694557657
            ],
            [
              73.80112030474709,
              20.20742694557657
            ]
          ]
        ]
      }
    },
    {
      "type": "Feature",
      "properties": {
        "area": 0.0,
        "crop": "Onion Green"
      },
      "geometry": {
        "type": "Polygon",
        "coordinates": [
          [
            [
              73.801957278682,
              20.20742191265817
            ],
            [
              73.801957278682,
              20.2074168797396
            ],
            [
              73.80196264389956,
              20.2074168797396
            ],
            [
              73.80196264389956,
              20.20742191265817
            ],
            [
              73.801957278682,
              20.20742191265817
            ]
          ]
        ]
      }
    },
    {
      "type": "Feature",
      "properties": {
        "area": 0.0,
        "crop": "Tomato"
      },
      "geometry": {
        "type": "Polygon",
        "coordinates": [
          [
            [
              73.80187143520152,
              20.2074168797396
            ],
            [
              73.80187143520152,
              20.20740178098294
            ],
            [
              73.80188753085412,
              20.207406813901994
            ],
            [
              73.80188753085412,
              20.2074168797396
            ],
            [
              73.80187143520152,
              20.2074168797396
            ]
          ]
        ]
      }
    },
    {
      "type": "Feature",
      "properties": {
        "area": 0.0,
        "crop": "Bottle gourd"
      },
      "geometry": {
        "type": "Polygon",
        "coordinates": [
          [
            [
              73.80196800911709,
              20.2074168797396
            ],
            [
              73.80196800911709,
              20.207411846820886
            ],
            [
              73.8019733743346,
              20.207411846820886
            ],
            [
              73.8019733743346,
              20.2074168797396
            ],
            [
              73.80196800911709,
              20.2074168797396
            ]
          ]
        ]
      }
    },
    {
      "type": "Feature",
      "properties": {
        "area": 0.0,
        "crop": "Onion"
      },
      "geometry": {
        "type": "Polygon",
        "coordinates": [
          [
            [
              73.80197873955214,
              20.207411846820886
            ],
            [
              73.80197873955214,
              20.207406813901994
            ],
            [
              73.8019894699872,
              20.207406813901994
            ],
            [
              73.8019894699872,
              20.207411846820886
            ],
            [
              73.80197873955214,
              20.207411846820886
            ]
          ]
        ]
      }
    },
    {
      "type": "Feature",
      "properties": {
        "area": 0.0,
        "crop": "Black Gram (Urd Beans)(Whole)"
      },
      "geometry": {
        "type": "Polygon",
        "coordinates": [
          [
            [
              73.80179095693853,
              20.207406813901994
            ],
            [
              73.80179095693853,
              20.20740178098294
            ],
            [
              73.80182314824373,
              20.20740178098294
            ],
            [
              73.80182314824373,
              20.207406813901994
            ],
            [
              73.80179095693853,
              20.207406813901994
            ]
          ]
        ]
      }
    },
    {
      "type": "Feature",
      "properties": {
        "area": 0.0,
        "crop": "Banana"
      },
      "geometry": {
        "type": "Polygon",
        "coordinates": [
          [
            [
              73.80202166129239,
              20.207406813901994
            ],
            [
              73.80202166129239,
              20.20740178098294
            ],
            [
              73.80202702650992,
              20.20740178098294
            ],
            [
              73.80202702650992,
              20.207406813901994
            ],
            [
              73.80202166129239,
              20.207406813901994
            ]
          ]
        ]
      }
    },
    {
      "type": "Feature",
      "properties": {
        "area": 0.0,
        "crop": "Bhindi(Ladies Finger)"
      },
      "geometry": {
        "type": "Polygon",
        "coordinates": [
          [
            [
              73.80111493952955,
              20.207391715144347
            ],
            [
              73.80111493952955,
              20.20734641886264
            ],
            [
              73.80112030474709,
              20.20734641886264
            ],
            [
              73.80112030474709,
              20.207391715144347
            ],
            [
              73.80111493952955,
              20.207391715144347
            ]
          ]
        ]
      }
    },
    {
      "type": "Feature",
      "properties": {
        "area": 0.0,
        "crop": "Onion"
      },
      "geometry": {
        "type": "Polygon",
        "coordinates": [
          [
            [
              73.80110957431204,
              20.20734641886264
            ],
            [
              73.80110957431204,
              20.207331320099133
            ],
            [
              73.80111493952955,
              20.207331320099133
            ],
            [
              73.80111493952955,
              20.20734641886264
            ],
            [
              73.80110957431204,
              20.20734641886264
            ]
          ]
        ]
      }
    },
    {
      "type": "Feature",
      "properties": {
        "area": 0.0,
        "crop": "Tomato"
      },
      "geometry": {
        "type": "Polygon",
        "coordinates": [
          [
            [
              73.80208604390276,
              20.207341385941632
            ],
            [
              73.80208604390276,
              20.20733635302047
            ],
            [
              73.8020914091203,
              20.20733635302047
            ],
            [
              73.8020914091203,
              20.207341385941632
            ],
            [
              73.80208604390276,
              20.207341385941632
            ]
          ]
        ]
      }
    },
    {
      "type": "Feature",
      "properties": {
        "area": 0.0,
        "crop": "Lime"
      },
      "geometry": {
        "type": "Polygon",
        "coordinates": [
          [
            [
              73.80211823520797,
              20.20733635302047
            ],
            [
              73.80211823520797,
              20.207331320099133
            ],
            [
              73.80212360042549,
              20.207331320099133
            ],
            [
              73.80212360042549,
              20.20733635302047
            ],
            [
              73.80211823520797,
              20.20733635302047
            ]
          ]
        ]
      }
    },
    {
      "type": "Feature",
      "properties": {
        "area": 0.0,
        "crop": "Papaya"
      },
      "geometry": {
        "type": "Polygon",
        "coordinates": [
          [
            [
              73.80110420909449,
              20.207316221334175
            ],
            [
              73.80110420909449,
              20.207306155490045
            ],
            [
              73.80110957431204,
              20.207306155490045
            ],
            [
              73.80110957431204,
              20.207316221334175
            ],
            [
              73.80110420909449,
              20.207316221334175
            ]
          ]
        ]
      }
    },
    {
      "type": "Feature",
      "properties": {
        "area": 4.57,
        "crop": "Jowar(Sorghum)"
      },
      "geometry": {
        "type": "Polygon",
        "coordinates": [
          [
            [
              73.80222553955859,
              20.208790860465587
            ],
            [
              73.80302495697079,
              20.208649939923664
            ],
            [
              73.80272450478903,
              20.207275957953772
            ],
            [
              73.8018016873736,
              20.20749740641709
            ],
            [
              73.80222553955859,
              20.208790860465587
            ]
          ]
        ]
      }
    },
    {
      "type": "Feature",
      "properties": {
        "area": 0.0,
        "crop": "Arhar (Tur/Red Gram)(Whole)"
      },
      "geometry": {
        "type": "Polygon",
        "coordinates": [
          [
            [
              73.80109884387696,
              20.20729608964527
            ],
            [
              73.80109884387696,
              20.207275957953772
            ],
            [
              73.80110420909449,
              20.207275957953772
            ],
            [
              73.80110420909449,
              20.20729608964527
            ],
            [
              73.80109884387696,
              20.20729608964527
            ]
          ]
        ]
      }
    },
    {
      "type": "Feature",
      "properties": {
        "area": 0.0,
        "crop": "Beetroot"
      },
      "geometry": {
        "type": "Polygon",
        "coordinates": [
          [
            [
              73.80109347865944,
              20.207275957953772
            ],
            [
              73.80109347865944,
              20.20726085918344
            ],
            [
              73.80109884387696,
              20.20726085918344
            ],
            [
              73.80109884387696,
              20.207275957953772
            ],
            [
              73.80109347865944,
              20.207275957953772
            ]
          ]
        ]
      }
    },
    {
      "type": "Feature",
      "properties": {
        "area": 0.0,
        "crop": "Chikoos(Sapota)"
      },
      "geometry": {
        "type": "Polygon",
        "coordinates": [
          [
            [
              73.80108811344192,
              20.207240727487385
            ],
            [
              73.80108811344192,
              20.207200464087453
            ],
            [
              73.80109347865944,
              20.207200464087453
            ],
            [
              73.80109347865944,
              20.207240727487385
            ],
            [
              73.80108811344192,
              20.207240727487385
            ]
          ]
        ]
      }
    },
    {
      "type": "Feature",
      "properties": {
        "area": 0.0,
        "crop": "Beans"
      },
      "geometry": {
        "type": "Polygon",
        "coordinates": [
          [
            [
              73.80108274822439,
              20.207180332383587
            ],
            [
              73.80108274822439,
              20.207175299457212
            ],
            [
              73.80108811344192,
              20.207175299457212
            ],
            [
              73.80108811344192,
              20.207180332383587
            ],
            [
              73.80108274822439,
              20.207180332383587
            ]
          ]
        ]
      }
    },
    {
      "type": "Feature",
      "properties": {
        "area": 0.0,
        "crop": "Arhar (Tur/Red Gram)(Whole)"
      },
      "geometry": {
        "type": "Polygon",
        "coordinates": [
          [
            [
              73.80107201778932,
              20.207119937256365
            ],
            [
              73.80107201778932,
              20.20710483847089
            ],
            [
              73.80107738300684,
              20.20710483847089
            ],
            [
              73.80107738300684,
              20.207119937256365
            ],
            [
              73.80107201778932,
              20.207119937256365
            ]
          ]
        ]
      }
    },
    {
      "type": "Feature",
      "properties": {
        "area": 1.05,
        "crop": "Maize"
      },
      "geometry": {
        "type": "Polygon",
        "coordinates": [
          [
            [
              73.79966633079606,
              20.207995664307706
            ],
            [
              73.79996141776029,
              20.207879907566248
            ],
            [
              73.79979509601682,
              20.207014245727336
            ],
            [
              73.79947854818245,
              20.20708973968396
            ],
            [
              73.79966633079606,
              20.207995664307706
            ]
          ]
        ]
      }
    },
    {
      "type": "Feature",
      "properties": {
        "area": 0.0,
        "crop": "Carrot"
      },
      "geometry": {
        "type": "Polygon",
        "coordinates": [
          [
            [
              73.80346490480838,
              20.207009212795583
            ],
            [
              73.80346490480838,
              20.207004179863677
            ],
            [
              73.80347563524343,
              20.207004179863677
            ],
            [
              73.80347563524343,
              20.207009212795583
            ],
            [
              73.80346490480838,
              20.207009212795583
            ]
          ]
        ]
      }
    },
    {
      "type": "Feature",
      "properties": {
        "area": 0.0,
        "crop": "Peas Wet"
      },
      "geometry": {
        "type": "Polygon",
        "coordinates": [
          [
            [
              73.80344880915578,
              20.207004179863677
            ],
            [
              73.80344880915578,
              20.206999146931604
            ],
            [
              73.80345953959085,
              20.206999146931604
            ],
            [
              73.80345953959085,
              20.207004179863677
            ],
            [
              73.80344880915578,
              20.207004179863677
            ]
          ]
        ]
      }
    },
    {
      "type": "Feature",
      "properties": {
        "area": 0.0,
        "crop": "Mango (Raw-Ripe)"
      },
      "geometry": {
        "type": "Polygon",
        "coordinates": [
          [
            [
              73.80348636567851,
              20.207004179863677
            ],
            [
              73.80348636567851,
              20.206999146931604
            ],
            [
              73.80349709611355,
              20.206999146931604
            ],
            [
              73.80349709611355,
              20.207004179863677
            ],
            [
              73.80348636567851,
              20.207004179863677
            ]
          ]
        ]
      }
    },
    {
      "type": "Feature",
      "properties": {
        "area": 1.61,
        "crop": "Bajra(Pearl Millet/Cumbu)"
      },
      "geometry": {
        "type": "Polygon",
        "coordinates": [
          [
            [
              73.80296593957794,
              20.207648393825085
            ],
            [
              73.80381364394792,
              20.207552768483698
            ],
            [
              73.80382437438298,
              20.207024311590338
            ],
            [
              73.80288009609743,
              20.207190398235838
            ],
            [
              73.80296593957794,
              20.207648393825085
            ]
          ]
        ]
      }
    },
    {
      "type": "Feature",
      "properties": {
        "area": 0.73,
        "crop": "Rice"
      },
      "geometry": {
        "type": "Polygon",
        "coordinates": [
          [
            [
              73.8005247656011,
              20.207749052015735
            ],
            [
              73.80079302647768,
              20.207673558378858
            ],
            [
              73.80067499169198,
              20.20698404813443
            ],
            [
              73.80040136559788,
              20.20703437745268
            ],
            [
              73.8005247656011,
              20.207749052015735
            ]
          ]
        ]
      }
    },
    {
      "type": "Feature",
      "properties": {
        "area": 0.59,
        "crop": "Jute"
      },
      "geometry": {
        "type": "Polygon",
        "coordinates": [
          [
            [
              73.80080912213026,
              20.207668525468435
            ],
            [
              73.80104519170165,
              20.207598064705373
            ],
            [
              73.80094325256856,
              20.2069790152017
            ],
            [
              73.80070181777964,
              20.207009212795583
            ],
            [
              73.80080912213026,
              20.207668525468435
            ]
          ]
        ]
      }
    },
    {
      "type": "Feature",
      "properties": {
        "area": 0.0,
        "crop": "Brinjal"
      },
      "geometry": {
        "type": "Polygon",
        "coordinates": [
          [
            [
              73.80344344393824,
              20.206999146931604
            ],
            [
              73.80344344393824,
              20.20699411399938
            ],
            [
              73.80344880915578,
              20.20699411399938
            ],
            [
              73.80344880915578,
              20.206999146931604
            ],
            [
              73.80344344393824,
              20.206999146931604
            ]
          ]
        ]
      }
    },
    {
      "type": "Feature",
      "properties": {
        "area": 0.0,
        "crop": "Bottle gourd"
      },
      "geometry": {
        "type": "Polygon",
        "coordinates": [
          [
            [
              73.80351319176616,
              20.206999146931604
            ],
            [
              73.80351319176616,
              20.20699411399938
            ],
            [
              73.80352392220122,
              20.20699411399938
            ],
            [
              73.80352392220122,
              20.206999146931604
            ],
            [
              73.80351319176616,
              20.206999146931604
            ]
          ]
        ]
      }
    },
    {
      "type": "Feature",
      "properties": {
        "area": 0.0,
        "crop": "Grapes"
      },
      "geometry": {
        "type": "Polygon",
        "coordinates": [
          [
            [
              73.80355074828887,
              20.20699411399938
            ],
            [
              73.80355074828887,
              20.20698908106699
            ],
            [
              73.803572209159,
              20.20698908106699
            ],
            [
              73.803572209159,
              20.20699411399938
            ],
            [
              73.80355074828887,
              20.20699411399938
            ]
          ]
        ]
      }
    },
    {
      "type": "Feature",
      "properties": {
        "area": 0.0,
        "crop": "Black Gram (Urd Beans)(Whole)"
      },
      "geometry": {
        "type": "Polygon",
        "coordinates": [
          [
            [
              73.80358293959408,
              20.20698908106699
            ],
            [
              73.80358293959408,
              20.20698404813443
            ],
            [
              73.80359367002913,
              20.20698404813443
            ],
            [
              73.80359367002913,
              20.20698908106699
            ],
            [
              73.80358293959408,
              20.20698908106699
            ]
          ]
        ]
      }
    },
    {
      "type": "Feature",
      "properties": {
        "area": 0.0,
        "crop": "Guava"
      },
      "geometry": {
        "type": "Polygon",
        "coordinates": [
          [
            [
              73.80359903524666,
              20.20698404813443
            ],
            [
              73.80359903524666,
              20.2069790152017
            ],
            [
              73.80361513089925,
              20.2069790152017
            ],
            [
              73.80361513089925,
              20.20698404813443
            ],
            [
              73.80359903524666,
              20.20698404813443
            ]
          ]
        ]
      }
    },
    {
      "type": "Feature",
      "properties": {
        "area": 0.0,
        "crop": "Lime"
      },
      "geometry": {
        "type": "Polygon",
        "coordinates": [
          [
            [
              73.80362049611678,
              20.2069790152017
            ],
            [
              73.80362049611678,
              20.20697398226882
            ],
            [
              73.80363659176938,
              20.20697398226882
            ],
            [
              73.80363659176938,
              20.2069790152017
            ],
            [
              73.80362049611678,
              20.2069790152017
            ]
          ]
        ]
      }
    },
    {
      "type": "Feature",
      "properties": {
        "area": 0.0,
        "crop": "Bitter gourd"
      },
      "geometry": {
        "type": "Polygon",
        "coordinates": [
          [
            [
              73.80363659176938,
              20.20697398226882
            ],
            [
              73.80363659176938,
              20.206968949335778
            ],
            [
              73.80365268742199,
              20.206968949335778
            ],
            [
              73.80365268742199,
              20.20697398226882
            ],
            [
              73.80363659176938,
              20.20697398226882
            ]
          ]
        ]
      }
    },
    {
      "type": "Feature",
      "properties": {
        "area": 0.0,
        "crop": "Pomegranate"
      },
      "geometry": {
        "type": "Polygon",
        "coordinates": [
          [
            [
              73.80365268742199,
              20.206968949335778
            ],
            [
              73.80365268742199,
              20.206963916402565
            ],
            [
              73.80366341785705,
              20.206963916402565
            ],
            [
              73.80366341785705,
              20.206968949335778
            ],
            [
              73.80365268742199,
              20.206968949335778
            ]
          ]
        ]
      }
    },
    {
      "type": "Feature",
      "properties": {
        "area": 0.0,
        "crop": "Potato"
      },
      "geometry": {
        "type": "Polygon",
        "coordinates": [
          [
            [
              73.80366341785705,
              20.206963916402565
            ],
            [
              73.80366341785705,
              20.206958883469202
            ],
            [
              73.80367951350964,
              20.206958883469202
            ],
            [
              73.80367951350964,
              20.206963916402565
            ],
            [
              73.80366341785705,
              20.206963916402565
            ]
          ]
        ]
      }
    },
    {
      "type": "Feature",
      "properties": {
        "area": 1.09,
        "crop": "Jowar(Sorghum)"
      },
      "geometry": {
        "type": "Polygon",
        "coordinates": [
          [
            [
              73.79886154816633,
              20.207910104985356
            ],
            [
              73.79919419165329,
              20.207829578521373
            ],
            [
              73.79896885251695,
              20.206933718799903
            ],
            [
              73.79867913077025,
              20.207009212795583
            ],
            [
              73.79886154816633,
              20.207910104985356
            ]
          ]
        ]
      }
    },
    {
      "type": "Feature",
      "properties": {
        "area": 0.0,
        "crop": "Papaya"
      },
      "geometry": {
        "type": "Polygon",
        "coordinates": [
          [
            [
              73.80367951350964,
              20.206958883469202
            ],
            [
              73.80367951350964,
              20.206953850535665
            ],
            [
              73.80369024394469,
              20.206953850535665
            ],
            [
              73.80369024394469,
              20.206958883469202
            ],
            [
              73.80367951350964,
              20.206958883469202
            ]
          ]
        ]
      }
    },
    {
      "type": "Feature",
      "properties": {
        "area": 0.0,
        "crop": "Guava"
      },
      "geometry": {
        "type": "Polygon",
        "coordinates": [
          [
            [
              73.80369560916223,
              20.206953850535665
            ],
            [
              73.80369560916223,
              20.206948817601962
            ],
            [
              73.8037063395973,
              20.206948817601962
            ],
            [
              73.8037063395973,
              20.206953850535665
            ],
            [
              73.80369560916223,
              20.206953850535665
            ]
          ]
        ]
      }
    },
    {
      "type": "Feature",
      "properties": {
        "area": 0.0,
        "crop": "Cauliflower"
      },
      "geometry": {
        "type": "Polygon",
        "coordinates": [
          [
            [
              73.80371707003236,
              20.206948817601962
            ],
            [
              73.80371707003236,
              20.20694378466811
            ],
            [
              73.8037278004674,
              20.20694378466811
            ],
            [
              73.8037278004674,
              20.206948817601962
            ],
            [
              73.80371707003236,
              20.206948817601962
            ]
          ]
        ]
      }
    },
    {
      "type": "Feature",
      "properties": {
        "area": 0.0,
        "crop": "Beans"
      },
      "geometry": {
        "type": "Polygon",
        "coordinates": [
          [
            [
              73.80373853090249,
              20.20694378466811
            ],
            [
              73.80373853090249,
              20.20693875173409
            ],
            [
              73.80374389612,
              20.20693875173409
            ],
            [
              73.80374389612,
              20.20694378466811
            ],
            [
              73.80373853090249,
              20.20694378466811
            ]
          ]
        ]
      }
    },
    {
      "type": "Feature",
      "properties": {
        "area": 0.0,
        "crop": "Lime"
      },
      "geometry": {
        "type": "Polygon",
        "coordinates": [
          [
            [
              73.80374926133754,
              20.20693875173409
            ],
            [
              73.80374926133754,
              20.206933718799903
            ],
            [
              73.80375462655508,
              20.206933718799903
            ],
            [
              73.80375462655508,
              20.20693875173409
            ],
            [
              73.80374926133754,
              20.20693875173409
            ]
          ]
        ]
      }
    },
    {
      "type": "Feature",
      "properties": {
        "area": 0.0,
        "crop": "Bhindi(Ladies Finger)"
      },
      "geometry": {
        "type": "Polygon",
        "coordinates": [
          [
            [
              73.80375999177261,
              20.206933718799903
            ],
            [
              73.80375999177261,
              20.206928685865552
            ],
            [
              73.80376535699014,
              20.206928685865552
            ],
            [
              73.80376535699014,
              20.206933718799903
            ],
            [
              73.80375999177261,
              20.206933718799903
            ]
          ]
        ]
      }
    },
    {
      "type": "Feature",
      "properties": {
        "area": 1.73,
        "crop": "Bajra(Pearl Millet/Cumbu)"
      },
      "geometry": {
        "type": "Polygon",
        "coordinates": [
          [
            [
              73.7973270959523,
              20.207759117831216
            ],
            [
              73.79791726988078,
              20.207663492557842
            ],
            [
              73.79778313944249,
              20.20688842238492
            ],
            [
              73.79716613942638,
              20.206933718799903
            ],
            [
              73.7973270959523,
              20.207759117831216
            ]
          ]
        ]
      }
    },
    {
      "type": "Feature",
      "properties": {
        "area": 0.6,
        "crop": "Paddy(Dhan)(Common)"
      },
      "geometry": {
        "type": "Polygon",
        "coordinates": [
          [
            [
              73.79682276550436,
              20.20739674806373
            ],
            [
              73.79719833073155,
              20.20735648470416
            ],
            [
              73.79711248725106,
              20.206923652931046
            ],
            [
              73.79674765245892,
              20.206963916402565
            ],
            [
              73.79682276550436,
              20.20739674806373
            ]
          ]
        ]
      }
    },
    {
      "type": "Feature",
      "properties": {
        "area": 1.49,
        "crop": "Jowar(Sorghum)"
      },
      "geometry": {
        "type": "Polygon",
        "coordinates": [
          [
            [
              73.80004189602327,
              20.207869841758576
            ],
            [
              73.80047111342579,
              20.207769183646057
            ],
            [
              73.80029942646478,
              20.206873323576996
            ],
            [
              73.79985411340967,
              20.206928685865552
            ],
            [
              73.80004189602327,
              20.207869841758576
            ]
          ]
        ]
      }
    },
    {
      "type": "Feature",
      "properties": {
        "area": 1.92,
        "crop": "Rice"
      },
      "geometry": {
        "type": "Polygon",
        "coordinates": [
          [
            [
              73.79796555683858,
              20.207688657109156
            ],
            [
              73.79864157424754,
              20.2076181963552
            ],
            [
              73.79853426989689,
              20.20684815889386
            ],
            [
              73.79783142640028,
              20.20689345532057
            ],
            [
              73.79796555683858,
              20.207688657109156
            ]
          ]
        ]
      }
    },
    {
      "type": "Feature",
      "properties": {
        "area": 0.21,
        "crop": "Jowar(Sorghum)"
      },
      "geometry": {
        "type": "Polygon",
        "coordinates": [
          [
            [
              73.80041746125048,
              20.20699411399938
            ],
            [
              73.80066962647446,
              20.206958883469202
            ],
            [
              73.80065353082186,
              20.206772664820072
            ],
            [
              73.8003906351628,
              20.206772664820072
            ],
            [
              73.80041746125048,
              20.20699411399938
            ]
          ]
        ]
      }
    },
    {
      "type": "Feature",
      "properties": {
        "area": 2.2,
        "crop": "Bajra(Pearl Millet/Cumbu)"
      },
      "geometry": {
        "type": "Polygon",
        "coordinates": [
          [
            [
              73.79583020026102,
              20.207764150738708
            ],
            [
              73.79583020026102,
              20.20679782951541
            ],
            [
              73.79651694810505,
              20.206712269534684
            ],
            [
              73.79652231332258,
              20.207648393825085
            ],
            [
              73.79583020026102,
              20.207764150738708
            ]
          ]
        ]
      }
    },
    {
      "type": "Feature",
      "properties": {
        "area": 1.47,
        "crop": "Jute"
      },
      "geometry": {
        "type": "Polygon",
        "coordinates": [
          [
            [
              73.7992639394812,
              20.207849710141282
            ],
            [
              73.799575122098,
              20.207759117831216
            ],
            [
              73.79931222643899,
              20.206636775394998
            ],
            [
              73.79899031338708,
              20.206707236593182
            ],
            [
              73.7992639394812,
              20.207849710141282
            ]
          ]
        ]
      }
    },
    {
      "type": "Feature",
      "properties": {
        "area": 0.86,
        "crop": "Jute"
      },
      "geometry": {
        "type": "Polygon",
        "coordinates": [
          [
            [
              73.79667253941348,
              20.206933718799903
            ],
            [
              73.79754170465358,
              20.20684815889386
            ],
            [
              73.79752560900099,
              20.20657638005688
            ],
            [
              73.79665107854333,
              20.206677038940715
            ],
            [
              73.79667253941348,
              20.206933718799903
            ]
          ]
        ]
      }
    },
    {
      "type": "Feature",
      "properties": {
        "area": 3.42,
        "crop": "Rice"
      },
      "geometry": {
        "type": "Polygon",
        "coordinates": [
          [
            [
              73.80125443518538,
              20.207532636825388
            ],
            [
              73.80235966999689,
              20.207265892107046
            ],
            [
              73.80228455695143,
              20.206762598940802
            ],
            [
              73.8024669743475,
              20.20661161067363
            ],
            [
              73.80201093085734,
              20.206546182379046
            ],
            [
              73.80103982648413,
              20.206697170709674
            ],
            [
              73.80112566996463,
              20.20746217600081
            ],
            [
              73.80125443518538,
              20.207532636825388
            ]
          ]
        ]
      }
    },
    {
      "type": "Feature",
      "properties": {
        "area": 0.0,
        "crop": "Grapes"
      },
      "geometry": {
        "type": "Polygon",
        "coordinates": [
          [
            [
              73.80211823520797,
              20.206521017643027
            ],
            [
              73.80211823520797,
              20.206515984695336
            ],
            [
              73.80212360042549,
              20.206515984695336
            ],
            [
              73.80212360042549,
              20.206521017643027
            ],
            [
              73.80211823520797,
              20.206521017643027
            ]
          ]
        ]
      }
    },
    {
      "type": "Feature",
      "properties": {
        "area": 1.16,
        "crop": "Bajra(Pearl Millet/Cumbu)"
      },
      "geometry": {
        "type": "Polygon",
        "coordinates": [
          [
            [
              73.80244551347738,
              20.207240727487385
            ],
            [
              73.80294984392535,
              20.20710483847089
            ],
            [
              73.80281571348706,
              20.206510951747482
            ],
            [
              73.8022952873865,
              20.20674750012067
            ],
            [
              73.80244551347738,
              20.207240727487385
            ]
          ]
        ]
      }
    },
    {
      "type": "Feature",
      "properties": {
        "area": 0.46,
        "crop": "Groundnut"
      },
      "geometry": {
        "type": "Polygon",
        "coordinates": [
          [
            [
              73.7987220525105,
              20.206948817601962
            ],
            [
              73.79897958295201,
              20.20688842238492
            ],
            [
              73.79889373947152,
              20.206495852902947
            ],
            [
              73.79855573076703,
              20.2065562482723
            ],
            [
              73.7987220525105,
              20.206948817601962
            ]
          ]
        ]
      }
    },
    {
      "type": "Feature",
      "properties": {
        "area": 0.0,
        "crop": "Onion"
      },
      "geometry": {
        "type": "Polygon",
        "coordinates": [
          [
            [
              73.8020914091203,
              20.206515984695336
            ],
            [
              73.8020914091203,
              20.206510951747482
            ],
            [
              73.80209677433783,
              20.206510951747482
            ],
            [
              73.80209677433783,
              20.206515984695336
            ],
            [
              73.8020914091203,
              20.206515984695336
            ]
          ]
        ]
      }
    },
    {
      "type": "Feature",
      "properties": {
        "area": 0.49,
        "crop": "Castor Seed"
      },
      "geometry": {
        "type": "Polygon",
        "coordinates": [
          [
            [
              73.79763827856914,
              20.206828027144436
            ],
            [
              73.7980567655366,
              20.206777697759463
            ],
            [
              73.79802457423142,
              20.206490819954436
            ],
            [
              73.79758999161136,
              20.206541149432155
            ],
            [
              73.79763827856914,
              20.206828027144436
            ]
          ]
        ]
      }
    },
    {
      "type": "Feature",
      "properties": {
        "area": 0.43,
        "crop": "Arhar (Tur/Red Gram)(Whole)"
      },
      "geometry": {
        "type": "Polygon",
        "coordinates": [
          [
            [
              73.8007125482147,
              20.20691861999637
            ],
            [
              73.80096471343869,
              20.206863257704224
            ],
            [
              73.80088960039325,
              20.206435457510157
            ],
            [
              73.80063743516925,
              20.20648075405695
            ],
            [
              73.8007125482147,
              20.20691861999637
            ]
          ]
        ]
      }
    },
    {
      "type": "Feature",
      "properties": {
        "area": 0.56,
        "crop": "Sesamum(Sesame,Gingelly,Til)"
      },
      "geometry": {
        "type": "Polygon",
        "coordinates": [
          [
            [
              73.7981587046697,
              20.20682299420667
            ],
            [
              73.79852353946184,
              20.206757566000924
            ],
            [
              73.79845915685145,
              20.20640525980498
            ],
            [
              73.7980728611892,
              20.206450556360554
            ],
            [
              73.7981587046697,
              20.20682299420667
            ]
          ]
        ]
      }
    },
    {
      "type": "Feature",
      "properties": {
        "area": 1.0,
        "crop": "Jute"
      },
      "geometry": {
        "type": "Polygon",
        "coordinates": [
          [
            [
              73.80301959175326,
              20.207109871399545
            ],
            [
              73.80344344393824,
              20.207004179863677
            ],
            [
              73.80334150480515,
              20.206410292756253
            ],
            [
              73.80288009609743,
              20.20648578700578
            ],
            [
              73.80301959175326,
              20.207109871399545
            ]
          ]
        ]
      }
    },
    {
      "type": "Feature",
      "properties": {
        "area": 0.0,
        "crop": "Tender Coconut"
      },
      "geometry": {
        "type": "Polygon",
        "coordinates": [
          [
            [
              73.80338979176294,
              20.206400226853546
            ],
            [
              73.80338979176294,
              20.20639519390195
            ],
            [
              73.80340052219799,
              20.20639519390195
            ],
            [
              73.80340052219799,
              20.206400226853546
            ],
            [
              73.80338979176294,
              20.206400226853546
            ]
          ]
        ]
      }
    },
    {
      "type": "Feature",
      "properties": {
        "area": 0.0,
        "crop": "Cabbage"
      },
      "geometry": {
        "type": "Polygon",
        "coordinates": [
          [
            [
              73.80350782654862,
              20.206400226853546
            ],
            [
              73.80350782654862,
              20.20639519390195
            ],
            [
              73.80354538307134,
              20.20639519390195
            ],
            [
              73.80354538307134,
              20.206400226853546
            ],
            [
              73.80350782654862,
              20.206400226853546
            ]
          ]
        ]
      }
    },
    {
      "type": "Feature",
      "properties": {
        "area": 0.78,
        "crop": "Jowar(Sorghum)"
      },
      "geometry": {
        "type": "Polygon",
        "coordinates": [
          [
            [
              73.80345953959085,
              20.207004179863677
            ],
            [
              73.80381900916545,
              20.20690855412654
            ],
            [
              73.80373853090249,
              20.206385127998267
            ],
            [
              73.80334687002268,
              20.206415325707354
            ],
            [
              73.80345953959085,
              20.207004179863677
            ]
          ]
        ]
      }
    },
    {
      "type": "Feature",
      "properties": {
        "area": 0.0,
        "crop": "Apple"
      },
      "geometry": {
        "type": "Polygon",
        "coordinates": [
          [
            [
              73.80341125263307,
              20.20639519390195
            ],
            [
              73.80341125263307,
              20.2063901609502
            ],
            [
              73.80343271350318,
              20.2063901609502
            ],
            [
              73.80343271350318,
              20.20639519390195
            ],
            [
              73.80341125263307,
              20.20639519390195
            ]
          ]
        ]
      }
    },
    {
      "type": "Feature",
      "properties": {
        "area": 0.0,
        "crop": "Chikoos(Sapota)"
      },
      "geometry": {
        "type": "Polygon",
        "coordinates": [
          [
            [
              73.80354538307134,
              20.20639519390195
            ],
            [
              73.80354538307134,
              20.2063901609502
            ],
            [
              73.80355074828887,
              20.2063901609502
            ],
            [
              73.80355074828887,
              20.20639519390195
            ],
            [
              73.80354538307134,
              20.20639519390195
            ]
          ]
        ]
      }
    },
    {
      "type": "Feature",
      "properties": {
        "area": 0.0,
        "crop": "Lime"
      },
      "geometry": {
        "type": "Polygon",
        "coordinates": [
          [
            [
              73.80347563524343,
              20.20639519390195
            ],
            [
              73.80350246133109,
              20.2063901609502
            ],
            [
              73.8034380787207,
              20.206385127998267
            ],
            [
              73.8034380787207,
              20.2063901609502
            ],
            [
              73.80347563524343,
              20.20639519390195
            ]
          ]
        ]
      }
    },
    {
      "type": "Feature",
      "properties": {
        "area": 0.0,
        "crop": "Chikoos(Sapota)"
      },
      "geometry": {
        "type": "Polygon",
        "coordinates": [
          [
            [
              73.8035561135064,
              20.2063901609502
            ],
            [
              73.8035561135064,
              20.206385127998267
            ],
            [
              73.80356147872394,
              20.206385127998267
            ],
            [
              73.80356147872394,
              20.2063901609502
            ],
            [
              73.8035561135064,
              20.2063901609502
            ]
          ]
        ]
      }
    },
    {
      "type": "Feature",
      "properties": {
        "area": 0.0,
        "crop": "Tender Coconut"
      },
      "geometry": {
        "type": "Polygon",
        "coordinates": [
          [
            [
              73.80372243524988,
              20.206385127998267
            ],
            [
              73.80372243524988,
              20.206380095046182
            ],
            [
              73.8037278004674,
              20.206380095046182
            ],
            [
              73.8037278004674,
              20.206385127998267
            ],
            [
              73.80372243524988,
              20.206385127998267
            ]
          ]
        ]
      }
    },
    {
      "type": "Feature",
      "properties": {
        "area": 0.0,
        "crop": "Tomato"
      },
      "geometry": {
        "type": "Polygon",
        "coordinates": [
          [
            [
              73.80360976568173,
              20.206380095046182
            ],
            [
              73.80360976568173,
              20.206375062093937
            ],
            [
              73.80365268742199,
              20.206375062093937
            ],
            [
              73.80365268742199,
              20.206380095046182
            ],
            [
              73.80360976568173,
              20.206380095046182
            ]
          ]
        ]
      }
    },
    {
      "type": "Feature",
      "properties": {
        "area": 0.0,
        "crop": "Mango (Raw-Ripe)"
      },
      "geometry": {
        "type": "Polygon",
        "coordinates": [
          [
            [
              73.80369024394469,
              20.206380095046182
            ],
            [
              73.80369024394469,
              20.206375062093937
            ],
            [
              73.80371170481483,
              20.206375062093937
            ],
            [
              73.80371170481483,
              20.206380095046182
            ],
            [
              73.80369024394469,
              20.206380095046182
            ]
          ]
        ]
      }
    },
    {
      "type": "Feature",
      "properties": {
        "area": 0.09,
        "crop": "Carrot"
      },
      "geometry": {
        "type": "Polygon",
        "coordinates": [
          [
            [
              73.79855036554949,
              20.20650088585129
            ],
            [
              73.79873278294556,
              20.206460622260003
            ],
            [
              73.79866840033519,
              20.20631969960849
            ],
            [
              73.79851817424432,
              20.20639519390195
            ],
            [
              73.79855036554949,
              20.20650088585129
            ]
          ]
        ]
      }
    },
    {
      "type": "Feature",
      "properties": {
        "area": 0.34,
        "crop": "Bengal Gram(Gram)(Whole)"
      },
      "geometry": {
        "type": "Polygon",
        "coordinates": [
          [
            [
              73.79905469599747,
              20.206651874225862
            ],
            [
              73.79932832209155,
              20.206591478893603
            ],
            [
              73.7992639394812,
              20.2062492382349
            ],
            [
              73.79902786990979,
              20.2063046007454
            ],
            [
              73.79905469599747,
              20.206651874225862
            ]
          ]
        ]
      }
    },
    {
      "type": "Feature",
      "properties": {
        "area": 0.06,
        "crop": "Amla(Nelli Kai)"
      },
      "geometry": {
        "type": "Polygon",
        "coordinates": [
          [
            [
              73.79895275686437,
              20.206440490460455
            ],
            [
              73.79901713947474,
              20.206375062093937
            ],
            [
              73.79889373947152,
              20.206274403014834
            ],
            [
              73.79889910468904,
              20.206400226853546
            ],
            [
              73.79895275686437,
              20.206440490460455
            ]
          ]
        ]
      }
    },
    {
      "type": "Feature",
      "properties": {
        "area": 0.92,
        "crop": "Bajra(Pearl Millet/Cumbu)"
      },
      "geometry": {
        "type": "Polygon",
        "coordinates": [
          [
            [
              73.79947318296493,
              20.207024311590338
            ],
            [
              73.79978973079929,
              20.206968949335778
            ],
            [
              73.799575122098,
              20.206208974578523
            ],
            [
              73.79930149600392,
              20.206269370059168
            ],
            [
              73.79947318296493,
              20.207024311590338
            ]
          ]
        ]
      }
    },
    {
      "type": "Feature",
      "properties": {
        "area": 0.07,
        "crop": "Brinjal"
      },
      "geometry": {
        "type": "Polygon",
        "coordinates": [
          [
            [
              73.79674765245892,
              20.206183809787998
            ],
            [
              73.79687641767967,
              20.20617374387065
            ],
            [
              73.79687105246214,
              20.20606301873687
            ],
            [
              73.79671546115371,
              20.20606301873687
            ],
            [
              73.79674765245892,
              20.206183809787998
            ]
          ]
        ]
      }
    },
    {
      "type": "Feature",
      "properties": {
        "area": 1.38,
        "crop": "Jute"
      },
      "geometry": {
        "type": "Polygon",
        "coordinates": [
          [
            [
              73.7998809394973,
              20.206858224767604
            ],
            [
              73.80033161776996,
              20.206807895392398
            ],
            [
              73.80021358298427,
              20.206002623176158
            ],
            [
              73.79969852210124,
              20.206198908662802
            ],
            [
              73.7998809394973,
              20.206858224767604
            ]
          ]
        ]
      }
    },
    {
      "type": "Feature",
      "properties": {
        "area": 0.0,
        "crop": "Banana"
      },
      "geometry": {
        "type": "Polygon",
        "coordinates": [
          [
            [
              73.8019894699872,
              20.20597242538701
            ],
            [
              73.8019894699872,
              20.205962359456006
            ],
            [
              73.80199483520474,
              20.205962359456006
            ],
            [
              73.80199483520474,
              20.20597242538701
            ],
            [
              73.8019894699872,
              20.20597242538701
            ]
          ]
        ]
      }
    },
    {
      "type": "Feature",
      "properties": {
        "area": 0.73,
        "crop": "Maize"
      },
      "geometry": {
        "type": "Polygon",
        "coordinates": [
          [
            [
              73.80040136559788,
              20.206757566000924
            ],
            [
              73.80063206995173,
              20.206712269534684
            ],
            [
              73.80051940038358,
              20.205912029791154
            ],
            [
              73.80026723515958,
              20.205962359456006
            ],
            [
              73.80040136559788,
              20.206757566000924
            ]
          ]
        ]
      }
    },
    {
      "type": "Feature",
      "properties": {
        "area": 0.0,
        "crop": "Amla(Nelli Kai)"
      },
      "geometry": {
        "type": "Polygon",
        "coordinates": [
          [
            [
              73.80198410476967,
              20.20594726055826
            ],
            [
              73.80198410476967,
              20.20593216165905
            ],
            [
              73.8019894699872,
              20.20593216165905
            ],
            [
              73.8019894699872,
              20.20594726055826
            ],
            [
              73.80198410476967,
              20.20594726055826
            ]
          ]
        ]
      }
    },
    {
      "type": "Feature",
      "properties": {
        "area": 1.92,
        "crop": "Maize"
      },
      "geometry": {
        "type": "Polygon",
        "coordinates": [
          [
            [
              73.80248307000011,
              20.206490819954436
            ],
            [
              73.80356147872394,
              20.206329765516394
            ],
            [
              73.80360976568173,
              20.20585666714104
            ],
            [
              73.80237576564947,
              20.206088183546914
            ],
            [
              73.80248307000011,
              20.206490819954436
            ]
          ]
        ]
      }
    },
    {
      "type": "Feature",
      "properties": {
        "area": 1.67,
        "crop": "Maize"
      },
      "geometry": {
        "type": "Polygon",
        "coordinates": [
          [
            [
              73.80102909604905,
              20.206661940112294
            ],
            [
              73.80168365258791,
              20.20656631416492
            ],
            [
              73.8015119656269,
              20.20580633744203
            ],
            [
              73.80095934822116,
              20.205881831984442
            ],
            [
              73.80102909604905,
              20.206661940112294
            ]
          ]
        ]
      }
    },
    {
      "type": "Feature",
      "properties": {
        "area": 1.02,
        "crop": "Paddy(Dhan)(Common)"
      },
      "geometry": {
        "type": "Polygon",
        "coordinates": [
          [
            [
              73.79611455679019,
              20.20648075405695
            ],
            [
              73.79651694810505,
              20.206430424559706
            ],
            [
              73.7965276785401,
              20.20577613961481
            ],
            [
              73.79608773070251,
              20.20577613961481
            ],
            [
              73.79611455679019,
              20.20648075405695
            ]
          ]
        ]
      }
    },
    {
      "type": "Feature",
      "properties": {
        "area": 0.5,
        "crop": "Sunflower"
      },
      "geometry": {
        "type": "Polygon",
        "coordinates": [
          [
            [
              73.79586775678374,
              20.206475721107953
            ],
            [
              73.7960340785272,
              20.206410292756253
            ],
            [
              73.79607700026747,
              20.20577613961481
            ],
            [
              73.79583020026102,
              20.20577613961481
            ],
            [
              73.79586775678374,
              20.206475721107953
            ]
          ]
        ]
      }
    },
    {
      "type": "Feature",
      "properties": {
        "area": 0.92,
        "crop": "Jowar(Sorghum)"
      },
      "geometry": {
        "type": "Polygon",
        "coordinates": [
          [
            [
              73.80173193954569,
              20.206541149432155
            ],
            [
              73.80206458303265,
              20.206465655209488
            ],
            [
              73.80192508737683,
              20.20577613961481
            ],
            [
              73.80157634823728,
              20.205816403383142
            ],
            [
              73.80173193954569,
              20.206541149432155
            ]
          ]
        ]
      }
    },
    {
      "type": "Feature",
      "properties": {
        "area": 1.85,
        "crop": "Maize"
      },
      "geometry": {
        "type": "Polygon",
        "coordinates": [
          [
            [
              73.79693006985498,
              20.20632473256252
            ],
            [
              73.79808359162426,
              20.206128447234526
            ],
            [
              73.7980567655366,
              20.20577613961481
            ],
            [
              73.7968174002868,
              20.20577613961481
            ],
            [
              73.79693006985498,
              20.20632473256252
            ]
          ]
        ]
      }
    },
    {
      "type": "Feature",
      "properties": {
        "area": 0.3,
        "crop": "Rice"
      },
      "geometry": {
        "type": "Polygon",
        "coordinates": [
          [
            [
              73.80374389612,
              20.206309633699927
            ],
            [
              73.80383510481805,
              20.205786205557864
            ],
            [
              73.80363659176938,
              20.20577613961481
            ],
            [
              73.80365805263952,
              20.206083150585236
            ],
            [
              73.80374389612,
              20.206309633699927
            ]
          ]
        ]
      }
    },
    {
      "type": "Feature",
      "properties": {
        "area": 0.08,
        "crop": "Green Peas"
      },
      "geometry": {
        "type": "Polygon",
        "coordinates": [
          [
            [
              73.79963413949085,
              20.205912029791154
            ],
            [
              73.79979509601682,
              20.205851634171864
            ],
            [
              73.79987557427978,
              20.20577613961481
            ],
            [
              73.7995912177506,
              20.20577613961481
            ],
            [
              73.79963413949085,
              20.205912029791154
            ]
          ]
        ]
      }
    },
    {
      "type": "Feature",
      "properties": {
        "area": 0.67,
        "crop": "Safflower"
      },
      "geometry": {
        "type": "Polygon",
        "coordinates": [
          [
            [
              73.80209677433783,
              20.206515984695336
            ],
            [
              73.80234893956182,
              20.206490819954436
            ],
            [
              73.80235966999689,
              20.20635493028333
            ],
            [
              73.80221480912354,
              20.20577613961481
            ],
            [
              73.80196264389956,
              20.20577613961481
            ],
            [
              73.80209677433783,
              20.206515984695336
            ]
          ]
        ]
      }
    },
    {
      "type": "Feature",
      "properties": {
        "area": 0.62,
        "crop": "Rice"
      },
      "geometry": {
        "type": "Polygon",
        "coordinates": [
          [
            [
              73.80070718299717,
              20.20640525980498
            ],
            [
              73.80092715691595,
              20.20634486437705
            ],
            [
              73.80087350474064,
              20.20577613961481
            ],
            [
              73.80057305255889,
              20.20577613961481
            ],
            [
              73.80070718299717,
              20.20640525980498
            ]
          ]
        ]
      }
    },
    {
      "type": "Feature",
      "properties": {
        "area": 0.64,
        "crop": "Jowar(Sorghum)"
      },
      "geometry": {
        "type": "Polygon",
        "coordinates": [
          [
            [
              73.80235430477934,
              20.206027787995975
            ],
            [
              73.80299813088313,
              20.20594726055826
            ],
            [
              73.80348636567851,
              20.20577613961481
            ],
            [
              73.80227382651638,
              20.20577613961481
            ],
            [
              73.80235430477934,
              20.206027787995975
            ]
          ]
        ]
      }
    },
    {
      "type": "Feature",
      "properties": {
        "area": 0.37,
        "crop": "Arhar (Tur/Red Gram)(Whole)"
      },
      "geometry": {
        "type": "Polygon",
        "coordinates": [
          [
            [
              73.79845915685145,
              20.206068051699198
            ],
            [
              73.79883472207865,
              20.206002623176158
            ],
            [
              73.79879716555594,
              20.20577613961481
            ],
            [
              73.79837867858849,
              20.20577613961481
            ],
            [
              73.79845915685145,
              20.206068051699198
            ]
          ]
        ]
      }
    },
    {
      "type": "Feature",
      "properties": {
        "area": 0.27,
        "crop": "Green Gram (Moong)(Whole)"
      },
      "geometry": {
        "type": "Polygon",
        "coordinates": [
          [
            [
              73.79886154816633,
              20.20600765614045
            ],
            [
              73.79919955687082,
              20.20596739242159
            ],
            [
              73.79918346121822,
              20.20577613961481
            ],
            [
              73.79880253077349,
              20.20577613961481
            ],
            [
              73.79886154816633,
              20.20600765614045
            ]
          ]
        ]
      }
    },
    {
      "type": "Feature",
      "properties": {
        "area": 0.17,
        "crop": "Castor Seed"
      },
      "geometry": {
        "type": "Polygon",
        "coordinates": [
          [
            [
              73.79922638295847,
              20.20594726055826
            ],
            [
              73.79956439166297,
              20.20586170011004
            ],
            [
              73.7995912177506,
              20.20577613961481
            ],
            [
              73.79918346121822,
              20.20577613961481
            ],
            [
              73.79922638295847,
              20.20594726055826
            ]
          ]
        ]
      }
    },
    {
      "type": "Feature",
      "properties": {
        "area": 0.01,
        "crop": "Mango (Raw-Ripe)"
      },
      "geometry": {
        "type": "Polygon",
        "coordinates": [
          [
            [
              73.8022791917339,
              20.206057985774375
            ],
            [
              73.80228455695143,
              20.206032820959443
            ],
            [
              73.80225773086379,
              20.205876799016092
            ],
            [
              73.80221480912354,
              20.20577613961481
            ],
            [
              73.8022791917339,
              20.206057985774375
            ]
          ]
        ]
      }
    },
    {
      "type": "Feature",
      "properties": {
        "area": 0.15,
        "crop": "Beetroot"
      },
      "geometry": {
        "type": "Polygon",
        "coordinates": [
          [
            [
              73.80028333081218,
              20.205937194625605
            ],
            [
              73.8005247656011,
              20.205906996823774
            ],
            [
              73.80053549603618,
              20.20577613961481
            ],
            [
              73.8002028525492,
              20.20577613961481
            ],
            [
              73.80028333081218,
              20.205937194625605
            ]
          ]
        ]
      }
    },
    {
      "type": "Feature",
      "properties": {
        "area": 0.37,
        "crop": "Bajra(Pearl Millet/Cumbu)"
      },
      "geometry": {
        "type": "Polygon",
        "coordinates": [
          [
            [
              73.79826064380279,
              20.206178776829404
            ],
            [
              73.79842696554627,
              20.206098249469804
            ],
            [
              73.79836794815343,
              20.20577613961481
            ],
            [
              73.7980567655366,
              20.20577613961481
            ],
            [
              73.79812651336451,
              20.206133480194758
            ],
            [
              73.79826064380279,
              20.206178776829404
            ]
          ]
        ]
      }
    },
    {
      "type": "Feature",
      "properties": {
        "area": 0.01,
        "crop": "Green Peas"
      },
      "geometry": {
        "type": "Polygon",
        "coordinates": [
          [
            [
              73.80197873955214,
              20.205927128692316
            ],
            [
              73.80198410476967,
              20.205906996823774
            ],
            [
              73.80196264389956,
              20.20577613961481
            ],
            [
              73.8019358178119,
              20.20577613961481
            ],
            [
              73.80197873955214,
              20.205927128692316
            ]
          ]
        ]
      }
    }
  ]
}